lemma	form	tags	attested_count	pron_exact	ortho_exact	onomastic	case_evidence
detail	detailing	V;V.PTCP;PRS	6	yes	yes	no	common (6/321 medial-cap, 0 initial)
professional	professionals	N;PL/V;PRS;3;SG	20	yes	yes	no	common (10/456 medial-cap, 3 initial)
melon	melons	N;PL/V;PRS;3;SG	6	yes	yes	no	common (0/27 medial-cap, 0 initial)
instruction	instructions	N;PL/V;PRS;3;SG	59	yes	yes	no	common (2/176 medial-cap, 0 initial)
sierra	sierras	N;PL/V;PRS;3;SG	7	yes	yes	no	proper (32/39 medial-cap, 3 initial)
liken	likened	V;PST/V;V.PTCP;PST	13	yes	yes	no	common (1/14 medial-cap, 0 initial)
attract	attracting	V;V.PTCP;PRS	14	yes	yes	no	common (2/187 medial-cap, 0 initial)
gould	goulding	V;V.PTCP;PRS	7	yes	yes	no	proper (18/18 medial-cap, 9 initial)
accrual	accruals	N;PL/V;PRS;3;SG	6	yes	yes	no	common (3/30 medial-cap, 0 initial)
protect	protected	V;PST/V;V.PTCP;PST	102	yes	yes	no	common (2/296 medial-cap, 3 initial)
sight	sighting	V;V.PTCP;PRS	5	yes	yes	no	common (13/2689 medial-cap, 7 initial)
cymbal	cymbals	N;PL/V;PRS;3;SG	18	yes	yes	no	common (0/5 medial-cap, 0 initial)
belonging	belongings	N;PL/V;PRS;3;SG	9	yes	yes	no	common (4/344 medial-cap, 0 initial)
inform	informing	V;V.PTCP;PRS	12	yes	yes	no	common (5/345 medial-cap, 5 initial)
coat	coated	V;PST/V;V.PTCP;PST	14	yes	yes	no	common (10/1568 medial-cap, 0 initial)
sicken	sickening	V;V.PTCP;PRS	7	yes	yes	no	common (0/12 medial-cap, 0 initial)
wiggin	wiggins	N;PL/V;PRS;3;SG	6	yes	yes	no	no-census
dwell	dwelled	V;PST/V;V.PTCP;PST	6	yes	yes	no	common (4/532 medial-cap, 1 initial)
unbound	unbounded	V;PST/V;V.PTCP;PST	8	yes	yes	no	common (0/12 medial-cap, 0 initial)
afford	affords	N;PL/V;PRS;3;SG	10	yes	yes	no	common (0/450 medial-cap, 0 initial)
vacation	vacations	N;PL/V;PRS;3;SG	11	yes	yes	no	common (2/107 medial-cap, 0 initial)
resist	resisting	V;V.PTCP;PRS	27	yes	yes	no	common (3/351 medial-cap, 2 initial)
broaden	broadened	V;PST/V;V.PTCP;PST	14	yes	yes	no	common (1/18 medial-cap, 0 initial)
expectation	expectations	N;PL/V;PRS;3;SG	157	yes	yes	no	common (4/331 medial-cap, 2 initial)
condescend	condescending	V;V.PTCP;PRS	10	yes	yes	no	common (0/76 medial-cap, 0 initial)
offense	offenses	N;PL/V;PRS;3;SG	7	yes	yes	no	common (0/39 medial-cap, 0 initial)
faith	faiths	N;PL/V;PRS;3;SG	12	yes	yes	no	common (49/1181 medial-cap, 38 initial)
colour	colouring	V;V.PTCP;PRS	14	yes	yes	no	common (7/677 medial-cap, 0 initial)
deliver	delivers	N;PL/V;PRS;3;SG	11	yes	yes	no	common (8/547 medial-cap, 21 initial)
litter	littered	V;PST/V;V.PTCP;PST	9	yes	yes	no	common (0/60 medial-cap, 0 initial)
mold	molded	V;PST/V;V.PTCP;PST	20	yes	yes	no	common (0/47 medial-cap, 1 initial)
revolution	revolutions	N;PL/V;PRS;3;SG	11	yes	yes	no	common (143/326 medial-cap, 4 initial)
encamp	encamped	V;PST/V;V.PTCP;PST	38	yes	yes	no	common (1/17 medial-cap, 0 initial)
concentration	concentrations	N;PL/V;PRS;3;SG	10	yes	yes	no	common (0/98 medial-cap, 0 initial)
transport	transporting	V;V.PTCP;PRS	10	yes	yes	no	common (58/230 medial-cap, 5 initial)
satisfaction	satisfactions	N;PL/V;PRS;3;SG	5	yes	yes	no	common (2/1024 medial-cap, 1 initial)
remember	remembering	V;V.PTCP;PRS	43	yes	yes	no	common (53/2789 medial-cap, 220 initial)
horror	horrors	N;PL/V;PRS;3;SG	30	yes	yes	no	common (4/590 medial-cap, 5 initial)
endeavor	endeavors	N;PL/V;PRS;3;SG	14	yes	yes	no	common (1/51 medial-cap, 2 initial)
expect	expects	N;PL/V;PRS;3;SG	665	yes	yes	no	common (16/1490 medial-cap, 3 initial)
gardener	gardeners	N;PL/V;PRS;3;SG	14	yes	yes	no	common (9/192 medial-cap, 0 initial)
tipp	tipped	V;PST/V;V.PTCP;PST	18	yes	yes	no	proper (4/4 medial-cap, 0 initial)
contest	contests	N;PL/V;PRS;3;SG	15	yes	yes	no	common (2/137 medial-cap, 0 initial)
insight	insights	N;PL/V;PRS;3;SG	16	yes	yes	no	common (0/73 medial-cap, 0 initial)
deduct	deducted	V;PST/V;V.PTCP;PST	6	yes	yes	no	common (0/16 medial-cap, 0 initial)
mechanism	mechanisms	N;PL/V;PRS;3;SG	29	yes	yes	no	common (0/76 medial-cap, 0 initial)
atla	atlas	N;PL/V;PRS;3;SG	36	yes	yes	no	no-census
transport	transports	N;PL/V;PRS;3;SG	12	yes	yes	no	common (58/230 medial-cap, 5 initial)
disgust	disgusting	V;V.PTCP;PRS	27	yes	yes	no	common (0/196 medial-cap, 0 initial)
magician	magicians	N;PL/V;PRS;3;SG	17	yes	yes	no	common (0/28 medial-cap, 0 initial)
threaten	threatened	V;PST/V;V.PTCP;PST	157	yes	yes	no	common (2/104 medial-cap, 0 initial)
covet	coveted	V;PST/V;V.PTCP;PST	7	yes	yes	no	common (0/27 medial-cap, 0 initial)
retail	retailing	V;V.PTCP;PRS	25	yes	yes	no	common (43/205 medial-cap, 11 initial)
collin	collins	N;PL/V;PRS;3;SG	18	yes	yes	no	no-census
winn	winning	V;V.PTCP;PRS	61	yes	yes	no	proper (1/1 medial-cap, 2 initial)
commission	commissions	N;PL/V;PRS;3;SG	29	yes	yes	no	proper (734/1086 medial-cap, 6 initial)
aid	aids	N;PL/V;PRS;3;SG	109	yes	yes	no	common (43/755 medial-cap, 7 initial)
failure	failures	N;PL/V;PRS;3;SG	25	yes	yes	no	common (7/414 medial-cap, 6 initial)
steak	steaks	N;PL/V;PRS;3;SG	8	yes	yes	no	common (6/96 medial-cap, 1 initial)
closure	closures	N;PL/V;PRS;3;SG	16	yes	yes	no	common (5/43 medial-cap, 1 initial)
shipp	shipped	V;PST/V;V.PTCP;PST	83	yes	yes	no	common (0/1 medial-cap, 0 initial)
exult	exulting	V;V.PTCP;PRS	10	yes	yes	no	common (1/11 medial-cap, 1 initial)
will	willed	V;PST/V;V.PTCP;PST	10	yes	yes	no	common (996/38861 medial-cap, 816 initial)
ascend	ascended	V;PST/V;V.PTCP;PST	40	yes	yes	no	common (4/103 medial-cap, 1 initial)
apprehend	apprehended	V;PST/V;V.PTCP;PST	11	yes	yes	no	common (0/69 medial-cap, 0 initial)
shedd	shedding	V;V.PTCP;PRS	11	yes	yes	no	no-census
puff	puffs	N;PL/V;PRS;3;SG	9	yes	yes	no	common (6/68 medial-cap, 3 initial)
brimm	brimmed	V;PST/V;V.PTCP;PST	9	yes	yes	no	no-census
legg	legged	V;PST/V;V.PTCP;PST	20	yes	yes	no	dual (0/0 medial-cap, 1 initial)
belgian	belgians	N;PL/V;PRS;3;SG	23	yes	yes	no	proper (95/95 medial-cap, 20 initial)
leper	lepers	N;PL/V;PRS;3;SG	6	yes	yes	no	common (0/26 medial-cap, 0 initial)
drumm	drumming	V;V.PTCP;PRS	8	yes	yes	no	no-census
departure	departures	N;PL/V;PRS;3;SG	8	yes	yes	no	common (9/740 medial-cap, 0 initial)
attain	attained	V;PST/V;V.PTCP;PST	34	yes	yes	no	common (0/143 medial-cap, 0 initial)
pinn	pinned	V;PST/V;V.PTCP;PST	9	yes	yes	no	no-census
petal	petals	N;PL/V;PRS;3;SG	7	yes	yes	no	common (0/4 medial-cap, 0 initial)
precinct	precincts	N;PL/V;PRS;3;SG	7	yes	yes	no	common (3/11 medial-cap, 0 initial)
conceal	concealed	V;PST/V;V.PTCP;PST	45	yes	yes	no	common (0/462 medial-cap, 1 initial)
brood	brooding	V;V.PTCP;PRS	27	yes	yes	no	common (2/76 medial-cap, 0 initial)
addition	additions	N;PL/V;PRS;3;SG	33	yes	yes	no	common (5/624 medial-cap, 1 initial)
bobb	bobbing	V;V.PTCP;PRS	7	yes	yes	no	no-census
forum	forums	N;PL/V;PRS;3;SG	8	yes	yes	no	common (10/36 medial-cap, 1 initial)
african	africans	N;PL/V;PRS;3;SG	7	yes	yes	no	proper (208/208 medial-cap, 2 initial)
shift	shifts	N;PL/V;PRS;3;SG	41	yes	yes	no	common (2/157 medial-cap, 1 initial)
distortion	distortions	N;PL/V;PRS;3;SG	17	yes	yes	no	common (0/25 medial-cap, 0 initial)
hang	hanged	V;PST/V;V.PTCP;PST	48	yes	yes	no	common (22/340 medial-cap, 36 initial)
intend	intending	V;V.PTCP;PRS	15	yes	yes	no	common (7/361 medial-cap, 0 initial)
center	centered	V;PST/V;V.PTCP;PST	28	yes	yes	no	common (69/368 medial-cap, 1 initial)
upward	upwards	N;PL/V;PRS;3;SG	59	yes	yes	no	common (7/295 medial-cap, 1 initial)
thousand	thousands	N;PL/V;PRS;3;SG	242	yes	yes	no	common (10/2969 medial-cap, 1 initial)
orchestra	orchestras	N;PL/V;PRS;3;SG	5	yes	yes	no	common (20/113 medial-cap, 1 initial)
suggest	suggested	V;PST/V;V.PTCP;PST	216	yes	yes	no	common (4/307 medial-cap, 1 initial)
obtain	obtaining	V;V.PTCP;PRS	43	yes	yes	no	common (2/411 medial-cap, 0 initial)
ornament	ornaments	N;PL/V;PRS;3;SG	29	yes	yes	no	common (1/127 medial-cap, 1 initial)
moslem	moslems	N;PL/V;PRS;3;SG	5	yes	yes	no	proper (7/7 medial-cap, 0 initial)
pillow	pillows	N;PL/V;PRS;3;SG	9	yes	yes	no	common (0/353 medial-cap, 0 initial)
flavor	flavored	V;PST/V;V.PTCP;PST	5	yes	yes	no	common (0/54 medial-cap, 0 initial)
shekel	shekels	N;PL/V;PRS;3;SG	99	yes	yes	no	common (0/44 medial-cap, 0 initial)
form	formed	V;PST/V;V.PTCP;PST	343	yes	yes	no	common (37/2099 medial-cap, 5 initial)
wagg	wagging	V;V.PTCP;PRS	6	yes	yes	no	proper (10/10 medial-cap, 2 initial)
reiner	reiners	N;PL/V;PRS;3;SG	5	yes	yes	no	no-census
command	commands	N;PL/V;PRS;3;SG	50	yes	yes	no	common (29/940 medial-cap, 4 initial)
unveil	unveils	N;PL/V;PRS;3;SG	5	yes	yes	no	common (2/7 medial-cap, 0 initial)
davie	davies	N;PL/V;PRS;3;SG	5	yes	yes	no	no-census
arrest	arrested	V;PST/V;V.PTCP;PST	51	yes	yes	no	common (1/178 medial-cap, 1 initial)
commission	commissioned	V;PST/V;V.PTCP;PST	13	yes	yes	no	proper (734/1086 medial-cap, 6 initial)
orbit	orbits	N;PL/V;PRS;3;SG	10	yes	yes	no	common (2/29 medial-cap, 3 initial)
border	borders	N;PL/V;PRS;3;SG	101	yes	yes	no	common (10/261 medial-cap, 0 initial)
frett	fretting	V;V.PTCP;PRS	7	yes	yes	no	no-census
flight	flights	N;PL/V;PRS;3;SG	39	yes	yes	no	common (16/510 medial-cap, 3 initial)
differ	differed	V;PST/V;V.PTCP;PST	23	yes	yes	no	common (0/90 medial-cap, 0 initial)
cover	covers	N;PL/V;PRS;3;SG	72	yes	yes	no	common (9/627 medial-cap, 8 initial)
accountant	accountants	N;PL/V;PRS;3;SG	12	yes	yes	no	common (5/29 medial-cap, 0 initial)
adjust	adjusting	V;V.PTCP;PRS	36	yes	yes	no	common (1/68 medial-cap, 0 initial)
grigg	griggs	N;PL/V;PRS;3;SG	7	yes	yes	no	proper (1/1 medial-cap, 1 initial)
wander	wandered	V;PST/V;V.PTCP;PST	34	yes	yes	no	common (2/133 medial-cap, 2 initial)
sector	sectors	N;PL/V;PRS;3;SG	106	yes	yes	no	common (10/377 medial-cap, 0 initial)
becalm	becalmed	V;PST/V;V.PTCP;PST	5	yes	yes	no	no-census
ill	ills	N;PL/V;PRS;3;SG	14	yes	yes	no	common (68/2655 medial-cap, 31 initial)
track	tracked	V;PST/V;V.PTCP;PST	8	yes	yes	no	common (6/302 medial-cap, 0 initial)
israelite	israelites	N;PL/V;PRS;3;SG	29	yes	yes	no	proper (6/6 medial-cap, 0 initial)
stearn	stearns	N;PL/V;PRS;3;SG	33	yes	yes	no	proper (3/3 medial-cap, 0 initial)
lamb	lambs	N;PL/V;PRS;3;SG	101	yes	yes	no	common (59/307 medial-cap, 0 initial)
afterward	afterwards	N;PL/V;PRS;3;SG	261	yes	yes	no	common (2/101 medial-cap, 10 initial)
christian	christians	N;PL/V;PRS;3;SG	60	yes	yes	no	proper (866/872 medial-cap, 18 initial)
hugg	hugging	V;V.PTCP;PRS	10	yes	yes	no	common (0/1 medial-cap, 0 initial)
rigg	rigged	V;PST/V;V.PTCP;PST	10	yes	yes	no	proper (37/37 medial-cap, 1 initial)
gilt	gilts	N;PL/V;PRS;3;SG	11	yes	yes	no	common (3/102 medial-cap, 0 initial)
aberration	aberrations	N;PL/V;PRS;3;SG	6	yes	yes	no	common (0/35 medial-cap, 0 initial)
defend	defending	V;V.PTCP;PRS	41	yes	yes	no	common (6/318 medial-cap, 5 initial)
pair	paired	V;PST/V;V.PTCP;PST	6	yes	yes	no	common (5/866 medial-cap, 0 initial)
inject	injecting	V;V.PTCP;PRS	11	yes	yes	no	common (0/19 medial-cap, 1 initial)
trimm	trimming	V;V.PTCP;PRS	10	yes	yes	no	common (0/1 medial-cap, 0 initial)
toil	toils	N;PL/V;PRS;3;SG	8	yes	yes	no	common (1/176 medial-cap, 4 initial)
deliver	delivered	V;PST/V;V.PTCP;PST	419	yes	yes	no	common (8/547 medial-cap, 21 initial)
procedure	procedures	N;PL/V;PRS;3;SG	104	yes	yes	no	common (2/134 medial-cap, 2 initial)
knock	knocks	N;PL/V;PRS;3;SG	10	yes	yes	no	common (16/470 medial-cap, 16 initial)
arrival	arrivals	N;PL/V;PRS;3;SG	19	yes	yes	no	common (12/874 medial-cap, 1 initial)
intersect	intersected	V;PST/V;V.PTCP;PST	7	yes	yes	no	common (0/8 medial-cap, 0 initial)
fashion	fashions	N;PL/V;PRS;3;SG	17	yes	yes	no	common (24/864 medial-cap, 6 initial)
scour	scours	N;PL/V;PRS;3;SG	6	yes	yes	no	common (0/10 medial-cap, 0 initial)
enjoin	enjoined	V;PST/V;V.PTCP;PST	14	yes	yes	no	common (0/23 medial-cap, 0 initial)
protein	proteins	N;PL/V;PRS;3;SG	23	yes	yes	no	common (5/53 medial-cap, 1 initial)
expend	expended	V;PST/V;V.PTCP;PST	17	yes	yes	no	common (0/22 medial-cap, 0 initial)
seem	seeming	V;V.PTCP;PRS	73	yes	yes	no	common (4/2034 medial-cap, 1 initial)
shatter	shattering	V;V.PTCP;PRS	19	yes	yes	no	common (0/11 medial-cap, 0 initial)
spurr	spurred	V;PST/V;V.PTCP;PST	20	yes	yes	no	common (0/1 medial-cap, 0 initial)
virtue	virtues	N;PL/V;PRS;3;SG	42	yes	yes	no	common (26/706 medial-cap, 3 initial)
can	cans	N;PL/V;PRS;3;SG	10	yes	yes	no	common (301/19227 medial-cap, 681 initial)
misfortune	misfortunes	N;PL/V;PRS;3;SG	7	yes	yes	no	common (9/532 medial-cap, 5 initial)
abomination	abominations	N;PL/V;PRS;3;SG	77	yes	yes	no	common (0/94 medial-cap, 0 initial)
disarm	disarming	V;V.PTCP;PRS	6	yes	yes	no	common (0/12 medial-cap, 0 initial)
grasse	grasses	N;PL/V;PRS;3;SG	9	yes	yes	no	proper (4/6 medial-cap, 0 initial)
franc	francs	N;PL/V;PRS;3;SG	425	yes	yes	no	common (14/136 medial-cap, 0 initial)
shot	shots	N;PL/V;PRS;3;SG	45	yes	yes	no	common (12/767 medial-cap, 6 initial)
nigger	niggers	N;PL/V;PRS;3;SG	8	yes	yes	no	common (6/30 medial-cap, 2 initial)
restrain	restraining	V;V.PTCP;PRS	27	yes	yes	no	common (1/227 medial-cap, 3 initial)
contradiction	contradictions	N;PL/V;PRS;3;SG	9	yes	yes	no	common (0/116 medial-cap, 0 initial)
perform	performed	V;PST/V;V.PTCP;PST	102	yes	yes	no	common (1/274 medial-cap, 2 initial)
paint	painting	V;V.PTCP;PRS	89	yes	yes	no	common (8/249 medial-cap, 5 initial)
coconut	coconuts	N;PL/V;PRS;3;SG	9	yes	yes	no	common (22/63 medial-cap, 4 initial)
topp	topped	V;PST/V;V.PTCP;PST	31	yes	yes	no	no-census
obey	obeying	V;V.PTCP;PRS	16	yes	yes	no	common (6/370 medial-cap, 5 initial)
prevent	preventing	V;V.PTCP;PRS	51	yes	yes	no	common (4/889 medial-cap, 0 initial)
hurri	hurried	V;PST/V;V.PTCP;PST	107	yes	yes	no	no-census
supposition	suppositions	N;PL/V;PRS;3;SG	6	yes	yes	no	common (0/105 medial-cap, 0 initial)
picken	pickens	N;PL/V;PRS;3;SG	23	yes	yes	no	no-census
matter	matters	N;PL/V;PRS;3;SG	223	yes	yes	no	common (30/4812 medial-cap, 9 initial)
perform	performs	N;PL/V;PRS;3;SG	12	yes	yes	no	common (1/274 medial-cap, 2 initial)
sober	sobered	V;PST/V;V.PTCP;PST	7	yes	yes	no	common (4/221 medial-cap, 0 initial)
surrender	surrendered	V;PST/V;V.PTCP;PST	11	yes	yes	no	common (1/104 medial-cap, 3 initial)
holding	holdings	N;PL/V;PRS;3;SG	341	yes	yes	no	common (83/1556 medial-cap, 25 initial)
obstruct	obstructed	V;PST/V;V.PTCP;PST	6	yes	yes	no	common (1/13 medial-cap, 0 initial)
acquaint	acquainted	V;PST/V;V.PTCP;PST	124	yes	yes	no	common (3/64 medial-cap, 1 initial)
ten	tens	N;PL/V;PRS;3;SG	21	yes	yes	no	common (55/2412 medial-cap, 94 initial)
inject	injected	V;PST/V;V.PTCP;PST	15	yes	yes	no	common (0/19 medial-cap, 1 initial)
alteration	alterations	N;PL/V;PRS;3;SG	12	yes	yes	no	common (0/128 medial-cap, 0 initial)
camp	camps	N;PL/V;PRS;3;SG	61	yes	yes	no	common (15/452 medial-cap, 1 initial)
blood	blooded	V;PST/V;V.PTCP;PST	15	yes	yes	no	common (51/2274 medial-cap, 31 initial)
transcend	transcends	N;PL/V;PRS;3;SG	7	yes	yes	no	common (1/6 medial-cap, 0 initial)
disagreement	disagreements	N;PL/V;PRS;3;SG	9	yes	yes	no	common (0/43 medial-cap, 1 initial)
engulf	engulfed	V;PST/V;V.PTCP;PST	11	yes	yes	no	common (0/4 medial-cap, 0 initial)
prison	prisons	N;PL/V;PRS;3;SG	11	yes	yes	no	common (31/838 medial-cap, 4 initial)
fibre	fibres	N;PL/V;PRS;3;SG	14	yes	yes	no	common (2/29 medial-cap, 0 initial)
helper	helpers	N;PL/V;PRS;3;SG	10	yes	yes	no	common (2/30 medial-cap, 0 initial)
free	freeing	V;V.PTCP;PRS	9	yes	yes	no	common (127/2240 medial-cap, 18 initial)
draft	drafts	N;PL/V;PRS;3;SG	7	yes	yes	no	common (10/100 medial-cap, 0 initial)
lighten	lightened	V;PST/V;V.PTCP;PST	15	yes	yes	no	common (0/45 medial-cap, 0 initial)
act	acting	V;V.PTCP;PRS	160	yes	yes	no	common (223/1757 medial-cap, 7 initial)
correspond	corresponds	N;PL/V;PRS;3;SG	9	yes	yes	no	common (0/76 medial-cap, 0 initial)
err	erring	V;V.PTCP;PRS	5	yes	yes	no	common (2/57 medial-cap, 1 initial)
corrupt	corrupting	V;V.PTCP;PRS	6	yes	yes	no	common (5/110 medial-cap, 2 initial)
interpretation	interpretations	N;PL/V;PRS;3;SG	14	yes	yes	no	common (3/165 medial-cap, 1 initial)
suck	sucking	V;V.PTCP;PRS	30	yes	yes	no	common (1/53 medial-cap, 0 initial)
prosper	prospered	V;PST/V;V.PTCP;PST	19	yes	yes	no	common (0/85 medial-cap, 0 initial)
cropp	cropped	V;PST/V;V.PTCP;PST	15	yes	yes	no	no-census
translation	translations	N;PL/V;PRS;3;SG	7	yes	yes	no	common (1/74 medial-cap, 1 initial)
disappointment	disappointments	N;PL/V;PRS;3;SG	15	yes	yes	no	common (2/371 medial-cap, 4 initial)
plastic	plastics	N;PL/V;PRS;3;SG	75	yes	yes	no	common (4/49 medial-cap, 2 initial)
foam	foams	N;PL/V;PRS;3;SG	23	yes	yes	no	common (4/156 medial-cap, 0 initial)
demand	demands	N;PL/V;PRS;3;SG	194	yes	yes	no	common (46/1156 medial-cap, 12 initial)
attention	attentions	N;PL/V;PRS;3;SG	49	yes	yes	no	common (4/2003 medial-cap, 8 initial)
examination	examinations	N;PL/V;PRS;3;SG	9	yes	yes	no	common (2/272 medial-cap, 2 initial)
admission	admissions	N;PL/V;PRS;3;SG	8	yes	yes	no	common (0/169 medial-cap, 0 initial)
align	aligned	V;PST/V;V.PTCP;PST	15	yes	yes	no	common (0/3 medial-cap, 0 initial)
disappear	disappeared	V;PST/V;V.PTCP;PST	103	yes	yes	no	common (0/120 medial-cap, 0 initial)
understanding	understandings	N;PL/V;PRS;3;SG	13	yes	yes	no	common (11/1009 medial-cap, 7 initial)
rediscover	rediscovered	V;PST/V;V.PTCP;PST	5	yes	yes	no	common (0/1 medial-cap, 0 initial)
trust	trusted	V;PST/V;V.PTCP;PST	84	yes	yes	no	common (250/1570 medial-cap, 30 initial)
portrait	portraits	N;PL/V;PRS;3;SG	17	yes	yes	no	common (14/386 medial-cap, 2 initial)
sweetener	sweeteners	N;PL/V;PRS;3;SG	6	yes	yes	no	common (1/20 medial-cap, 0 initial)
prohibit	prohibiting	V;V.PTCP;PRS	12	yes	yes	no	common (0/13 medial-cap, 0 initial)
dulle	dulles	N;PL/V;PRS;3;SG	10	yes	yes	no	no-census
development	developments	N;PL/V;PRS;3;SG	144	yes	yes	no	common (211/937 medial-cap, 6 initial)
hopp	hopped	V;PST/V;V.PTCP;PST	15	yes	yes	no	no-census
endeavor	endeavored	V;PST/V;V.PTCP;PST	5	yes	yes	no	common (1/51 medial-cap, 2 initial)
anticipation	anticipations	N;PL/V;PRS;3;SG	5	yes	yes	no	common (0/133 medial-cap, 1 initial)
find	finding	V;V.PTCP;PRS	216	yes	yes	no	common (33/5466 medial-cap, 34 initial)
reverie	reveries	N;PL/V;PRS;3;SG	6	yes	yes	no	common (0/154 medial-cap, 2 initial)
impact	impacted	V;PST/V;V.PTCP;PST	5	yes	yes	no	common (6/321 medial-cap, 1 initial)
luca	lucas	N;PL/V;PRS;3;SG	14	yes	yes	no	no-census
medium	mediums	N;PL/V;PRS;3;SG	6	yes	yes	no	common (4/269 medial-cap, 3 initial)
tutor	tutors	N;PL/V;PRS;3;SG	5	yes	yes	no	common (3/96 medial-cap, 0 initial)
ginn	ginning	V;V.PTCP;PRS	5	yes	yes	no	proper (2/3 medial-cap, 0 initial)
headquarter	headquarters	N;PL/V;PRS;3;SG	109	yes	yes	no	common (0/2 medial-cap, 0 initial)
intermagnetic	intermagnetics	N;PL/V;PRS;3;SG	5	yes	yes	no	no-census
indication	indications	N;PL/V;PRS;3;SG	54	yes	yes	no	common (0/123 medial-cap, 1 initial)
dominion	dominions	N;PL/V;PRS;3;SG	8	yes	yes	no	common (45/155 medial-cap, 11 initial)
copyright	copyrights	N;PL/V;PRS;3;SG	7	yes	yes	no	common (2/14 medial-cap, 1 initial)
arie	aries	N;PL/V;PRS;3;SG	5	yes	yes	no	proper (1/1 medial-cap, 0 initial)
valu	valued	V;PST/V;V.PTCP;PST	170	yes	yes	no	proper (2/2 medial-cap, 0 initial)
film	films	N;PL/V;PRS;3;SG	40	yes	yes	no	common (8/139 medial-cap, 0 initial)
quotation	quotations	N;PL/V;PRS;3;SG	8	yes	yes	no	common (1/43 medial-cap, 0 initial)
world	worlds	N;PL/V;PRS;3;SG	54	yes	yes	no	common (536/8063 medial-cap, 54 initial)
fulfill	fulfilled	V;PST/V;V.PTCP;PST	120	yes	yes	no	common (1/56 medial-cap, 0 initial)
poetic	poetics	N;PL/V;PRS;3;SG	8	yes	yes	no	common (0/87 medial-cap, 2 initial)
utter	uttering	V;V.PTCP;PRS	14	yes	yes	no	common (4/529 medial-cap, 1 initial)
persist	persisted	V;PST/V;V.PTCP;PST	28	yes	yes	no	common (2/93 medial-cap, 0 initial)
painting	paintings	N;PL/V;PRS;3;SG	44	yes	yes	no	common (0/222 medial-cap, 4 initial)
torie	tories	N;PL/V;PRS;3;SG	6	yes	yes	no	no-census
person	persons	N;PL/V;PRS;3;SG	308	yes	yes	no	common (31/3833 medial-cap, 3 initial)
violation	violations	N;PL/V;PRS;3;SG	38	yes	yes	no	common (0/47 medial-cap, 0 initial)
congratulation	congratulations	N;PL/V;PRS;3;SG	22	yes	yes	no	common (0/33 medial-cap, 0 initial)
disdain	disdained	V;PST/V;V.PTCP;PST	12	yes	yes	no	common (3/137 medial-cap, 5 initial)
emotion	emotions	N;PL/V;PRS;3;SG	63	yes	yes	no	common (2/636 medial-cap, 1 initial)
scowl	scowling	V;V.PTCP;PRS	5	yes	yes	no	common (2/46 medial-cap, 0 initial)
array	arrayed	V;PST/V;V.PTCP;PST	16	yes	yes	no	common (0/112 medial-cap, 0 initial)
linger	lingered	V;PST/V;V.PTCP;PST	12	yes	yes	no	common (0/65 medial-cap, 0 initial)
depredation	depredations	N;PL/V;PRS;3;SG	5	yes	yes	no	no-census
inspection	inspections	N;PL/V;PRS;3;SG	27	yes	yes	no	common (11/170 medial-cap, 0 initial)
coat	coats	N;PL/V;PRS;3;SG	46	yes	yes	no	common (10/1568 medial-cap, 0 initial)
interest	interesting	V;V.PTCP;PRS	236	yes	yes	no	common (133/3860 medial-cap, 32 initial)
subtract	subtracted	V;PST/V;V.PTCP;PST	6	yes	yes	no	common (0/7 medial-cap, 0 initial)
generation	generations	N;PL/V;PRS;3;SG	199	yes	yes	no	common (8/259 medial-cap, 0 initial)
invention	inventions	N;PL/V;PRS;3;SG	21	yes	yes	no	common (2/150 medial-cap, 0 initial)
rain	raining	V;V.PTCP;PRS	12	yes	yes	no	common (23/920 medial-cap, 18 initial)
thunder	thunders	N;PL/V;PRS;3;SG	18	yes	yes	no	common (23/318 medial-cap, 18 initial)
brother	brothers	N;PL/V;PRS;3;SG	227	yes	yes	no	common (156/4124 medial-cap, 57 initial)
fiber	fibers	N;PL/V;PRS;3;SG	23	yes	yes	no	common (2/49 medial-cap, 1 initial)
complain	complained	V;PST/V;V.PTCP;PST	51	yes	yes	no	common (2/263 medial-cap, 0 initial)
shorten	shortening	V;V.PTCP;PRS	10	yes	yes	no	common (0/24 medial-cap, 0 initial)
disrupt	disrupted	V;PST/V;V.PTCP;PST	22	yes	yes	no	common (1/23 medial-cap, 0 initial)
wonder	wondering	V;V.PTCP;PRS	84	yes	yes	no	common (8/1720 medial-cap, 10 initial)
cement	cemented	V;PST/V;V.PTCP;PST	6	yes	yes	no	common (19/48 medial-cap, 1 initial)
appeal	appeals	N;PL/V;PRS;3;SG	53	yes	yes	no	common (18/472 medial-cap, 0 initial)
adjoin	adjoining	V;V.PTCP;PRS	33	yes	yes	no	common (0/3 medial-cap, 0 initial)
print	printed	V;PST/V;V.PTCP;PST	60	yes	yes	no	common (15/181 medial-cap, 2 initial)
working	workings	N;PL/V;PRS;3;SG	12	yes	yes	no	common (9/988 medial-cap, 7 initial)
betray	betrayed	V;PST/V;V.PTCP;PST	57	yes	yes	no	common (0/192 medial-cap, 1 initial)
maintain	maintained	V;PST/V;V.PTCP;PST	129	yes	yes	no	common (3/414 medial-cap, 1 initial)
revolt	revolted	V;PST/V;V.PTCP;PST	15	yes	yes	no	common (0/99 medial-cap, 4 initial)
pursuit	pursuits	N;PL/V;PRS;3;SG	21	yes	yes	no	common (8/355 medial-cap, 3 initial)
sensation	sensations	N;PL/V;PRS;3;SG	39	yes	yes	no	common (0/334 medial-cap, 0 initial)
coat	coating	V;V.PTCP;PRS	39	yes	yes	no	common (10/1568 medial-cap, 0 initial)
color	colors	N;PL/V;PRS;3;SG	92	yes	yes	no	common (3/270 medial-cap, 1 initial)
cann	canning	V;V.PTCP;PRS	9	yes	yes	no	proper (1/1 medial-cap, 0 initial)
stuff	stuffed	V;PST/V;V.PTCP;PST	21	yes	yes	no	common (11/324 medial-cap, 9 initial)
precaution	precautions	N;PL/V;PRS;3;SG	11	yes	yes	no	common (0/149 medial-cap, 0 initial)
expansion	expansions	N;PL/V;PRS;3;SG	6	yes	yes	no	common (11/232 medial-cap, 3 initial)
movement	movements	N;PL/V;PRS;3;SG	131	yes	yes	no	common (12/919 medial-cap, 2 initial)
torment	torments	N;PL/V;PRS;3;SG	13	yes	yes	no	common (3/124 medial-cap, 0 initial)
decision	decisions	N;PL/V;PRS;3;SG	175	yes	yes	no	common (24/821 medial-cap, 5 initial)
creation	creations	N;PL/V;PRS;3;SG	18	yes	yes	no	common (12/239 medial-cap, 3 initial)
warn	warns	N;PL/V;PRS;3;SG	32	yes	yes	no	common (4/351 medial-cap, 6 initial)
fever	fevers	N;PL/V;PRS;3;SG	5	yes	yes	no	common (7/490 medial-cap, 3 initial)
cha	chas	N;PL/V;PRS;3;SG	5	yes	yes	no	proper (1/1 medial-cap, 0 initial)
paul	pauling	V;V.PTCP;PRS	7	yes	yes	yes	proper (1286/1286 medial-cap, 176 initial)
civilization	civilizations	N;PL/V;PRS;3;SG	9	yes	yes	no	common (4/166 medial-cap, 5 initial)
acceptance	acceptances	N;PL/V;PRS;3;SG	32	yes	yes	no	common (5/172 medial-cap, 3 initial)
everlast	everlasting	V;V.PTCP;PRS	126	yes	yes	no	no-census
rank	ranking	V;V.PTCP;PRS	15	yes	yes	no	common (20/505 medial-cap, 12 initial)
chill	chilling	V;V.PTCP;PRS	12	yes	yes	no	common (1/173 medial-cap, 0 initial)
conversion	conversions	N;PL/V;PRS;3;SG	9	yes	yes	no	common (6/107 medial-cap, 0 initial)
growth	growths	N;PL/V;PRS;3;SG	14	yes	yes	no	common (124/1442 medial-cap, 26 initial)
alm	alms	N;PL/V;PRS;3;SG	15	yes	yes	no	no-census
condemn	condemns	N;PL/V;PRS;3;SG	6	yes	yes	no	common (1/132 medial-cap, 1 initial)
lloyd	lloyds	N;PL/V;PRS;3;SG	56	yes	yes	no	proper (54/54 medial-cap, 1 initial)
income	incomes	N;PL/V;PRS;3;SG	59	yes	yes	no	common (77/1099 medial-cap, 7 initial)
aborigine	aborigines	N;PL/V;PRS;3;SG	12	yes	yes	no	common (0/7 medial-cap, 0 initial)
reappear	reappeared	V;PST/V;V.PTCP;PST	14	yes	yes	no	common (0/30 medial-cap, 0 initial)
envision	envisioned	V;PST/V;V.PTCP;PST	8	yes	yes	no	common (0/5 medial-cap, 0 initial)
loma	lomas	N;PL/V;PRS;3;SG	6	yes	yes	no	proper (1/1 medial-cap, 0 initial)
repent	repented	V;PST/V;V.PTCP;PST	35	yes	yes	no	common (6/196 medial-cap, 4 initial)
sight	sights	N;PL/V;PRS;3;SG	61	yes	yes	no	common (13/2689 medial-cap, 7 initial)
expect	expecting	V;V.PTCP;PRS	87	yes	yes	no	common (16/1490 medial-cap, 3 initial)
por	poring	V;V.PTCP;PRS	7	yes	yes	no	dual (0/0 medial-cap, 16 initial)
straighten	straightened	V;PST/V;V.PTCP;PST	28	yes	yes	no	common (0/10 medial-cap, 1 initial)
dispell	dispelled	V;PST/V;V.PTCP;PST	11	yes	yes	no	common (0/3 medial-cap, 0 initial)
observation	observations	N;PL/V;PRS;3;SG	58	yes	yes	no	common (1/510 medial-cap, 0 initial)
perturbation	perturbations	N;PL/V;PRS;3;SG	7	yes	yes	no	common (0/52 medial-cap, 0 initial)
texan	texans	N;PL/V;PRS;3;SG	9	yes	yes	no	proper (7/7 medial-cap, 0 initial)
awaken	awakening	V;V.PTCP;PRS	10	yes	yes	no	common (0/100 medial-cap, 1 initial)
effect	effects	N;PL/V;PRS;3;SG	232	yes	yes	no	common (15/2013 medial-cap, 2 initial)
initiative	initiatives	N;PL/V;PRS;3;SG	54	yes	yes	no	common (3/108 medial-cap, 0 initial)
play	playing	V;V.PTCP;PRS	226	yes	yes	no	common (28/1605 medial-cap, 16 initial)
patt	patting	V;V.PTCP;PRS	7	yes	yes	no	no-census
explorer	explorers	N;PL/V;PRS;3;SG	6	yes	yes	no	common (1/10 medial-cap, 0 initial)
amusement	amusements	N;PL/V;PRS;3;SG	29	yes	yes	no	common (0/310 medial-cap, 0 initial)
rumour	rumours	N;PL/V;PRS;3;SG	39	yes	yes	no	common (9/103 medial-cap, 4 initial)
hardwork	hardworking	V;V.PTCP;PRS	7	yes	yes	no	no-census
friendship	friendships	N;PL/V;PRS;3;SG	14	yes	yes	no	common (8/665 medial-cap, 3 initial)
plantation	plantations	N;PL/V;PRS;3;SG	31	yes	yes	no	common (6/90 medial-cap, 0 initial)
attain	attains	N;PL/V;PRS;3;SG	6	yes	yes	no	common (0/143 medial-cap, 0 initial)
herb	herbs	N;PL/V;PRS;3;SG	36	yes	yes	no	common (5/59 medial-cap, 2 initial)
deafen	deafening	V;V.PTCP;PRS	9	yes	yes	no	common (0/5 medial-cap, 0 initial)
recollect	recollected	V;PST/V;V.PTCP;PST	37	yes	yes	no	common (8/422 medial-cap, 21 initial)
prevent	prevents	N;PL/V;PRS;3;SG	33	yes	yes	no	common (4/889 medial-cap, 0 initial)
murder	murdered	V;PST/V;V.PTCP;PST	32	yes	yes	no	common (35/655 medial-cap, 24 initial)
condition	conditioning	V;V.PTCP;PRS	25	yes	yes	no	common (8/1338 medial-cap, 0 initial)
agreement	agreements	N;PL/V;PRS;3;SG	317	yes	yes	no	common (237/1787 medial-cap, 2 initial)
third	thirds	N;PL/V;PRS;3;SG	81	yes	yes	no	common (121/2012 medial-cap, 27 initial)
entrust	entrusted	V;PST/V;V.PTCP;PST	5	yes	yes	no	common (0/24 medial-cap, 2 initial)
begg	begging	V;V.PTCP;PRS	35	yes	yes	no	common (0/2 medial-cap, 0 initial)
falsehood	falsehoods	N;PL/V;PRS;3;SG	5	yes	yes	no	common (2/217 medial-cap, 0 initial)
passion	passions	N;PL/V;PRS;3;SG	43	yes	yes	no	common (15/953 medial-cap, 8 initial)
villar	villars	N;PL/V;PRS;3;SG	30	yes	yes	no	no-census
explain	explaining	V;V.PTCP;PRS	37	yes	yes	no	common (13/904 medial-cap, 19 initial)
enjoy	enjoys	N;PL/V;PRS;3;SG	32	yes	yes	no	common (2/486 medial-cap, 1 initial)
unaware	unawares	N;PL/V;PRS;3;SG	19	yes	yes	no	common (0/62 medial-cap, 0 initial)
catholic	catholics	N;PL/V;PRS;3;SG	48	yes	yes	no	proper (208/213 medial-cap, 4 initial)
afford	affording	V;V.PTCP;PRS	11	yes	yes	no	common (0/450 medial-cap, 0 initial)
gear	gearing	V;V.PTCP;PRS	6	yes	yes	no	common (6/63 medial-cap, 1 initial)
contend	contended	V;PST/V;V.PTCP;PST	27	yes	yes	no	common (0/82 medial-cap, 0 initial)
cole	coles	N;PL/V;PRS;3;SG	19	yes	yes	no	proper (65/65 medial-cap, 4 initial)
heaven	heavens	N;PL/V;PRS;3;SG	210	yes	yes	no	common (1103/2689 medial-cap, 105 initial)
mountain	mountains	N;PL/V;PRS;3;SG	313	yes	yes	no	common (33/462 medial-cap, 4 initial)
rigg	rigging	V;V.PTCP;PRS	45	yes	yes	no	proper (37/37 medial-cap, 1 initial)
making	makings	N;PL/V;PRS;3;SG	7	yes	yes	no	common (37/3747 medial-cap, 36 initial)
interpret	interpreted	V;PST/V;V.PTCP;PST	56	yes	yes	no	common (1/65 medial-cap, 0 initial)
water	watering	V;V.PTCP;PRS	25	yes	yes	no	common (52/3568 medial-cap, 31 initial)
head	headed	V;PST/V;V.PTCP;PST	180	yes	yes	no	common (126/10929 medial-cap, 4 initial)
harvest	harvests	N;PL/V;PRS;3;SG	18	yes	yes	no	common (15/303 medial-cap, 3 initial)
redeem	redeeming	V;V.PTCP;PRS	12	yes	yes	no	common (7/121 medial-cap, 1 initial)
cruzado	cruzados	N;PL/V;PRS;3;SG	9	yes	yes	no	proper (6/7 medial-cap, 0 initial)
liv	lived	V;PST/V;V.PTCP;PST	427	yes	yes	no	proper (20/23 medial-cap, 3 initial)
serv	serving	V;V.PTCP;PRS	90	yes	yes	no	common (1/4 medial-cap, 0 initial)
elephant	elephants	N;PL/V;PRS;3;SG	26	yes	yes	no	common (33/191 medial-cap, 0 initial)
offend	offended	V;PST/V;V.PTCP;PST	82	yes	yes	no	common (0/162 medial-cap, 1 initial)
scrawl	scrawled	V;PST/V;V.PTCP;PST	5	yes	yes	no	common (0/15 medial-cap, 0 initial)
abandon	abandoned	V;PST/V;V.PTCP;PST	78	yes	yes	no	common (2/198 medial-cap, 0 initial)
dinner	dinners	N;PL/V;PRS;3;SG	28	yes	yes	no	common (35/2678 medial-cap, 25 initial)
inflow	inflows	N;PL/V;PRS;3;SG	23	yes	yes	no	common (1/40 medial-cap, 1 initial)
new	news	N;PL/V;PRS;3;SG	642	yes	yes	no	common (1918/9390 medial-cap, 190 initial)
defraud	defrauded	V;PST/V;V.PTCP;PST	6	yes	yes	no	common (1/14 medial-cap, 1 initial)
persuasion	persuasions	N;PL/V;PRS;3;SG	5	yes	yes	no	common (2/131 medial-cap, 1 initial)
discontent	discontented	V;PST/V;V.PTCP;PST	13	yes	yes	no	common (0/57 medial-cap, 1 initial)
reopen	reopening	V;V.PTCP;PRS	25	yes	yes	no	common (4/42 medial-cap, 0 initial)
contain	contained	V;PST/V;V.PTCP;PST	164	yes	yes	no	common (2/224 medial-cap, 0 initial)
delay	delays	N;PL/V;PRS;3;SG	47	yes	yes	no	common (9/573 medial-cap, 2 initial)
rain	rains	N;PL/V;PRS;3;SG	98	yes	yes	no	common (23/920 medial-cap, 18 initial)
protect	protecting	V;V.PTCP;PRS	52	yes	yes	no	common (2/296 medial-cap, 3 initial)
attend	attends	N;PL/V;PRS;3;SG	19	yes	yes	no	common (12/587 medial-cap, 14 initial)
distrust	distrusted	V;PST/V;V.PTCP;PST	8	yes	yes	no	common (3/169 medial-cap, 2 initial)
organization	organizations	N;PL/V;PRS;3;SG	103	yes	yes	no	common (137/318 medial-cap, 1 initial)
confront	confronts	N;PL/V;PRS;3;SG	11	yes	yes	no	common (3/44 medial-cap, 1 initial)
accept	accepts	N;PL/V;PRS;3;SG	52	yes	yes	no	common (12/898 medial-cap, 14 initial)
travel	traveled	V;PST/V;V.PTCP;PST	34	yes	yes	no	common (8/379 medial-cap, 5 initial)
operation	operations	N;PL/V;PRS;3;SG	1050	yes	yes	no	common (9/465 medial-cap, 2 initial)
laver	lavers	N;PL/V;PRS;3;SG	5	yes	yes	no	common (0/15 medial-cap, 0 initial)
murmur	murmuring	V;V.PTCP;PRS	22	yes	yes	no	common (1/192 medial-cap, 0 initial)
sway	swaying	V;V.PTCP;PRS	18	yes	yes	no	common (1/67 medial-cap, 2 initial)
meeting	meetings	N;PL/V;PRS;3;SG	166	yes	yes	no	common (77/2446 medial-cap, 21 initial)
orlean	orleans	N;PL/V;PRS;3;SG	67	yes	yes	no	no-census
craft	crafts	N;PL/V;PRS;3;SG	5	yes	yes	no	common (16/218 medial-cap, 1 initial)
reaffirm	reaffirmed	V;PST/V;V.PTCP;PST	61	yes	yes	no	common (0/7 medial-cap, 0 initial)
calm	calming	V;V.PTCP;PRS	5	yes	yes	no	common (10/933 medial-cap, 20 initial)
remind	reminded	V;PST/V;V.PTCP;PST	69	yes	yes	no	common (1/246 medial-cap, 1 initial)
color	colored	V;PST/V;V.PTCP;PST	47	yes	yes	no	common (3/270 medial-cap, 1 initial)
accord	accords	N;PL/V;PRS;3;SG	39	yes	yes	no	common (77/663 medial-cap, 2 initial)
humm	humming	V;V.PTCP;PRS	19	yes	yes	no	proper (16/16 medial-cap, 0 initial)
alloy	alloys	N;PL/V;PRS;3;SG	8	yes	yes	no	common (1/37 medial-cap, 1 initial)
forehead	foreheads	N;PL/V;PRS;3;SG	14	yes	yes	no	common (0/753 medial-cap, 2 initial)
possession	possessions	N;PL/V;PRS;3;SG	36	yes	yes	no	common (9/977 medial-cap, 1 initial)
ethiopian	ethiopians	N;PL/V;PRS;3;SG	14	yes	yes	no	proper (16/16 medial-cap, 0 initial)
owen	owens	N;PL/V;PRS;3;SG	25	yes	yes	no	proper (43/45 medial-cap, 6 initial)
cool	cooling	V;V.PTCP;PRS	54	yes	yes	no	common (7/537 medial-cap, 7 initial)
foot	footed	V;PST/V;V.PTCP;PST	13	yes	yes	no	common (15/1725 medial-cap, 1 initial)
rio	rios	N;PL/V;PRS;3;SG	5	yes	yes	no	proper (64/64 medial-cap, 10 initial)
imperfection	imperfections	N;PL/V;PRS;3;SG	7	yes	yes	no	common (0/18 medial-cap, 0 initial)
waterway	waterways	N;PL/V;PRS;3;SG	8	yes	yes	no	common (0/26 medial-cap, 0 initial)
hasten	hastened	V;PST/V;V.PTCP;PST	29	yes	yes	no	common (2/127 medial-cap, 6 initial)
punishment	punishments	N;PL/V;PRS;3;SG	5	yes	yes	no	common (3/390 medial-cap, 5 initial)
conform	conformed	V;PST/V;V.PTCP;PST	7	yes	yes	no	common (0/37 medial-cap, 0 initial)
sanction	sanctioned	V;PST/V;V.PTCP;PST	8	yes	yes	no	common (0/86 medial-cap, 1 initial)
retrain	retraining	V;V.PTCP;PRS	8	yes	yes	no	no-census
rubie	rubies	N;PL/V;PRS;3;SG	10	yes	yes	no	proper (1/1 medial-cap, 0 initial)
spann	spanned	V;PST/V;V.PTCP;PST	5	yes	yes	no	common (0/4 medial-cap, 0 initial)
chill	chilled	V;PST/V;V.PTCP;PST	19	yes	yes	no	common (1/173 medial-cap, 0 initial)
found	founding	V;V.PTCP;PRS	30	yes	yes	no	common (28/7597 medial-cap, 15 initial)
run	runs	N;PL/V;PRS;3;SG	151	yes	yes	no	common (29/2164 medial-cap, 66 initial)
len	lens	N;PL/V;PRS;3;SG	15	yes	yes	no	proper (6/11 medial-cap, 7 initial)
frustration	frustrations	N;PL/V;PRS;3;SG	10	yes	yes	no	common (0/29 medial-cap, 3 initial)
interpret	interprets	N;PL/V;PRS;3;SG	5	yes	yes	no	common (1/65 medial-cap, 0 initial)
stemm	stemmed	V;PST/V;V.PTCP;PST	11	yes	yes	no	common (0/1 medial-cap, 0 initial)
knock	knocking	V;V.PTCP;PRS	36	yes	yes	no	common (16/470 medial-cap, 16 initial)
chopp	chopped	V;PST/V;V.PTCP;PST	5	yes	yes	no	no-census
distill	distilled	V;PST/V;V.PTCP;PST	15	yes	yes	no	common (0/4 medial-cap, 0 initial)
proposition	propositions	N;PL/V;PRS;3;SG	6	yes	yes	no	common (0/179 medial-cap, 0 initial)
honor	honors	N;PL/V;PRS;3;SG	29	yes	yes	no	common (91/742 medial-cap, 8 initial)
sport	sporting	V;V.PTCP;PRS	32	yes	yes	no	common (1/148 medial-cap, 1 initial)
deviation	deviations	N;PL/V;PRS;3;SG	8	yes	yes	no	common (0/33 medial-cap, 0 initial)
division	divisions	N;PL/V;PRS;3;SG	94	yes	yes	no	common (126/602 medial-cap, 5 initial)
adulterer	adulterers	N;PL/V;PRS;3;SG	11	yes	yes	no	common (0/5 medial-cap, 0 initial)
reuter	reuters	N;PL/V;PRS;3;SG	530	yes	yes	no	proper (29/30 medial-cap, 52 initial)
association	associations	N;PL/V;PRS;3;SG	76	yes	yes	no	proper (432/702 medial-cap, 4 initial)
marco	marcos	N;PL/V;PRS;3;SG	10	yes	yes	no	proper (5/5 medial-cap, 1 initial)
grind	grinding	V;V.PTCP;PRS	24	yes	yes	no	common (4/52 medial-cap, 1 initial)
arb	arbed	V;PST/V;V.PTCP;PST	6	yes	yes	no	proper (3/3 medial-cap, 0 initial)
border	bordered	V;PST/V;V.PTCP;PST	7	yes	yes	no	common (10/261 medial-cap, 0 initial)
restrict	restricted	V;PST/V;V.PTCP;PST	70	yes	yes	no	common (1/42 medial-cap, 1 initial)
friday	fridays	N;PL/V;PRS;3;SG	5	yes	yes	no	proper (513/517 medial-cap, 8 initial)
airport	airports	N;PL/V;PRS;3;SG	16	yes	yes	no	common (15/46 medial-cap, 0 initial)
skipp	skipping	V;V.PTCP;PRS	11	yes	yes	no	proper (4/4 medial-cap, 0 initial)
distillate	distillates	N;PL/V;PRS;3;SG	9	yes	yes	no	proper (34/46 medial-cap, 1 initial)
preacher	preachers	N;PL/V;PRS;3;SG	5	yes	yes	no	common (5/72 medial-cap, 0 initial)
installment	installments	N;PL/V;PRS;3;SG	5	yes	yes	no	common (0/9 medial-cap, 0 initial)
broaden	broadening	V;V.PTCP;PRS	21	yes	yes	no	common (1/18 medial-cap, 0 initial)
govern	governed	V;PST/V;V.PTCP;PST	41	yes	yes	no	common (3/85 medial-cap, 0 initial)
manifestation	manifestations	N;PL/V;PRS;3;SG	9	yes	yes	no	common (0/45 medial-cap, 0 initial)
omission	omissions	N;PL/V;PRS;3;SG	6	yes	yes	no	common (0/39 medial-cap, 1 initial)
seed	seeds	N;PL/V;PRS;3;SG	96	yes	yes	no	common (15/520 medial-cap, 2 initial)
exist	exists	N;PL/V;PRS;3;SG	92	yes	yes	no	common (0/373 medial-cap, 1 initial)
labor	labored	V;PST/V;V.PTCP;PST	9	yes	yes	no	common (46/371 medial-cap, 9 initial)
doubt	doubted	V;PST/V;V.PTCP;PST	68	yes	yes	no	common (10/3339 medial-cap, 7 initial)
divert	diverted	V;PST/V;V.PTCP;PST	23	yes	yes	no	common (0/79 medial-cap, 0 initial)
exert	exerting	V;V.PTCP;PRS	7	yes	yes	no	common (0/102 medial-cap, 1 initial)
tri	tried	V;PST/V;V.PTCP;PST	493	yes	yes	no	dual (5/11 medial-cap, 2 initial)
athenian	athenians	N;PL/V;PRS;3;SG	6	yes	yes	no	proper (8/8 medial-cap, 1 initial)
irv	irving	V;V.PTCP;PRS	40	yes	yes	no	proper (2/2 medial-cap, 0 initial)
cent	cents	N;PL/V;PRS;3;SG	452	yes	yes	no	common (4/387 medial-cap, 2 initial)
fear	fears	N;PL/V;PRS;3;SG	210	yes	yes	no	common (62/2665 medial-cap, 37 initial)
divestiture	divestitures	N;PL/V;PRS;3;SG	11	yes	yes	no	common (1/18 medial-cap, 0 initial)
succumb	succumbed	V;PST/V;V.PTCP;PST	6	yes	yes	no	common (0/7 medial-cap, 0 initial)
ramm	rammed	V;PST/V;V.PTCP;PST	7	yes	yes	no	no-census
attend	attending	V;V.PTCP;PRS	90	yes	yes	no	common (12/587 medial-cap, 14 initial)
slander	slanders	N;PL/V;PRS;3;SG	6	yes	yes	no	common (0/64 medial-cap, 0 initial)
pett	petted	V;PST/V;V.PTCP;PST	5	yes	yes	no	no-census
murmur	murmurs	N;PL/V;PRS;3;SG	8	yes	yes	no	common (1/192 medial-cap, 0 initial)
power	powered	V;PST/V;V.PTCP;PST	17	yes	yes	no	common (152/3015 medial-cap, 14 initial)
camp	camping	V;V.PTCP;PRS	26	yes	yes	no	common (15/452 medial-cap, 1 initial)
ore	ores	N;PL/V;PRS;3;SG	17	yes	yes	no	common (32/186 medial-cap, 2 initial)
powder	powders	N;PL/V;PRS;3;SG	8	yes	yes	no	common (7/265 medial-cap, 2 initial)
freedom	freedoms	N;PL/V;PRS;3;SG	15	yes	yes	no	common (45/689 medial-cap, 19 initial)
recrimination	recriminations	N;PL/V;PRS;3;SG	5	yes	yes	no	common (0/8 medial-cap, 0 initial)
valu	valuing	V;V.PTCP;PRS	14	yes	yes	no	proper (2/2 medial-cap, 0 initial)
clapp	clapped	V;PST/V;V.PTCP;PST	19	yes	yes	no	proper (37/39 medial-cap, 2 initial)
chasten	chastened	V;PST/V;V.PTCP;PST	10	yes	yes	no	common (0/6 medial-cap, 1 initial)
inherit	inherited	V;PST/V;V.PTCP;PST	32	yes	yes	no	common (0/107 medial-cap, 0 initial)
worsen	worsening	V;V.PTCP;PRS	6	yes	yes	no	common (1/15 medial-cap, 0 initial)
discern	discerning	V;V.PTCP;PRS	11	yes	yes	no	common (1/121 medial-cap, 0 initial)
schill	schilling	V;V.PTCP;PRS	8	yes	yes	no	no-census
anyway	anyways	N;PL/V;PRS;3;SG	11	yes	yes	no	common (6/173 medial-cap, 38 initial)
sweep	sweeping	V;V.PTCP;PRS	63	yes	yes	no	common (2/182 medial-cap, 0 initial)
vapor	vapors	N;PL/V;PRS;3;SG	5	yes	yes	no	common (0/48 medial-cap, 1 initial)
employer	employers	N;PL/V;PRS;3;SG	123	yes	yes	no	common (0/149 medial-cap, 1 initial)
idiom	idioms	N;PL/V;PRS;3;SG	6	yes	yes	no	common (0/16 medial-cap, 0 initial)
odour	odours	N;PL/V;PRS;3;SG	15	yes	yes	no	common (0/48 medial-cap, 0 initial)
dislocation	dislocations	N;PL/V;PRS;3;SG	5	yes	yes	no	common (0/11 medial-cap, 0 initial)
consider	considered	V;PST/V;V.PTCP;PST	435	yes	yes	no	common (22/1523 medial-cap, 115 initial)
popp	popping	V;V.PTCP;PRS	11	yes	yes	no	no-census
intention	intentions	N;PL/V;PRS;3;SG	93	yes	yes	no	common (0/814 medial-cap, 0 initial)
consultation	consultations	N;PL/V;PRS;3;SG	36	yes	yes	no	common (4/129 medial-cap, 2 initial)
manner	mannered	V;PST/V;V.PTCP;PST	5	yes	yes	no	common (5/4353 medial-cap, 0 initial)
patt	patted	V;PST/V;V.PTCP;PST	11	yes	yes	no	no-census
charle	charles	N;PL/V;PRS;3;SG	324	yes	yes	no	no-census
error	errors	N;PL/V;PRS;3;SG	88	yes	yes	no	common (5/277 medial-cap, 3 initial)
cedar	cedars	N;PL/V;PRS;3;SG	34	yes	yes	no	common (3/81 medial-cap, 0 initial)
ashe	ashes	N;PL/V;PRS;3;SG	91	yes	yes	no	no-census
represent	represented	V;PST/V;V.PTCP;PST	130	yes	yes	no	common (0/251 medial-cap, 0 initial)
earning	earnings	N;PL/V;PRS;3;SG	1118	yes	yes	no	common (2/77 medial-cap, 0 initial)
version	versions	N;PL/V;PRS;3;SG	20	yes	yes	no	common (12/117 medial-cap, 0 initial)
timber	timbers	N;PL/V;PRS;3;SG	13	yes	yes	no	common (3/177 medial-cap, 3 initial)
catapult	catapulted	V;PST/V;V.PTCP;PST	6	yes	yes	no	common (0/2 medial-cap, 0 initial)
draft	drafting	V;V.PTCP;PRS	28	yes	yes	no	common (10/100 medial-cap, 0 initial)
roger	rogers	N;PL/V;PRS;3;SG	24	yes	yes	yes	proper (1037/1037 medial-cap, 229 initial)
confront	confronted	V;PST/V;V.PTCP;PST	51	yes	yes	no	common (3/44 medial-cap, 1 initial)
infection	infections	N;PL/V;PRS;3;SG	10	yes	yes	no	common (1/49 medial-cap, 0 initial)
writing	writings	N;PL/V;PRS;3;SG	18	yes	yes	no	common (6/1220 medial-cap, 14 initial)
warp	warped	V;PST/V;V.PTCP;PST	6	yes	yes	no	common (0/45 medial-cap, 0 initial)
regard	regards	N;PL/V;PRS;3;SG	30	yes	yes	no	common (5/1316 medial-cap, 4 initial)
retain	retains	N;PL/V;PRS;3;SG	21	yes	yes	no	common (1/220 medial-cap, 0 initial)
risk	risking	V;V.PTCP;PRS	15	yes	yes	no	common (7/576 medial-cap, 2 initial)
provision	provisions	N;PL/V;PRS;3;SG	229	yes	yes	no	common (7/349 medial-cap, 5 initial)
avert	averted	V;PST/V;V.PTCP;PST	15	yes	yes	no	common (5/51 medial-cap, 0 initial)
drown	drowning	V;V.PTCP;PRS	10	yes	yes	no	common (0/94 medial-cap, 2 initial)
killer	killers	N;PL/V;PRS;3;SG	10	yes	yes	no	common (8/37 medial-cap, 1 initial)
flounder	floundered	V;PST/V;V.PTCP;PST	7	yes	yes	no	common (0/6 medial-cap, 0 initial)
hazard	hazards	N;PL/V;PRS;3;SG	27	yes	yes	no	common (3/114 medial-cap, 0 initial)
direction	directions	N;PL/V;PRS;3;SG	75	yes	yes	no	common (5/1278 medial-cap, 0 initial)
expand	expanding	V;V.PTCP;PRS	142	yes	yes	no	common (10/205 medial-cap, 0 initial)
election	elections	N;PL/V;PRS;3;SG	99	yes	yes	no	common (18/287 medial-cap, 3 initial)
lipp	lipped	V;PST/V;V.PTCP;PST	5	yes	yes	no	common (0/6 medial-cap, 0 initial)
honor	honored	V;PST/V;V.PTCP;PST	59	yes	yes	no	common (91/742 medial-cap, 8 initial)
lessen	lessened	V;PST/V;V.PTCP;PST	24	yes	yes	no	common (4/91 medial-cap, 0 initial)
adorn	adorned	V;PST/V;V.PTCP;PST	24	yes	yes	no	common (0/35 medial-cap, 0 initial)
pretend	pretending	V;V.PTCP;PRS	27	yes	yes	no	common (0/268 medial-cap, 1 initial)
pair	pairs	N;PL/V;PRS;3;SG	30	yes	yes	no	common (5/866 medial-cap, 0 initial)
blacken	blackened	V;PST/V;V.PTCP;PST	10	yes	yes	no	common (0/13 medial-cap, 0 initial)
support	supports	N;PL/V;PRS;3;SG	85	yes	yes	no	common (26/1090 medial-cap, 2 initial)
reaffirm	reaffirms	N;PL/V;PRS;3;SG	11	yes	yes	no	common (0/7 medial-cap, 0 initial)
air	airs	N;PL/V;PRS;3;SG	31	yes	yes	no	common (186/4255 medial-cap, 16 initial)
argument	arguments	N;PL/V;PRS;3;SG	53	yes	yes	no	common (5/380 medial-cap, 2 initial)
depart	departing	V;V.PTCP;PRS	43	yes	yes	no	common (16/327 medial-cap, 7 initial)
congregation	congregations	N;PL/V;PRS;3;SG	24	yes	yes	no	common (7/487 medial-cap, 2 initial)
portray	portrayed	V;PST/V;V.PTCP;PST	8	yes	yes	no	common (0/12 medial-cap, 0 initial)
gripp	gripped	V;PST/V;V.PTCP;PST	19	yes	yes	no	proper (1/1 medial-cap, 0 initial)
adapt	adapted	V;PST/V;V.PTCP;PST	28	yes	yes	no	common (1/38 medial-cap, 0 initial)
calm	calmed	V;PST/V;V.PTCP;PST	9	yes	yes	no	common (10/933 medial-cap, 20 initial)
korean	koreans	N;PL/V;PRS;3;SG	11	yes	yes	no	proper (66/66 medial-cap, 0 initial)
remind	reminding	V;V.PTCP;PRS	15	yes	yes	no	common (1/246 medial-cap, 1 initial)
import	imported	V;PST/V;V.PTCP;PST	161	yes	yes	no	common (47/472 medial-cap, 6 initial)
attest	attested	V;PST/V;V.PTCP;PST	6	yes	yes	no	common (1/10 medial-cap, 0 initial)
insist	insisting	V;V.PTCP;PRS	18	yes	yes	no	common (0/270 medial-cap, 0 initial)
relation	relations	N;PL/V;PRS;3;SG	305	yes	yes	no	common (3/634 medial-cap, 1 initial)
fear	feared	V;PST/V;V.PTCP;PST	177	yes	yes	no	common (62/2665 medial-cap, 37 initial)
tend	tended	V;PST/V;V.PTCP;PST	39	yes	yes	no	common (0/155 medial-cap, 1 initial)
rapp	rapped	V;PST/V;V.PTCP;PST	8	yes	yes	no	proper (11/11 medial-cap, 0 initial)
oversea	overseas	N;PL/V;PRS;3;SG	207	yes	yes	no	proper (5/6 medial-cap, 1 initial)
absence	absences	N;PL/V;PRS;3;SG	5	yes	yes	no	common (6/805 medial-cap, 8 initial)
strengthen	strengthening	V;V.PTCP;PRS	74	yes	yes	no	common (6/162 medial-cap, 1 initial)
doom	doomed	V;PST/V;V.PTCP;PST	31	yes	yes	no	common (5/129 medial-cap, 0 initial)
heart	hearted	V;PST/V;V.PTCP;PST	68	yes	yes	no	common (133/7689 medial-cap, 8 initial)
assault	assaults	N;PL/V;PRS;3;SG	16	yes	yes	no	common (0/121 medial-cap, 1 initial)
revelation	revelations	N;PL/V;PRS;3;SG	12	yes	yes	no	common (10/128 medial-cap, 0 initial)
shutt	shutting	V;V.PTCP;PRS	15	yes	yes	no	dual (0/0 medial-cap, 1 initial)
feign	feigned	V;PST/V;V.PTCP;PST	16	yes	yes	no	common (0/23 medial-cap, 0 initial)
detain	detained	V;PST/V;V.PTCP;PST	21	yes	yes	no	common (1/122 medial-cap, 0 initial)
power	powers	N;PL/V;PRS;3;SG	278	yes	yes	no	common (152/3015 medial-cap, 14 initial)
overall	overalls	N;PL/V;PRS;3;SG	7	yes	yes	no	common (1/211 medial-cap, 18 initial)
recall	recalls	N;PL/V;PRS;3;SG	14	yes	yes	no	common (2/375 medial-cap, 1 initial)
leaven	leavened	V;PST/V;V.PTCP;PST	16	yes	yes	no	common (9/38 medial-cap, 0 initial)
pull	pulling	V;V.PTCP;PRS	95	yes	yes	no	common (7/482 medial-cap, 37 initial)
favor	favored	V;PST/V;V.PTCP;PST	35	yes	yes	no	common (2/312 medial-cap, 1 initial)
truth	truths	N;PL/V;PRS;3;SG	22	yes	yes	no	common (55/3316 medial-cap, 18 initial)
assurance	assurances	N;PL/V;PRS;3;SG	36	yes	yes	no	common (26/410 medial-cap, 0 initial)
lapp	lapped	V;PST/V;V.PTCP;PST	5	yes	yes	no	proper (1/1 medial-cap, 0 initial)
contend	contending	V;V.PTCP;PRS	11	yes	yes	no	common (0/82 medial-cap, 0 initial)
detail	details	N;PL/V;PRS;3;SG	353	yes	yes	no	common (6/321 medial-cap, 0 initial)
ritual	rituals	N;PL/V;PRS;3;SG	5	yes	yes	no	common (1/33 medial-cap, 0 initial)
order	ordering	V;V.PTCP;PRS	29	yes	yes	no	common (80/3131 medial-cap, 20 initial)
adapt	adapting	V;V.PTCP;PRS	6	yes	yes	no	common (1/38 medial-cap, 0 initial)
slaughter	slaughtered	V;PST/V;V.PTCP;PST	9	yes	yes	no	common (19/159 medial-cap, 0 initial)
illusion	illusions	N;PL/V;PRS;3;SG	12	yes	yes	no	common (1/99 medial-cap, 1 initial)
jone	jones	N;PL/V;PRS;3;SG	224	yes	yes	no	no-census
remind	reminds	N;PL/V;PRS;3;SG	32	yes	yes	no	common (1/246 medial-cap, 1 initial)
broaden	broadens	N;PL/V;PRS;3;SG	5	yes	yes	no	common (1/18 medial-cap, 0 initial)
projection	projections	N;PL/V;PRS;3;SG	50	yes	yes	no	common (1/46 medial-cap, 0 initial)
snow	snows	N;PL/V;PRS;3;SG	25	yes	yes	no	common (29/666 medial-cap, 12 initial)
dawn	dawning	V;V.PTCP;PRS	18	yes	yes	yes	common (14/328 medial-cap, 5 initial)
william	williams	N;PL/V;PRS;3;SG	98	yes	yes	yes	proper (484/487 medial-cap, 68 initial)
intend	intends	N;PL/V;PRS;3;SG	118	yes	yes	no	common (7/361 medial-cap, 0 initial)
repent	repenting	V;V.PTCP;PRS	6	yes	yes	no	common (6/196 medial-cap, 4 initial)
molecule	molecules	N;PL/V;PRS;3;SG	9	yes	yes	no	common (0/10 medial-cap, 0 initial)
seed	seeded	V;PST/V;V.PTCP;PST	5	yes	yes	no	common (15/520 medial-cap, 2 initial)
faction	factions	N;PL/V;PRS;3;SG	11	yes	yes	no	common (3/27 medial-cap, 0 initial)
sinn	sinning	V;V.PTCP;PRS	5	yes	yes	no	common (0/2 medial-cap, 0 initial)
hearing	hearings	N;PL/V;PRS;3;SG	28	yes	yes	no	common (29/1246 medial-cap, 41 initial)
off	offing	V;V.PTCP;PRS	13	yes	yes	no	common (122/10295 medial-cap, 38 initial)
evil	evils	N;PL/V;PRS;3;SG	51	yes	yes	no	common (28/1637 medial-cap, 10 initial)
scripture	scriptures	N;PL/V;PRS;3;SG	34	yes	yes	no	proper (49/89 medial-cap, 0 initial)
physician	physicians	N;PL/V;PRS;3;SG	20	yes	yes	no	common (31/202 medial-cap, 8 initial)
inhabit	inhabited	V;PST/V;V.PTCP;PST	45	yes	yes	no	common (0/35 medial-cap, 0 initial)
sometime	sometimes	N;PL/V;PRS;3;SG	627	yes	yes	no	common (0/46 medial-cap, 3 initial)
flounder	flounders	N;PL/V;PRS;3;SG	5	yes	yes	no	common (0/6 medial-cap, 0 initial)
rescind	rescinded	V;PST/V;V.PTCP;PST	9	yes	yes	no	common (0/8 medial-cap, 0 initial)
weight	weighted	V;PST/V;V.PTCP;PST	40	yes	yes	no	common (2/699 medial-cap, 1 initial)
enzyme	enzymes	N;PL/V;PRS;3;SG	13	yes	yes	no	common (0/6 medial-cap, 0 initial)
bound	bounded	V;PST/V;V.PTCP;PST	18	yes	yes	no	common (5/1291 medial-cap, 5 initial)
contain	containing	V;V.PTCP;PRS	139	yes	yes	no	common (2/224 medial-cap, 0 initial)
proclaim	proclaims	N;PL/V;PRS;3;SG	6	yes	yes	no	common (3/75 medial-cap, 1 initial)
sorcerer	sorcerers	N;PL/V;PRS;3;SG	6	yes	yes	no	common (0/6 medial-cap, 0 initial)
privation	privations	N;PL/V;PRS;3;SG	9	yes	yes	no	common (0/31 medial-cap, 0 initial)
envelop	enveloping	V;V.PTCP;PRS	8	yes	yes	no	common (1/14 medial-cap, 0 initial)
inflict	inflicting	V;V.PTCP;PRS	6	yes	yes	no	common (0/69 medial-cap, 0 initial)
display	displayed	V;PST/V;V.PTCP;PST	124	yes	yes	no	common (2/229 medial-cap, 2 initial)
wholesaler	wholesalers	N;PL/V;PRS;3;SG	5	yes	yes	no	no-census
prosecutor	prosecutors	N;PL/V;PRS;3;SG	11	yes	yes	no	common (12/203 medial-cap, 3 initial)
track	tracking	V;V.PTCP;PRS	15	yes	yes	no	common (6/302 medial-cap, 0 initial)
design	designs	N;PL/V;PRS;3;SG	65	yes	yes	no	common (12/434 medial-cap, 3 initial)
assyrian	assyrians	N;PL/V;PRS;3;SG	10	yes	yes	no	proper (24/24 medial-cap, 0 initial)
invent	invented	V;PST/V;V.PTCP;PST	35	yes	yes	no	common (0/88 medial-cap, 0 initial)
judgement	judgements	N;PL/V;PRS;3;SG	5	yes	yes	no	common (3/82 medial-cap, 0 initial)
resin	resins	N;PL/V;PRS;3;SG	17	yes	yes	no	common (3/22 medial-cap, 0 initial)
wonder	wonders	N;PL/V;PRS;3;SG	102	yes	yes	no	common (8/1720 medial-cap, 10 initial)
revision	revisions	N;PL/V;PRS;3;SG	28	yes	yes	no	common (1/67 medial-cap, 1 initial)
direct	directed	V;PST/V;V.PTCP;PST	149	yes	yes	no	common (12/734 medial-cap, 15 initial)
oilseed	oilseeds	N;PL/V;PRS;3;SG	60	yes	yes	no	common (9/42 medial-cap, 3 initial)
disregard	disregarded	V;PST/V;V.PTCP;PST	10	yes	yes	no	common (0/59 medial-cap, 0 initial)
defeat	defeats	N;PL/V;PRS;3;SG	7	yes	yes	no	common (7/166 medial-cap, 2 initial)
own	owns	N;PL/V;PRS;3;SG	211	yes	yes	no	common (21/15531 medial-cap, 4 initial)
pegg	pegged	V;PST/V;V.PTCP;PST	20	yes	yes	no	no-census
behead	beheaded	V;PST/V;V.PTCP;PST	16	yes	yes	no	common (0/3 medial-cap, 1 initial)
dott	dotted	V;PST/V;V.PTCP;PST	18	yes	yes	no	no-census
proportion	proportions	N;PL/V;PRS;3;SG	40	yes	yes	no	common (0/259 medial-cap, 1 initial)
disturb	disturbed	V;PST/V;V.PTCP;PST	60	yes	yes	no	common (1/272 medial-cap, 0 initial)
colour	colours	N;PL/V;PRS;3;SG	73	yes	yes	no	common (7/677 medial-cap, 0 initial)
further	furthering	V;V.PTCP;PRS	7	yes	yes	no	common (81/2883 medial-cap, 70 initial)
carlo	carlos	N;PL/V;PRS;3;SG	22	yes	yes	no	proper (68/68 medial-cap, 6 initial)
neglect	neglected	V;PST/V;V.PTCP;PST	56	yes	yes	no	common (1/190 medial-cap, 4 initial)
cruiser	cruisers	N;PL/V;PRS;3;SG	6	yes	yes	no	common (0/8 medial-cap, 0 initial)
deliberation	deliberations	N;PL/V;PRS;3;SG	15	yes	yes	no	common (1/93 medial-cap, 1 initial)
pleas	pleasing	V;V.PTCP;PRS	86	yes	yes	no	common (15/38 medial-cap, 3 initial)
conversation	conversations	N;PL/V;PRS;3;SG	24	yes	yes	no	common (23/2427 medial-cap, 6 initial)
embroil	embroiled	V;PST/V;V.PTCP;PST	5	yes	yes	no	common (0/1 medial-cap, 0 initial)
union	unions	N;PL/V;PRS;3;SG	95	yes	yes	no	proper (618/1017 medial-cap, 53 initial)
appoint	appointed	V;PST/V;V.PTCP;PST	255	yes	yes	no	common (2/87 medial-cap, 1 initial)
collect	collecting	V;V.PTCP;PRS	33	yes	yes	no	common (1/149 medial-cap, 2 initial)
barr	barring	V;V.PTCP;PRS	34	yes	yes	no	proper (2/4 medial-cap, 0 initial)
wedd	wedded	V;PST/V;V.PTCP;PST	14	yes	yes	no	proper (7/7 medial-cap, 0 initial)
idea	ideas	N;PL/V;PRS;3;SG	266	yes	yes	no	common (16/3067 medial-cap, 4 initial)
entitlement	entitlements	N;PL/V;PRS;3;SG	7	yes	yes	no	common (0/2 medial-cap, 0 initial)
anise	aniseed	V;PST/V;V.PTCP;PST	5	yes	yes	no	common (0/3 medial-cap, 0 initial)
trott	trotted	V;PST/V;V.PTCP;PST	7	yes	yes	no	no-census
suggest	suggesting	V;V.PTCP;PRS	43	yes	yes	no	common (4/307 medial-cap, 1 initial)
scrubber	scrubbers	N;PL/V;PRS;3;SG	6	yes	yes	no	no-census
striving	strivings	N;PL/V;PRS;3;SG	6	yes	yes	no	common (4/154 medial-cap, 1 initial)
conception	conceptions	N;PL/V;PRS;3;SG	12	yes	yes	no	common (3/227 medial-cap, 0 initial)
enchant	enchanting	V;V.PTCP;PRS	13	yes	yes	no	common (2/9 medial-cap, 0 initial)
dalla	dallas	N;PL/V;PRS;3;SG	115	yes	yes	no	no-census
support	supporting	V;V.PTCP;PRS	98	yes	yes	no	common (26/1090 medial-cap, 2 initial)
occupation	occupations	N;PL/V;PRS;3;SG	13	yes	yes	no	common (2/386 medial-cap, 0 initial)
poison	poisoned	V;PST/V;V.PTCP;PST	17	yes	yes	no	common (4/236 medial-cap, 2 initial)
appeal	appealed	V;PST/V;V.PTCP;PST	46	yes	yes	no	common (18/472 medial-cap, 0 initial)
black	blacks	N;PL/V;PRS;3;SG	14	yes	yes	no	common (166/3064 medial-cap, 35 initial)
distract	distracted	V;PST/V;V.PTCP;PST	19	yes	yes	no	common (0/43 medial-cap, 0 initial)
detail	detailed	V;PST/V;V.PTCP;PST	144	yes	yes	no	common (6/321 medial-cap, 0 initial)
judgment	judgments	N;PL/V;PRS;3;SG	163	yes	yes	no	common (24/844 medial-cap, 1 initial)
bound	bounding	V;V.PTCP;PRS	14	yes	yes	no	common (5/1291 medial-cap, 5 initial)
sprawl	sprawled	V;PST/V;V.PTCP;PST	12	yes	yes	no	common (0/5 medial-cap, 0 initial)
delay	delaying	V;V.PTCP;PRS	14	yes	yes	no	common (9/573 medial-cap, 2 initial)
powder	powdered	V;PST/V;V.PTCP;PST	16	yes	yes	no	common (7/265 medial-cap, 2 initial)
retain	retaining	V;V.PTCP;PRS	12	yes	yes	no	common (1/220 medial-cap, 0 initial)
enjoyment	enjoyments	N;PL/V;PRS;3;SG	10	yes	yes	no	common (3/401 medial-cap, 0 initial)
lower	lowered	V;PST/V;V.PTCP;PST	145	yes	yes	no	common (126/1760 medial-cap, 36 initial)
dissent	dissenting	V;V.PTCP;PRS	5	yes	yes	no	common (2/31 medial-cap, 0 initial)
unveil	unveiled	V;PST/V;V.PTCP;PST	27	yes	yes	no	common (2/7 medial-cap, 0 initial)
obtain	obtained	V;PST/V;V.PTCP;PST	220	yes	yes	no	common (2/411 medial-cap, 0 initial)
corrupt	corrupts	N;PL/V;PRS;3;SG	6	yes	yes	no	common (5/110 medial-cap, 2 initial)
tann	tanned	V;PST/V;V.PTCP;PST	11	yes	yes	no	common (0/3 medial-cap, 0 initial)
rugg	rugged	V;PST/V;V.PTCP;PST	32	yes	yes	no	proper (117/117 medial-cap, 0 initial)
oat	oats	N;PL/V;PRS;3;SG	50	yes	yes	no	dual (5/11 medial-cap, 0 initial)
hair	hairs	N;PL/V;PRS;3;SG	41	yes	yes	no	common (9/2643 medial-cap, 4 initial)
robb	robbed	V;PST/V;V.PTCP;PST	46	yes	yes	no	no-census
apportion	apportioned	V;PST/V;V.PTCP;PST	9	yes	yes	no	common (0/2 medial-cap, 0 initial)
word	words	N;PL/V;PRS;3;SG	1436	yes	yes	no	common (47/6676 medial-cap, 8 initial)
subpoena	subpoenaed	V;PST/V;V.PTCP;PST	5	yes	yes	no	common (0/5 medial-cap, 0 initial)
acquisition	acquisitions	N;PL/V;PRS;3;SG	186	yes	yes	no	common (279/1002 medial-cap, 1 initial)
future	futures	N;PL/V;PRS;3;SG	390	yes	yes	no	common (29/1995 medial-cap, 9 initial)
cloth	cloths	N;PL/V;PRS;3;SG	5	yes	yes	no	common (1/475 medial-cap, 0 initial)
credit	credited	V;PST/V;V.PTCP;PST	27	yes	yes	no	common (215/1392 medial-cap, 9 initial)
invitation	invitations	N;PL/V;PRS;3;SG	28	yes	yes	no	common (4/420 medial-cap, 0 initial)
appetite	appetites	N;PL/V;PRS;3;SG	9	yes	yes	no	common (5/323 medial-cap, 1 initial)
pertain	pertained	V;PST/V;V.PTCP;PST	19	yes	yes	no	common (0/9 medial-cap, 0 initial)
persist	persists	N;PL/V;PRS;3;SG	17	yes	yes	no	common (2/93 medial-cap, 0 initial)
murder	murdering	V;V.PTCP;PRS	11	yes	yes	no	common (35/655 medial-cap, 24 initial)
seven	sevens	N;PL/V;PRS;3;SG	5	yes	yes	no	common (150/2138 medial-cap, 54 initial)
speculation	speculations	N;PL/V;PRS;3;SG	17	yes	yes	no	common (12/262 medial-cap, 11 initial)
sign	signing	V;V.PTCP;PRS	29	yes	yes	no	common (18/1225 medial-cap, 7 initial)
plaster	plastered	V;PST/V;V.PTCP;PST	7	yes	yes	no	common (2/93 medial-cap, 1 initial)
complain	complaining	V;V.PTCP;PRS	18	yes	yes	no	common (2/263 medial-cap, 0 initial)
fluid	fluids	N;PL/V;PRS;3;SG	25	yes	yes	no	common (0/70 medial-cap, 0 initial)
endanger	endangering	V;V.PTCP;PRS	12	yes	yes	no	common (0/15 medial-cap, 0 initial)
hereabout	hereabouts	N;PL/V;PRS;3;SG	14	yes	yes	no	common (0/14 medial-cap, 0 initial)
coin	coined	V;PST/V;V.PTCP;PST	6	yes	yes	no	common (8/166 medial-cap, 0 initial)
thunder	thundering	V;V.PTCP;PRS	16	yes	yes	no	common (23/318 medial-cap, 18 initial)
rest	rested	V;PST/V;V.PTCP;PST	57	yes	yes	no	common (24/3500 medial-cap, 15 initial)
technique	techniques	N;PL/V;PRS;3;SG	118	yes	yes	no	common (1/68 medial-cap, 1 initial)
consider	considering	V;V.PTCP;PRS	304	yes	yes	no	common (22/1523 medial-cap, 115 initial)
anoint	anointed	V;PST/V;V.PTCP;PST	108	yes	yes	no	common (0/39 medial-cap, 0 initial)
cover	covering	V;V.PTCP;PRS	167	yes	yes	no	common (9/627 medial-cap, 8 initial)
scor	scored	V;PST/V;V.PTCP;PST	21	yes	yes	no	proper (1/1 medial-cap, 1 initial)
egyptian	egyptians	N;PL/V;PRS;3;SG	110	yes	yes	no	proper (86/86 medial-cap, 3 initial)
oak	oaks	N;PL/V;PRS;3;SG	31	yes	yes	no	common (32/222 medial-cap, 9 initial)
misinterpret	misinterpreted	V;PST/V;V.PTCP;PST	7	yes	yes	no	common (0/8 medial-cap, 0 initial)
modification	modifications	N;PL/V;PRS;3;SG	17	yes	yes	no	common (0/18 medial-cap, 0 initial)
program	programing	V;V.PTCP;PRS	14	yes	yes	no	common (95/958 medial-cap, 5 initial)
defeat	defeating	V;V.PTCP;PRS	15	yes	yes	no	common (7/166 medial-cap, 2 initial)
lightning	lightnings	N;PL/V;PRS;3;SG	19	yes	yes	no	common (21/332 medial-cap, 3 initial)
concession	concessions	N;PL/V;PRS;3;SG	40	yes	yes	no	common (3/88 medial-cap, 1 initial)
rol	roling	V;V.PTCP;PRS	5	yes	yes	no	common (1/5 medial-cap, 0 initial)
detest	detested	V;PST/V;V.PTCP;PST	6	yes	yes	no	common (0/63 medial-cap, 0 initial)
exclamation	exclamations	N;PL/V;PRS;3;SG	20	yes	yes	no	common (0/195 medial-cap, 0 initial)
arrest	arresting	V;V.PTCP;PRS	15	yes	yes	no	common (1/178 medial-cap, 1 initial)
animation	animations	N;PL/V;PRS;3;SG	5	yes	yes	no	common (0/160 medial-cap, 0 initial)
interruption	interruptions	N;PL/V;PRS;3;SG	6	yes	yes	no	common (4/168 medial-cap, 0 initial)
authorization	authorizations	N;PL/V;PRS;3;SG	41	yes	yes	no	common (2/20 medial-cap, 0 initial)
interest	interested	V;PST/V;V.PTCP;PST	281	yes	yes	no	common (133/3860 medial-cap, 32 initial)
fasten	fastened	V;PST/V;V.PTCP;PST	52	yes	yes	no	common (1/75 medial-cap, 2 initial)
nett	netting	V;V.PTCP;PRS	8	yes	yes	no	no-census
nowaday	nowadays	N;PL/V;PRS;3;SG	23	yes	yes	no	no-census
rank	ranks	N;PL/V;PRS;3;SG	82	yes	yes	no	common (20/505 medial-cap, 12 initial)
marr	marred	V;PST/V;V.PTCP;PST	19	yes	yes	no	proper (6/7 medial-cap, 0 initial)
reason	reasoning	V;V.PTCP;PRS	47	yes	yes	no	common (37/3385 medial-cap, 9 initial)
adjust	adjusts	N;PL/V;PRS;3;SG	9	yes	yes	no	common (1/68 medial-cap, 0 initial)
opt	opting	V;V.PTCP;PRS	5	yes	yes	no	common (0/2 medial-cap, 0 initial)
frost	frosts	N;PL/V;PRS;3;SG	9	yes	yes	no	common (13/178 medial-cap, 6 initial)
pray	praying	V;V.PTCP;PRS	38	yes	yes	no	common (123/1285 medial-cap, 419 initial)
fabric	fabrics	N;PL/V;PRS;3;SG	48	yes	yes	no	common (0/40 medial-cap, 0 initial)
reflect	reflects	N;PL/V;PRS;3;SG	108	yes	yes	no	common (6/460 medial-cap, 9 initial)
widen	widens	N;PL/V;PRS;3;SG	13	yes	yes	no	common (2/30 medial-cap, 1 initial)
quarter	quarters	N;PL/V;PRS;3;SG	134	yes	yes	no	common (96/2884 medial-cap, 6 initial)
overpower	overpowered	V;PST/V;V.PTCP;PST	15	yes	yes	no	common (0/14 medial-cap, 0 initial)
tradition	traditions	N;PL/V;PRS;3;SG	46	yes	yes	no	common (1/181 medial-cap, 2 initial)
roam	roamed	V;PST/V;V.PTCP;PST	5	yes	yes	no	common (0/44 medial-cap, 0 initial)
dampen	dampening	V;V.PTCP;PRS	9	yes	yes	no	common (1/18 medial-cap, 0 initial)
renown	renowned	V;PST/V;V.PTCP;PST	18	yes	yes	no	common (0/63 medial-cap, 0 initial)
adjustment	adjustments	N;PL/V;PRS;3;SG	111	yes	yes	no	common (4/155 medial-cap, 3 initial)
supplant	supplanted	V;PST/V;V.PTCP;PST	9	yes	yes	no	common (0/11 medial-cap, 0 initial)
design	designed	V;PST/V;V.PTCP;PST	283	yes	yes	no	common (12/434 medial-cap, 3 initial)
entertain	entertained	V;PST/V;V.PTCP;PST	27	yes	yes	no	common (0/283 medial-cap, 0 initial)
inform	informs	N;PL/V;PRS;3;SG	11	yes	yes	no	common (5/345 medial-cap, 5 initial)
saudi	saudis	N;PL/V;PRS;3;SG	47	yes	yes	no	proper (250/250 medial-cap, 65 initial)
transition	transitions	N;PL/V;PRS;3;SG	7	yes	yes	no	common (0/103 medial-cap, 1 initial)
fraud	frauds	N;PL/V;PRS;3;SG	6	yes	yes	no	common (4/130 medial-cap, 4 initial)
condition	conditioned	V;PST/V;V.PTCP;PST	66	yes	yes	no	common (8/1338 medial-cap, 0 initial)
deadlock	deadlocked	V;PST/V;V.PTCP;PST	5	yes	yes	no	common (0/20 medial-cap, 1 initial)
linguistic	linguistics	N;PL/V;PRS;3;SG	6	yes	yes	no	common (0/11 medial-cap, 1 initial)
illustration	illustrations	N;PL/V;PRS;3;SG	14	yes	yes	no	proper (59/110 medial-cap, 195 initial)
engender	engendered	V;PST/V;V.PTCP;PST	12	yes	yes	no	common (0/15 medial-cap, 0 initial)
effect	effected	V;PST/V;V.PTCP;PST	29	yes	yes	no	common (15/2013 medial-cap, 2 initial)
borrowing	borrowings	N;PL/V;PRS;3;SG	123	yes	yes	no	common (11/150 medial-cap, 4 initial)
statute	statutes	N;PL/V;PRS;3;SG	154	yes	yes	no	common (6/61 medial-cap, 0 initial)
conquer	conquering	V;V.PTCP;PRS	21	yes	yes	no	common (1/96 medial-cap, 1 initial)
pharisee	pharisees	N;PL/V;PRS;3;SG	87	yes	yes	no	proper (20/22 medial-cap, 0 initial)
threaten	threatening	V;V.PTCP;PRS	77	yes	yes	no	common (2/104 medial-cap, 0 initial)
meyer	meyers	N;PL/V;PRS;3;SG	6	yes	yes	no	proper (19/19 medial-cap, 2 initial)
theatre	theatres	N;PL/V;PRS;3;SG	6	yes	yes	no	common (48/300 medial-cap, 0 initial)
concerto	concertos	N;PL/V;PRS;3;SG	5	yes	yes	no	common (5/14 medial-cap, 0 initial)
worst	worsted	V;PST/V;V.PTCP;PST	10	yes	yes	no	common (5/736 medial-cap, 4 initial)
model	modeled	V;PST/V;V.PTCP;PST	5	yes	yes	no	common (19/245 medial-cap, 0 initial)
topp	topping	V;V.PTCP;PRS	6	yes	yes	no	no-census
scor	scoring	V;V.PTCP;PRS	8	yes	yes	no	proper (1/1 medial-cap, 1 initial)
their	theirs	N;PL/V;PRS;3;SG	95	yes	yes	no	common (217/29258 medial-cap, 600 initial)
prolong	prolonged	V;PST/V;V.PTCP;PST	66	yes	yes	no	common (0/61 medial-cap, 0 initial)
underperform	underperforming	V;V.PTCP;PRS	6	yes	yes	no	no-census
olympic	olympics	N;PL/V;PRS;3;SG	9	yes	yes	no	proper (10/10 medial-cap, 0 initial)
oil	oiled	V;PST/V;V.PTCP;PST	6	yes	yes	no	common (698/3804 medial-cap, 69 initial)
presentation	presentations	N;PL/V;PRS;3;SG	10	yes	yes	no	common (3/98 medial-cap, 1 initial)
usage	usages	N;PL/V;PRS;3;SG	13	yes	yes	no	common (5/183 medial-cap, 13 initial)
wander	wandering	V;V.PTCP;PRS	76	yes	yes	no	common (2/133 medial-cap, 2 initial)
emerald	emeralds	N;PL/V;PRS;3;SG	8	yes	yes	no	common (2/33 medial-cap, 2 initial)
trimm	trimmed	V;PST/V;V.PTCP;PST	27	yes	yes	no	common (0/1 medial-cap, 0 initial)
weaken	weakened	V;PST/V;V.PTCP;PST	40	yes	yes	no	common (0/41 medial-cap, 1 initial)
pennie	pennies	N;PL/V;PRS;3;SG	8	yes	yes	no	no-census
insecticide	insecticides	N;PL/V;PRS;3;SG	5	yes	yes	no	common (0/1 medial-cap, 0 initial)
sail	sails	N;PL/V;PRS;3;SG	79	yes	yes	no	common (9/393 medial-cap, 8 initial)
innovation	innovations	N;PL/V;PRS;3;SG	10	yes	yes	no	common (0/24 medial-cap, 0 initial)
payment	payments	N;PL/V;PRS;3;SG	527	yes	yes	no	common (9/489 medial-cap, 17 initial)
handful	handfuls	N;PL/V;PRS;3;SG	13	yes	yes	no	common (0/121 medial-cap, 0 initial)
conquer	conquered	V;PST/V;V.PTCP;PST	25	yes	yes	no	common (1/96 medial-cap, 1 initial)
pigeon	pigeons	N;PL/V;PRS;3;SG	15	yes	yes	no	common (21/112 medial-cap, 0 initial)
remember	remembers	N;PL/V;PRS;3;SG	19	yes	yes	no	common (53/2789 medial-cap, 220 initial)
danger	dangers	N;PL/V;PRS;3;SG	70	yes	yes	no	common (10/1047 medial-cap, 4 initial)
risk	risks	N;PL/V;PRS;3;SG	65	yes	yes	no	common (7/576 medial-cap, 2 initial)
discussion	discussions	N;PL/V;PRS;3;SG	185	yes	yes	no	common (7/410 medial-cap, 6 initial)
prevail	prevailing	V;V.PTCP;PRS	59	yes	yes	no	common (0/162 medial-cap, 0 initial)
appall	appalled	V;PST/V;V.PTCP;PST	7	yes	yes	no	common (0/2 medial-cap, 0 initial)
insurance	insurances	N;PL/V;PRS;3;SG	6	yes	yes	no	common (157/375 medial-cap, 3 initial)
harvest	harvesting	V;V.PTCP;PRS	43	yes	yes	no	common (15/303 medial-cap, 3 initial)
armor	armored	V;PST/V;V.PTCP;PST	5	yes	yes	no	common (2/20 medial-cap, 2 initial)
extend	extended	V;PST/V;V.PTCP;PST	272	yes	yes	no	common (10/188 medial-cap, 4 initial)
heart	hearts	N;PL/V;PRS;3;SG	269	yes	yes	no	common (133/7689 medial-cap, 8 initial)
disposition	dispositions	N;PL/V;PRS;3;SG	10	yes	yes	no	common (0/497 medial-cap, 0 initial)
sway	swayed	V;PST/V;V.PTCP;PST	26	yes	yes	no	common (1/67 medial-cap, 2 initial)
intent	intents	N;PL/V;PRS;3;SG	5	yes	yes	no	common (9/419 medial-cap, 3 initial)
hopp	hopping	V;V.PTCP;PRS	8	yes	yes	no	no-census
qualification	qualifications	N;PL/V;PRS;3;SG	18	yes	yes	no	common (2/42 medial-cap, 0 initial)
beside	besides	N;PL/V;PRS;3;SG	285	yes	yes	no	common (13/1447 medial-cap, 51 initial)
command	commanded	V;PST/V;V.PTCP;PST	504	yes	yes	no	common (29/940 medial-cap, 4 initial)
iron	irons	N;PL/V;PRS;3;SG	27	yes	yes	no	common (45/1206 medial-cap, 6 initial)
total	totaled	V;PST/V;V.PTCP;PST	100	yes	yes	no	common (113/1581 medial-cap, 134 initial)
reckon	reckoning	V;V.PTCP;PRS	23	yes	yes	no	common (0/196 medial-cap, 4 initial)
width	widths	N;PL/V;PRS;3;SG	6	yes	yes	no	common (0/57 medial-cap, 0 initial)
pretend	pretends	N;PL/V;PRS;3;SG	7	yes	yes	no	common (0/268 medial-cap, 1 initial)
darken	darkened	V;PST/V;V.PTCP;PST	39	yes	yes	no	common (0/23 medial-cap, 0 initial)
steel	steels	N;PL/V;PRS;3;SG	9	yes	yes	no	common (141/597 medial-cap, 9 initial)
attraction	attractions	N;PL/V;PRS;3;SG	21	yes	yes	no	common (2/174 medial-cap, 0 initial)
jacob	jacobs	N;PL/V;PRS;3;SG	53	yes	yes	yes	proper (413/413 medial-cap, 3 initial)
harden	hardening	V;V.PTCP;PRS	8	yes	yes	no	common (5/33 medial-cap, 1 initial)
correspond	corresponded	V;PST/V;V.PTCP;PST	6	yes	yes	no	common (0/76 medial-cap, 0 initial)
assail	assailed	V;PST/V;V.PTCP;PST	9	yes	yes	no	common (0/27 medial-cap, 1 initial)
balance	balances	N;PL/V;PRS;3;SG	94	yes	yes	no	common (17/640 medial-cap, 4 initial)
squadron	squadrons	N;PL/V;PRS;3;SG	10	yes	yes	no	common (1/101 medial-cap, 0 initial)
recoil	recoiled	V;PST/V;V.PTCP;PST	5	yes	yes	no	common (0/51 medial-cap, 0 initial)
execution	executions	N;PL/V;PRS;3;SG	7	yes	yes	no	common (2/298 medial-cap, 1 initial)
suggestion	suggestions	N;PL/V;PRS;3;SG	60	yes	yes	no	common (0/286 medial-cap, 0 initial)
deduct	deducting	V;V.PTCP;PRS	11	yes	yes	no	common (0/16 medial-cap, 0 initial)
head	heads	N;PL/V;PRS;3;SG	376	yes	yes	no	common (126/10929 medial-cap, 4 initial)
weigh	weighs	N;PL/V;PRS;3;SG	18	yes	yes	no	common (6/106 medial-cap, 3 initial)
hugg	hugged	V;PST/V;V.PTCP;PST	7	yes	yes	no	common (0/1 medial-cap, 0 initial)
insult	insulting	V;V.PTCP;PRS	18	yes	yes	no	common (4/319 medial-cap, 2 initial)
resist	resisted	V;PST/V;V.PTCP;PST	32	yes	yes	no	common (3/351 medial-cap, 2 initial)
conceit	conceited	V;PST/V;V.PTCP;PST	14	yes	yes	no	common (2/102 medial-cap, 2 initial)
indian	indians	N;PL/V;PRS;3;SG	50	yes	yes	no	proper (407/407 medial-cap, 7 initial)
grievance	grievances	N;PL/V;PRS;3;SG	8	yes	yes	no	common (2/60 medial-cap, 0 initial)
operator	operators	N;PL/V;PRS;3;SG	97	yes	yes	no	common (0/110 medial-cap, 0 initial)
jackson	jacksons	N;PL/V;PRS;3;SG	9	yes	yes	no	proper (108/108 medial-cap, 7 initial)
exist	existing	V;V.PTCP;PRS	309	yes	yes	no	common (0/373 medial-cap, 1 initial)
dane	danes	N;PL/V;PRS;3;SG	7	yes	yes	no	proper (12/12 medial-cap, 1 initial)
prohibit	prohibited	V;PST/V;V.PTCP;PST	26	yes	yes	no	common (0/13 medial-cap, 0 initial)
lower	lowers	N;PL/V;PRS;3;SG	35	yes	yes	no	common (126/1760 medial-cap, 36 initial)
hunter	hunters	N;PL/V;PRS;3;SG	54	yes	yes	no	dual (75/166 medial-cap, 3 initial)
unadjust	unadjusted	V;PST/V;V.PTCP;PST	75	yes	yes	no	no-census
clement	clements	N;PL/V;PRS;3;SG	6	yes	yes	no	proper (10/12 medial-cap, 0 initial)
ground	grounded	V;PST/V;V.PTCP;PST	25	yes	yes	no	common (18/2779 medial-cap, 2 initial)
steam	steamed	V;PST/V;V.PTCP;PST	7	yes	yes	no	common (10/194 medial-cap, 3 initial)
strengthen	strengthened	V;PST/V;V.PTCP;PST	113	yes	yes	no	common (6/162 medial-cap, 1 initial)
verne	vernes	N;PL/V;PRS;3;SG	13	yes	yes	no	proper (1/1 medial-cap, 0 initial)
formation	formations	N;PL/V;PRS;3;SG	13	yes	yes	no	common (6/124 medial-cap, 1 initial)
registration	registrations	N;PL/V;PRS;3;SG	58	yes	yes	no	common (3/64 medial-cap, 0 initial)
embolden	emboldened	V;PST/V;V.PTCP;PST	8	yes	yes	no	no-census
tempt	tempted	V;PST/V;V.PTCP;PST	77	yes	yes	no	common (2/104 medial-cap, 0 initial)
stepp	stepped	V;PST/V;V.PTCP;PST	133	yes	yes	no	proper (1/1 medial-cap, 0 initial)
lull	lulled	V;PST/V;V.PTCP;PST	6	yes	yes	no	common (1/53 medial-cap, 1 initial)
neighbour	neighbours	N;PL/V;PRS;3;SG	89	yes	yes	no	common (1/405 medial-cap, 2 initial)
barr	barred	V;PST/V;V.PTCP;PST	26	yes	yes	no	proper (2/4 medial-cap, 0 initial)
mottl	mottled	V;PST/V;V.PTCP;PST	9	yes	yes	no	no-census
theater	theaters	N;PL/V;PRS;3;SG	15	yes	yes	no	common (18/109 medial-cap, 1 initial)
mcandrew	mcandrews	N;PL/V;PRS;3;SG	5	yes	yes	no	no-census
demand	demanding	V;V.PTCP;PRS	55	yes	yes	no	common (46/1156 medial-cap, 12 initial)
comfort	comforted	V;PST/V;V.PTCP;PST	52	yes	yes	no	common (6/1234 medial-cap, 6 initial)
obey	obeyed	V;PST/V;V.PTCP;PST	68	yes	yes	no	common (6/370 medial-cap, 5 initial)
cancel	canceled	V;PST/V;V.PTCP;PST	11	yes	yes	no	common (2/39 medial-cap, 1 initial)
straighten	straightening	V;V.PTCP;PRS	8	yes	yes	no	common (0/10 medial-cap, 1 initial)
insinuation	insinuations	N;PL/V;PRS;3;SG	7	yes	yes	no	common (1/17 medial-cap, 0 initial)
favor	favors	N;PL/V;PRS;3;SG	26	yes	yes	no	common (2/312 medial-cap, 1 initial)
alarm	alarms	N;PL/V;PRS;3;SG	10	yes	yes	no	common (4/586 medial-cap, 2 initial)
heed	heeded	V;PST/V;V.PTCP;PST	9	yes	yes	no	common (2/253 medial-cap, 5 initial)
preceed	preceeding	V;V.PTCP;PRS	6	yes	yes	no	no-census
phillip	phillips	N;PL/V;PRS;3;SG	57	yes	yes	no	proper (5/5 medial-cap, 1 initial)
maintain	maintains	N;PL/V;PRS;3;SG	40	yes	yes	no	common (3/414 medial-cap, 1 initial)
argosystem	argosystems	N;PL/V;PRS;3;SG	20	yes	yes	no	no-census
depict	depicted	V;PST/V;V.PTCP;PST	13	yes	yes	no	common (0/25 medial-cap, 0 initial)
hopkin	hopkins	N;PL/V;PRS;3;SG	26	yes	yes	no	no-census
takeover	takeovers	N;PL/V;PRS;3;SG	41	yes	yes	no	common (68/404 medial-cap, 4 initial)
mixture	mixtures	N;PL/V;PRS;3;SG	8	yes	yes	no	common (2/220 medial-cap, 0 initial)
flounder	floundering	V;V.PTCP;PRS	7	yes	yes	no	common (0/6 medial-cap, 0 initial)
prescription	prescriptions	N;PL/V;PRS;3;SG	6	yes	yes	no	common (0/44 medial-cap, 0 initial)
approval	approvals	N;PL/V;PRS;3;SG	68	yes	yes	no	common (8/580 medial-cap, 1 initial)
frighten	frightened	V;PST/V;V.PTCP;PST	132	yes	yes	no	common (1/179 medial-cap, 0 initial)
sister	sisters	N;PL/V;PRS;3;SG	188	yes	yes	no	common (94/3648 medial-cap, 31 initial)
witt	witted	V;PST/V;V.PTCP;PST	8	yes	yes	no	proper (3/3 medial-cap, 1 initial)
commitment	commitments	N;PL/V;PRS;3;SG	153	yes	yes	no	common (5/99 medial-cap, 1 initial)
opera	operas	N;PL/V;PRS;3;SG	6	yes	yes	no	common (89/270 medial-cap, 3 initial)
rumor	rumors	N;PL/V;PRS;3;SG	104	yes	yes	no	common (8/53 medial-cap, 5 initial)
depend	depends	N;PL/V;PRS;3;SG	158	yes	yes	no	common (4/410 medial-cap, 35 initial)
night	nights	N;PL/V;PRS;3;SG	138	yes	yes	no	common (164/8957 medial-cap, 61 initial)
tend	tends	N;PL/V;PRS;3;SG	41	yes	yes	no	common (0/155 medial-cap, 1 initial)
insist	insists	N;PL/V;PRS;3;SG	27	yes	yes	no	common (0/270 medial-cap, 0 initial)
eskimo	eskimos	N;PL/V;PRS;3;SG	5	yes	yes	no	proper (4/4 medial-cap, 0 initial)
region	regions	N;PL/V;PRS;3;SG	110	yes	yes	no	common (10/357 medial-cap, 0 initial)
elia	elias	N;PL/V;PRS;3;SG	32	yes	yes	no	no-census
gallow	gallows	N;PL/V;PRS;3;SG	19	yes	yes	no	no-census
exceed	exceeds	N;PL/V;PRS;3;SG	26	yes	yes	no	common (3/167 medial-cap, 0 initial)
warrant	warrants	N;PL/V;PRS;3;SG	133	yes	yes	no	common (6/204 medial-cap, 2 initial)
fir	firs	N;PL/V;PRS;3;SG	8	yes	yes	no	common (35/98 medial-cap, 0 initial)
staff	staffs	N;PL/V;PRS;3;SG	12	yes	yes	no	common (32/528 medial-cap, 1 initial)
crack	cracking	V;V.PTCP;PRS	33	yes	yes	no	common (0/164 medial-cap, 5 initial)
trust	trusts	N;PL/V;PRS;3;SG	22	yes	yes	no	common (250/1570 medial-cap, 30 initial)
divest	divested	V;PST/V;V.PTCP;PST	14	yes	yes	no	common (8/46 medial-cap, 0 initial)
kuwaiti	kuwaitis	N;PL/V;PRS;3;SG	7	yes	yes	no	proper (88/88 medial-cap, 5 initial)
exert	exerted	V;PST/V;V.PTCP;PST	26	yes	yes	no	common (0/102 medial-cap, 1 initial)
terror	terrors	N;PL/V;PRS;3;SG	43	yes	yes	no	common (9/803 medial-cap, 9 initial)
flagg	flagging	V;V.PTCP;PRS	7	yes	yes	no	common (0/1 medial-cap, 0 initial)
decoration	decorations	N;PL/V;PRS;3;SG	9	yes	yes	no	common (0/50 medial-cap, 0 initial)
scour	scoured	V;PST/V;V.PTCP;PST	6	yes	yes	no	common (0/10 medial-cap, 0 initial)
governor	governors	N;PL/V;PRS;3;SG	84	yes	yes	no	common (177/801 medial-cap, 18 initial)
roof	roofing	V;V.PTCP;PRS	6	yes	yes	no	common (1/635 medial-cap, 0 initial)
weather	weathered	V;PST/V;V.PTCP;PST	8	yes	yes	no	common (50/1067 medial-cap, 11 initial)
blackmail	blackmailed	V;PST/V;V.PTCP;PST	7	yes	yes	no	common (0/6 medial-cap, 0 initial)
bourbon	bourbons	N;PL/V;PRS;3;SG	7	yes	yes	no	proper (20/24 medial-cap, 0 initial)
communication	communications	N;PL/V;PRS;3;SG	242	yes	yes	no	common (11/495 medial-cap, 3 initial)
fix	fixed	V;PST/V;V.PTCP;PST	514	yes	yes	no	common (3/233 medial-cap, 2 initial)
institution	institutions	N;PL/V;PRS;3;SG	248	yes	yes	no	common (37/207 medial-cap, 0 initial)
favour	favours	N;PL/V;PRS;3;SG	13	yes	yes	no	common (5/1014 medial-cap, 3 initial)
branche	branches	N;PL/V;PRS;3;SG	221	yes	yes	no	no-census
sponsor	sponsors	N;PL/V;PRS;3;SG	14	yes	yes	no	common (5/30 medial-cap, 2 initial)
campbell	campbells	N;PL/V;PRS;3;SG	26	yes	yes	no	proper (64/64 medial-cap, 15 initial)
brahm	brahms	N;PL/V;PRS;3;SG	7	yes	yes	no	proper (1/1 medial-cap, 0 initial)
export	exports	N;PL/V;PRS;3;SG	1257	yes	yes	no	common (172/1044 medial-cap, 34 initial)
bestow	bestowing	V;V.PTCP;PRS	5	yes	yes	no	common (0/214 medial-cap, 4 initial)
outweigh	outweighed	V;PST/V;V.PTCP;PST	11	yes	yes	no	common (0/17 medial-cap, 0 initial)
succeed	succeeded	V;PST/V;V.PTCP;PST	112	yes	yes	no	common (3/276 medial-cap, 1 initial)
cushion	cushioning	V;V.PTCP;PRS	6	yes	yes	no	common (1/91 medial-cap, 0 initial)
fran	frans	N;PL/V;PRS;3;SG	11	yes	yes	no	proper (4/4 medial-cap, 9 initial)
warn	warning	V;V.PTCP;PRS	181	yes	yes	no	common (4/351 medial-cap, 6 initial)
liquid	liquids	N;PL/V;PRS;3;SG	35	yes	yes	no	common (5/186 medial-cap, 2 initial)
sweepstake	sweepstakes	N;PL/V;PRS;3;SG	32	yes	yes	no	no-census
separation	separations	N;PL/V;PRS;3;SG	5	yes	yes	no	common (3/299 medial-cap, 3 initial)
connect	connected	V;PST/V;V.PTCP;PST	123	yes	yes	no	common (0/51 medial-cap, 0 initial)
lack	lacks	N;PL/V;PRS;3;SG	32	yes	yes	no	common (3/367 medial-cap, 2 initial)
proclaim	proclaiming	V;V.PTCP;PRS	11	yes	yes	no	common (3/75 medial-cap, 1 initial)
exceed	exceeded	V;PST/V;V.PTCP;PST	41	yes	yes	no	common (3/167 medial-cap, 0 initial)
abound	abounding	V;V.PTCP;PRS	13	yes	yes	no	common (0/49 medial-cap, 0 initial)
talk	talks	N;PL/V;PRS;3;SG	783	yes	yes	no	common (20/3169 medial-cap, 56 initial)
sober	sobering	V;V.PTCP;PRS	6	yes	yes	no	common (4/221 medial-cap, 0 initial)
allow	allowing	V;V.PTCP;PRS	122	yes	yes	no	common (25/1498 medial-cap, 88 initial)
pertain	pertaining	V;V.PTCP;PRS	20	yes	yes	no	common (0/9 medial-cap, 0 initial)
soul	souls	N;PL/V;PRS;3;SG	172	yes	yes	no	common (27/3123 medial-cap, 3 initial)
persist	persisting	V;V.PTCP;PRS	13	yes	yes	no	common (2/93 medial-cap, 0 initial)
appall	appalling	V;V.PTCP;PRS	20	yes	yes	no	common (0/2 medial-cap, 0 initial)
appearance	appearances	N;PL/V;PRS;3;SG	38	yes	yes	no	common (5/1817 medial-cap, 2 initial)
replant	replanting	V;V.PTCP;PRS	7	yes	yes	no	no-census
greeting	greetings	N;PL/V;PRS;3;SG	18	yes	yes	no	common (1/147 medial-cap, 2 initial)
decant	decanting	V;V.PTCP;PRS	8	yes	yes	no	no-census
bett	betting	V;V.PTCP;PRS	9	yes	yes	no	no-census
rapp	rapping	V;V.PTCP;PRS	6	yes	yes	no	proper (11/11 medial-cap, 0 initial)
embark	embarked	V;PST/V;V.PTCP;PST	11	yes	yes	no	common (0/42 medial-cap, 0 initial)
redemption	redemptions	N;PL/V;PRS;3;SG	9	yes	yes	no	common (0/58 medial-cap, 0 initial)
grassland	grasslands	N;PL/V;PRS;3;SG	6	yes	yes	no	common (0/2 medial-cap, 0 initial)
front	fronting	V;V.PTCP;PRS	7	yes	yes	no	common (7/1807 medial-cap, 2 initial)
boy	boys	N;PL/V;PRS;3;SG	324	yes	yes	no	common (113/4611 medial-cap, 25 initial)
limitation	limitations	N;PL/V;PRS;3;SG	40	yes	yes	no	common (0/41 medial-cap, 0 initial)
distort	distorted	V;PST/V;V.PTCP;PST	26	yes	yes	no	common (0/21 medial-cap, 0 initial)
remember	remembered	V;PST/V;V.PTCP;PST	248	yes	yes	no	common (53/2789 medial-cap, 220 initial)
strengthen	strengthens	N;PL/V;PRS;3;SG	9	yes	yes	no	common (6/162 medial-cap, 1 initial)
confirm	confirming	V;V.PTCP;PRS	22	yes	yes	no	common (0/167 medial-cap, 0 initial)
detect	detecting	V;V.PTCP;PRS	13	yes	yes	no	common (0/74 medial-cap, 0 initial)
correct	corrected	V;PST/V;V.PTCP;PST	72	yes	yes	no	common (7/417 medial-cap, 2 initial)
delay	delayed	V;PST/V;V.PTCP;PST	147	yes	yes	no	common (9/573 medial-cap, 2 initial)
arena	arenas	N;PL/V;PRS;3;SG	7	yes	yes	no	common (0/27 medial-cap, 0 initial)
adopt	adopts	N;PL/V;PRS;3;SG	17	yes	yes	no	common (1/160 medial-cap, 1 initial)
rhode	rhodes	N;PL/V;PRS;3;SG	15	yes	yes	no	proper (116/116 medial-cap, 5 initial)
intermedic	intermedics	N;PL/V;PRS;3;SG	11	yes	yes	no	no-census
succeed	succeeds	N;PL/V;PRS;3;SG	23	yes	yes	no	common (3/276 medial-cap, 1 initial)
tonnage	tonnages	N;PL/V;PRS;3;SG	6	yes	yes	no	common (3/52 medial-cap, 0 initial)
detergent	detergents	N;PL/V;PRS;3;SG	7	yes	yes	no	common (0/25 medial-cap, 1 initial)
laps	lapsed	V;PST/V;V.PTCP;PST	10	yes	yes	no	common (0/15 medial-cap, 0 initial)
thought	thoughts	N;PL/V;PRS;3;SG	385	yes	yes	no	common (27/12531 medial-cap, 27 initial)
shepherd	shepherds	N;PL/V;PRS;3;SG	44	yes	yes	no	common (72/277 medial-cap, 0 initial)
scatter	scattered	V;PST/V;V.PTCP;PST	153	yes	yes	no	common (3/78 medial-cap, 1 initial)
insult	insulted	V;PST/V;V.PTCP;PST	24	yes	yes	no	common (4/319 medial-cap, 2 initial)
men	mens	N;PL/V;PRS;3;SG	7	yes	yes	no	common (108/9255 medial-cap, 168 initial)
herr	herring	V;V.PTCP;PRS	19	yes	yes	no	proper (56/56 medial-cap, 13 initial)
willow	willows	N;PL/V;PRS;3;SG	6	yes	yes	no	common (2/44 medial-cap, 1 initial)
cuban	cubans	N;PL/V;PRS;3;SG	5	yes	yes	no	proper (30/33 medial-cap, 4 initial)
signal	signaled	V;PST/V;V.PTCP;PST	6	yes	yes	no	common (40/378 medial-cap, 2 initial)
receipt	receipts	N;PL/V;PRS;3;SG	58	yes	yes	no	common (1/236 medial-cap, 1 initial)
foot	footing	V;V.PTCP;PRS	18	yes	yes	no	common (15/1725 medial-cap, 1 initial)
defeat	defeated	V;PST/V;V.PTCP;PST	44	yes	yes	no	common (7/166 medial-cap, 2 initial)
conviction	convictions	N;PL/V;PRS;3;SG	30	yes	yes	no	common (1/586 medial-cap, 0 initial)
tighten	tightened	V;PST/V;V.PTCP;PST	26	yes	yes	no	common (3/42 medial-cap, 0 initial)
capital	capitals	N;PL/V;PRS;3;SG	17	yes	yes	no	common (206/1427 medial-cap, 52 initial)
arabian	arabians	N;PL/V;PRS;3;SG	7	yes	yes	no	proper (83/83 medial-cap, 0 initial)
fruit	fruits	N;PL/V;PRS;3;SG	123	yes	yes	no	common (11/590 medial-cap, 3 initial)
accomplishment	accomplishments	N;PL/V;PRS;3;SG	30	yes	yes	no	common (2/78 medial-cap, 0 initial)
mission	missions	N;PL/V;PRS;3;SG	34	yes	yes	no	common (25/266 medial-cap, 5 initial)
goe	goes	N;PL/V;PRS;3;SG	443	yes	yes	no	common (4/33 medial-cap, 3 initial)
depend	depended	V;PST/V;V.PTCP;PST	70	yes	yes	no	common (4/410 medial-cap, 35 initial)
acquaintance	acquaintances	N;PL/V;PRS;3;SG	8	yes	yes	no	common (24/1125 medial-cap, 1 initial)
import	imports	N;PL/V;PRS;3;SG	984	yes	yes	no	common (47/472 medial-cap, 6 initial)
asian	asians	N;PL/V;PRS;3;SG	11	yes	yes	no	proper (72/72 medial-cap, 4 initial)
achievement	achievements	N;PL/V;PRS;3;SG	46	yes	yes	no	common (8/115 medial-cap, 0 initial)
conductor	conductors	N;PL/V;PRS;3;SG	5	yes	yes	no	common (1/79 medial-cap, 0 initial)
habit	habits	N;PL/V;PRS;3;SG	82	yes	yes	no	common (1/771 medial-cap, 6 initial)
recommend	recommends	N;PL/V;PRS;3;SG	17	yes	yes	no	common (4/295 medial-cap, 1 initial)
depth	depths	N;PL/V;PRS;3;SG	67	yes	yes	no	common (0/291 medial-cap, 0 initial)
salad	salads	N;PL/V;PRS;3;SG	8	yes	yes	no	common (4/55 medial-cap, 0 initial)
resolution	resolutions	N;PL/V;PRS;3;SG	22	yes	yes	no	common (15/720 medial-cap, 1 initial)
fortification	fortifications	N;PL/V;PRS;3;SG	5	yes	yes	no	common (0/14 medial-cap, 0 initial)
brown	browning	V;V.PTCP;PRS	13	yes	yes	no	proper (786/1468 medial-cap, 38 initial)
mold	molds	N;PL/V;PRS;3;SG	7	yes	yes	no	common (0/47 medial-cap, 1 initial)
encrypt	encrypted	V;PST/V;V.PTCP;PST	8	yes	yes	no	no-census
whipp	whipping	V;V.PTCP;PRS	15	yes	yes	no	no-census
syrian	syrians	N;PL/V;PRS;3;SG	62	yes	yes	no	proper (29/29 medial-cap, 0 initial)
respect	respects	N;PL/V;PRS;3;SG	59	yes	yes	no	common (9/1496 medial-cap, 14 initial)
vine	vines	N;PL/V;PRS;3;SG	42	yes	yes	no	common (1/110 medial-cap, 0 initial)
enjoy	enjoyed	V;PST/V;V.PTCP;PST	107	yes	yes	no	common (2/486 medial-cap, 1 initial)
depict	depicting	V;V.PTCP;PRS	9	yes	yes	no	common (0/25 medial-cap, 0 initial)
pyramid	pyramids	N;PL/V;PRS;3;SG	11	yes	yes	no	common (1/38 medial-cap, 0 initial)
correct	correcting	V;V.PTCP;PRS	14	yes	yes	no	common (7/417 medial-cap, 2 initial)
disappear	disappears	N;PL/V;PRS;3;SG	32	yes	yes	no	common (0/120 medial-cap, 0 initial)
acid	acids	N;PL/V;PRS;3;SG	9	yes	yes	no	common (1/55 medial-cap, 0 initial)
disappoint	disappointed	V;PST/V;V.PTCP;PST	120	yes	yes	no	common (0/59 medial-cap, 0 initial)
bueno	buenos	N;PL/V;PRS;3;SG	34	yes	yes	no	dual (0/0 medial-cap, 1 initial)
widen	widening	V;V.PTCP;PRS	27	yes	yes	no	common (2/30 medial-cap, 1 initial)
foundation	foundations	N;PL/V;PRS;3;SG	74	yes	yes	no	common (44/306 medial-cap, 1 initial)
disturbance	disturbances	N;PL/V;PRS;3;SG	8	yes	yes	no	common (0/126 medial-cap, 0 initial)
hampton	hamptons	N;PL/V;PRS;3;SG	5	yes	yes	no	proper (20/20 medial-cap, 0 initial)
air	aired	V;PST/V;V.PTCP;PST	6	yes	yes	no	common (186/4255 medial-cap, 16 initial)
banana	bananas	N;PL/V;PRS;3;SG	7	yes	yes	no	common (0/5 medial-cap, 0 initial)
debt	debts	N;PL/V;PRS;3;SG	83	yes	yes	no	common (60/1149 medial-cap, 4 initial)
weight	weights	N;PL/V;PRS;3;SG	29	yes	yes	no	common (2/699 medial-cap, 1 initial)
need	needing	V;V.PTCP;PRS	17	yes	yes	no	common (19/2871 medial-cap, 15 initial)
gear	gears	N;PL/V;PRS;3;SG	7	yes	yes	no	common (6/63 medial-cap, 1 initial)
constraint	constraints	N;PL/V;PRS;3;SG	21	yes	yes	no	common (0/107 medial-cap, 0 initial)
recollect	recollecting	V;V.PTCP;PRS	24	yes	yes	no	common (8/422 medial-cap, 21 initial)
triumph	triumphed	V;PST/V;V.PTCP;PST	5	yes	yes	no	common (15/503 medial-cap, 1 initial)
declaration	declarations	N;PL/V;PRS;3;SG	6	yes	yes	no	common (19/268 medial-cap, 1 initial)
courtier	courtiers	N;PL/V;PRS;3;SG	33	yes	yes	no	common (6/38 medial-cap, 0 initial)
brussel	brussels	N;PL/V;PRS;3;SG	33	yes	yes	no	no-census
center	centers	N;PL/V;PRS;3;SG	131	yes	yes	no	common (69/368 medial-cap, 1 initial)
stephen	stephens	N;PL/V;PRS;3;SG	11	yes	yes	yes	proper (48/48 medial-cap, 6 initial)
defend	defends	N;PL/V;PRS;3;SG	14	yes	yes	no	common (6/318 medial-cap, 5 initial)
jail	jails	N;PL/V;PRS;3;SG	5	yes	yes	no	common (18/140 medial-cap, 1 initial)
endanger	endangered	V;PST/V;V.PTCP;PST	15	yes	yes	no	common (0/15 medial-cap, 0 initial)
mexicano	mexicanos	N;PL/V;PRS;3;SG	6	yes	yes	no	no-census
pfennig	pfennigs	N;PL/V;PRS;3;SG	7	yes	yes	no	common (0/3 medial-cap, 0 initial)
carpet	carpets	N;PL/V;PRS;3;SG	8	yes	yes	no	common (3/278 medial-cap, 1 initial)
loading	loadings	N;PL/V;PRS;3;SG	9	yes	yes	no	common (12/102 medial-cap, 2 initial)
american	americans	N;PL/V;PRS;3;SG	702	yes	yes	no	proper (1790/1799 medial-cap, 182 initial)
concert	concerts	N;PL/V;PRS;3;SG	28	yes	yes	no	common (7/137 medial-cap, 1 initial)
pertain	pertains	N;PL/V;PRS;3;SG	11	yes	yes	no	common (0/9 medial-cap, 0 initial)
indoor	indoors	N;PL/V;PRS;3;SG	11	yes	yes	no	common (0/28 medial-cap, 0 initial)
perform	performing	V;V.PTCP;PRS	78	yes	yes	no	common (1/274 medial-cap, 2 initial)
dismay	dismayed	V;PST/V;V.PTCP;PST	42	yes	yes	no	common (0/203 medial-cap, 2 initial)
avert	averting	V;V.PTCP;PRS	11	yes	yes	no	common (5/51 medial-cap, 0 initial)
room	rooms	N;PL/V;PRS;3;SG	148	yes	yes	no	common (57/11154 medial-cap, 4 initial)
reason	reasoned	V;PST/V;V.PTCP;PST	23	yes	yes	no	common (37/3385 medial-cap, 9 initial)
own	owning	V;V.PTCP;PRS	32	yes	yes	no	common (21/15531 medial-cap, 4 initial)
collect	collects	N;PL/V;PRS;3;SG	13	yes	yes	no	common (1/149 medial-cap, 2 initial)
solution	solutions	N;PL/V;PRS;3;SG	63	yes	yes	no	common (8/199 medial-cap, 0 initial)
scent	scented	V;PST/V;V.PTCP;PST	22	yes	yes	no	common (2/171 medial-cap, 0 initial)
impart	imparts	N;PL/V;PRS;3;SG	6	yes	yes	no	common (1/87 medial-cap, 0 initial)
embalm	embalmed	V;PST/V;V.PTCP;PST	10	yes	yes	no	common (1/5 medial-cap, 0 initial)
print	printing	V;V.PTCP;PRS	93	yes	yes	no	common (15/181 medial-cap, 2 initial)
astound	astounding	V;V.PTCP;PRS	9	yes	yes	no	common (0/5 medial-cap, 0 initial)
administer	administered	V;PST/V;V.PTCP;PST	31	yes	yes	no	common (0/48 medial-cap, 0 initial)
warp	warping	V;V.PTCP;PRS	6	yes	yes	no	common (0/45 medial-cap, 0 initial)
assumption	assumptions	N;PL/V;PRS;3;SG	35	yes	yes	no	common (5/146 medial-cap, 3 initial)
red	reds	N;PL/V;PRS;3;SG	8	yes	yes	no	common (213/2371 medial-cap, 25 initial)
betray	betraying	V;V.PTCP;PRS	12	yes	yes	no	common (0/192 medial-cap, 1 initial)
acknowledgment	acknowledgments	N;PL/V;PRS;3;SG	5	yes	yes	no	common (0/108 medial-cap, 0 initial)
bankshare	bankshares	N;PL/V;PRS;3;SG	6	yes	yes	no	no-census
evan	evans	N;PL/V;PRS;3;SG	34	yes	yes	no	proper (100/100 medial-cap, 42 initial)
rothman	rothmans	N;PL/V;PRS;3;SG	7	yes	yes	no	proper (1/1 medial-cap, 0 initial)
abound	abounded	V;PST/V;V.PTCP;PST	11	yes	yes	no	common (0/49 medial-cap, 0 initial)
may	mays	N;PL/V;PRS;3;SG	17	yes	yes	no	common (1746/16534 medial-cap, 352 initial)
cloy	cloying	V;V.PTCP;PRS	8	yes	yes	no	common (0/1 medial-cap, 0 initial)
preparation	preparations	N;PL/V;PRS;3;SG	39	yes	yes	no	common (4/317 medial-cap, 12 initial)
exploration	explorations	N;PL/V;PRS;3;SG	8	yes	yes	no	common (77/320 medial-cap, 5 initial)
hitt	hitting	V;V.PTCP;PRS	55	yes	yes	no	no-census
retain	retained	V;PST/V;V.PTCP;PST	109	yes	yes	no	common (1/220 medial-cap, 0 initial)
brick	bricks	N;PL/V;PRS;3;SG	13	yes	yes	no	common (61/250 medial-cap, 0 initial)
impassion	impassioned	V;PST/V;V.PTCP;PST	11	yes	yes	no	no-census
obtain	obtains	N;PL/V;PRS;3;SG	5	yes	yes	no	common (2/411 medial-cap, 0 initial)
strength	strengths	N;PL/V;PRS;3;SG	17	yes	yes	no	common (12/1662 medial-cap, 5 initial)
electronic	electronics	N;PL/V;PRS;3;SG	159	yes	yes	no	common (11/152 medial-cap, 3 initial)
andre	andres	N;PL/V;PRS;3;SG	6	yes	yes	no	proper (5/5 medial-cap, 2 initial)
bann	banning	V;V.PTCP;PRS	6	yes	yes	no	no-census
extend	extends	N;PL/V;PRS;3;SG	62	yes	yes	no	common (10/188 medial-cap, 4 initial)
museum	museums	N;PL/V;PRS;3;SG	13	yes	yes	no	proper (46/81 medial-cap, 0 initial)
neighborhood	neighborhoods	N;PL/V;PRS;3;SG	41	yes	yes	no	common (0/181 medial-cap, 0 initial)
treatment	treatments	N;PL/V;PRS;3;SG	18	yes	yes	no	common (2/432 medial-cap, 3 initial)
denomination	denominations	N;PL/V;PRS;3;SG	19	yes	yes	no	common (0/24 medial-cap, 0 initial)
labor	laboring	V;V.PTCP;PRS	7	yes	yes	no	common (46/371 medial-cap, 9 initial)
construction	constructions	N;PL/V;PRS;3;SG	11	yes	yes	no	common (14/333 medial-cap, 13 initial)
paint	painted	V;PST/V;V.PTCP;PST	101	yes	yes	no	common (8/249 medial-cap, 5 initial)
murderer	murderers	N;PL/V;PRS;3;SG	34	yes	yes	no	common (7/259 medial-cap, 3 initial)
arrangement	arrangements	N;PL/V;PRS;3;SG	115	yes	yes	no	common (0/437 medial-cap, 2 initial)
million	millions	N;PL/V;PRS;3;SG	257	yes	yes	no	common (7/422 medial-cap, 0 initial)
larkin	larkins	N;PL/V;PRS;3;SG	14	yes	yes	no	proper (9/9 medial-cap, 1 initial)
dread	dreaded	V;PST/V;V.PTCP;PST	28	yes	yes	no	common (1/566 medial-cap, 4 initial)
length	lengths	N;PL/V;PRS;3;SG	34	yes	yes	no	common (3/1745 medial-cap, 2 initial)
concern	concerning	V;V.PTCP;PRS	415	yes	yes	no	common (13/647 medial-cap, 12 initial)
aspiration	aspirations	N;PL/V;PRS;3;SG	40	yes	yes	no	common (0/31 medial-cap, 0 initial)
lion	lions	N;PL/V;PRS;3;SG	56	yes	yes	no	common (82/378 medial-cap, 6 initial)
liv	living	V;V.PTCP;PRS	851	yes	yes	no	proper (20/23 medial-cap, 3 initial)
discover	discovered	V;PST/V;V.PTCP;PST	190	yes	yes	no	common (0/406 medial-cap, 1 initial)
met	mets	N;PL/V;PRS;3;SG	12	yes	yes	no	common (17/2340 medial-cap, 8 initial)
eddie	eddies	N;PL/V;PRS;3;SG	12	yes	yes	no	proper (89/89 medial-cap, 9 initial)
accept	accepting	V;V.PTCP;PRS	68	yes	yes	no	common (12/898 medial-cap, 14 initial)
sinn	sinned	V;PST/V;V.PTCP;PST	134	yes	yes	no	common (0/2 medial-cap, 0 initial)
edward	edwards	N;PL/V;PRS;3;SG	13	yes	yes	yes	proper (480/480 medial-cap, 50 initial)
comparison	comparisons	N;PL/V;PRS;3;SG	40	yes	yes	no	common (1/315 medial-cap, 1 initial)
introduction	introductions	N;PL/V;PRS;3;SG	10	yes	yes	no	common (9/296 medial-cap, 8 initial)
condemn	condemning	V;V.PTCP;PRS	15	yes	yes	no	common (1/132 medial-cap, 1 initial)
delegation	delegations	N;PL/V;PRS;3;SG	24	yes	yes	no	common (3/58 medial-cap, 0 initial)
fear	fearing	V;V.PTCP;PRS	32	yes	yes	no	common (62/2665 medial-cap, 37 initial)
suspend	suspends	N;PL/V;PRS;3;SG	15	yes	yes	no	common (0/56 medial-cap, 3 initial)
sail	sailed	V;PST/V;V.PTCP;PST	78	yes	yes	no	common (9/393 medial-cap, 8 initial)
label	labeling	V;V.PTCP;PRS	5	yes	yes	no	common (1/47 medial-cap, 0 initial)
restraint	restraints	N;PL/V;PRS;3;SG	37	yes	yes	no	common (1/184 medial-cap, 0 initial)
amendment	amendments	N;PL/V;PRS;3;SG	38	yes	yes	no	common (8/95 medial-cap, 0 initial)
accomplice	accomplices	N;PL/V;PRS;3;SG	7	yes	yes	no	common (0/60 medial-cap, 0 initial)
film	filmed	V;PST/V;V.PTCP;PST	6	yes	yes	no	common (8/139 medial-cap, 0 initial)
hover	hovering	V;V.PTCP;PRS	38	yes	yes	no	common (2/39 medial-cap, 0 initial)
action	actions	N;PL/V;PRS;3;SG	263	yes	yes	no	common (62/1880 medial-cap, 5 initial)
cathode	cathodes	N;PL/V;PRS;3;SG	6	yes	yes	no	common (0/20 medial-cap, 2 initial)
oil	oils	N;PL/V;PRS;3;SG	201	yes	yes	no	common (698/3804 medial-cap, 69 initial)
alarm	alarming	V;V.PTCP;PRS	21	yes	yes	no	common (4/586 medial-cap, 2 initial)
adopt	adopted	V;PST/V;V.PTCP;PST	147	yes	yes	no	common (1/160 medial-cap, 1 initial)
harden	hardened	V;PST/V;V.PTCP;PST	63	yes	yes	no	common (5/33 medial-cap, 1 initial)
weigh	weighed	V;PST/V;V.PTCP;PST	43	yes	yes	no	common (6/106 medial-cap, 3 initial)
saxon	saxons	N;PL/V;PRS;3;SG	9	yes	yes	no	proper (38/38 medial-cap, 2 initial)
dew	dews	N;PL/V;PRS;3;SG	11	yes	yes	no	common (2/125 medial-cap, 2 initial)
background	backgrounds	N;PL/V;PRS;3;SG	17	yes	yes	no	common (0/213 medial-cap, 1 initial)
underwood	underwoods	N;PL/V;PRS;3;SG	5	yes	yes	no	proper (2/4 medial-cap, 0 initial)
pavement	pavements	N;PL/V;PRS;3;SG	10	yes	yes	no	common (2/363 medial-cap, 0 initial)
enable	enables	N;PL/V;PRS;3;SG	17	yes	yes	no	common (0/257 medial-cap, 0 initial)
cabinet	cabinets	N;PL/V;PRS;3;SG	7	yes	yes	no	common (31/188 medial-cap, 5 initial)
carriage	carriages	N;PL/V;PRS;3;SG	58	yes	yes	no	common (6/1929 medial-cap, 0 initial)
madden	maddening	V;V.PTCP;PRS	10	yes	yes	no	proper (10/17 medial-cap, 8 initial)
suspicion	suspicions	N;PL/V;PRS;3;SG	39	yes	yes	no	common (3/726 medial-cap, 6 initial)
correct	corrects	N;PL/V;PRS;3;SG	31	yes	yes	no	common (7/417 medial-cap, 2 initial)
motion	motioned	V;PST/V;V.PTCP;PST	5	yes	yes	no	common (7/461 medial-cap, 1 initial)
insist	insisted	V;PST/V;V.PTCP;PST	83	yes	yes	no	common (0/270 medial-cap, 0 initial)
word	wording	V;V.PTCP;PRS	12	yes	yes	no	common (47/6676 medial-cap, 8 initial)
petromineral	petrominerals	N;PL/V;PRS;3;SG	5	yes	yes	no	no-census
suggest	suggests	N;PL/V;PRS;3;SG	62	yes	yes	no	common (4/307 medial-cap, 1 initial)
economic	economics	N;PL/V;PRS;3;SG	69	yes	yes	no	common (231/1254 medial-cap, 35 initial)
russian	russians	N;PL/V;PRS;3;SG	37	yes	yes	no	proper (856/857 medial-cap, 6 initial)
complication	complications	N;PL/V;PRS;3;SG	13	yes	yes	no	common (1/44 medial-cap, 0 initial)
belief	beliefs	N;PL/V;PRS;3;SG	36	yes	yes	no	common (1/577 medial-cap, 3 initial)
astound	astounded	V;PST/V;V.PTCP;PST	7	yes	yes	no	common (0/5 medial-cap, 0 initial)
rhythm	rhythms	N;PL/V;PRS;3;SG	12	yes	yes	no	common (1/33 medial-cap, 0 initial)
sail	sailing	V;V.PTCP;PRS	88	yes	yes	no	common (9/393 medial-cap, 8 initial)
seem	seems	N;PL/V;PRS;3;SG	685	yes	yes	no	common (4/2034 medial-cap, 1 initial)
presse	presses	N;PL/V;PRS;3;SG	21	yes	yes	no	common (1/7 medial-cap, 0 initial)
lawn	lawns	N;PL/V;PRS;3;SG	11	yes	yes	no	common (1/176 medial-cap, 0 initial)
accord	according	V;V.PTCP;PRS	1377	yes	yes	no	common (77/663 medial-cap, 2 initial)
cheek	cheeks	N;PL/V;PRS;3;SG	59	yes	yes	no	common (2/508 medial-cap, 0 initial)
skeleton	skeletons	N;PL/V;PRS;3;SG	10	yes	yes	no	common (3/163 medial-cap, 0 initial)
description	descriptions	N;PL/V;PRS;3;SG	17	yes	yes	no	common (7/431 medial-cap, 1 initial)
residue	residues	N;PL/V;PRS;3;SG	6	yes	yes	no	common (0/58 medial-cap, 0 initial)
ferrie	ferries	N;PL/V;PRS;3;SG	12	yes	yes	no	no-census
torment	tormented	V;PST/V;V.PTCP;PST	32	yes	yes	no	common (3/124 medial-cap, 0 initial)
stemm	stemming	V;V.PTCP;PRS	14	yes	yes	no	common (0/1 medial-cap, 0 initial)
prophet	prophets	N;PL/V;PRS;3;SG	255	yes	yes	no	common (19/346 medial-cap, 0 initial)
suck	sucked	V;PST/V;V.PTCP;PST	27	yes	yes	no	common (1/53 medial-cap, 0 initial)
contain	contains	N;PL/V;PRS;3;SG	112	yes	yes	no	common (2/224 medial-cap, 0 initial)
support	supported	V;PST/V;V.PTCP;PST	188	yes	yes	no	common (26/1090 medial-cap, 2 initial)
pott	potted	V;PST/V;V.PTCP;PST	7	yes	yes	no	proper (177/177 medial-cap, 6 initial)
blight	blighted	V;PST/V;V.PTCP;PST	10	yes	yes	no	common (14/55 medial-cap, 0 initial)
trust	trusting	V;V.PTCP;PRS	18	yes	yes	no	common (250/1570 medial-cap, 30 initial)
draft	drafted	V;PST/V;V.PTCP;PST	12	yes	yes	no	common (10/100 medial-cap, 0 initial)
expenditure	expenditures	N;PL/V;PRS;3;SG	279	yes	yes	no	common (5/155 medial-cap, 2 initial)
caution	cautioned	V;PST/V;V.PTCP;PST	28	yes	yes	no	common (2/292 medial-cap, 9 initial)
confront	confronting	V;V.PTCP;PRS	30	yes	yes	no	common (3/44 medial-cap, 1 initial)
proclamation	proclamations	N;PL/V;PRS;3;SG	5	yes	yes	no	common (5/75 medial-cap, 1 initial)
appliance	appliances	N;PL/V;PRS;3;SG	28	yes	yes	no	common (3/19 medial-cap, 0 initial)
bother	bothering	V;V.PTCP;PRS	6	yes	yes	no	common (12/105 medial-cap, 11 initial)
fasten	fastening	V;V.PTCP;PRS	10	yes	yes	no	common (1/75 medial-cap, 2 initial)
wedd	wedding	V;V.PTCP;PRS	94	yes	yes	no	proper (7/7 medial-cap, 0 initial)
hamburger	hamburgers	N;PL/V;PRS;3;SG	6	yes	yes	no	common (0/8 medial-cap, 1 initial)
play	plays	N;PL/V;PRS;3;SG	107	yes	yes	no	common (28/1605 medial-cap, 16 initial)
good	goods	N;PL/V;PRS;3;SG	587	yes	yes	no	common (617/17785 medial-cap, 1100 initial)
flatten	flattening	V;V.PTCP;PRS	9	yes	yes	no	common (0/7 medial-cap, 0 initial)
railing	railings	N;PL/V;PRS;3;SG	6	yes	yes	no	common (0/57 medial-cap, 0 initial)
propp	propped	V;PST/V;V.PTCP;PST	7	yes	yes	no	no-census
sweeten	sweetened	V;PST/V;V.PTCP;PST	15	yes	yes	no	common (0/9 medial-cap, 0 initial)
unload	unloading	V;V.PTCP;PRS	21	yes	yes	no	common (1/23 medial-cap, 0 initial)
except	excepted	V;PST/V;V.PTCP;PST	6	yes	yes	no	common (45/2049 medial-cap, 82 initial)
affliction	afflictions	N;PL/V;PRS;3;SG	18	yes	yes	no	common (1/198 medial-cap, 1 initial)
rigor	rigors	N;PL/V;PRS;3;SG	5	yes	yes	no	common (0/3 medial-cap, 0 initial)
pilfer	pilfering	V;V.PTCP;PRS	5	yes	yes	no	common (0/1 medial-cap, 0 initial)
suffer	suffers	N;PL/V;PRS;3;SG	19	yes	yes	no	common (13/738 medial-cap, 6 initial)
daughter	daughters	N;PL/V;PRS;3;SG	344	yes	yes	no	common (34/3678 medial-cap, 7 initial)
contact	contacted	V;PST/V;V.PTCP;PST	17	yes	yes	no	common (5/258 medial-cap, 9 initial)
vision	visions	N;PL/V;PRS;3;SG	47	yes	yes	no	common (13/447 medial-cap, 0 initial)
cannon	cannons	N;PL/V;PRS;3;SG	10	yes	yes	no	common (27/284 medial-cap, 5 initial)
publication	publications	N;PL/V;PRS;3;SG	52	yes	yes	no	common (3/93 medial-cap, 4 initial)
pray	prayed	V;PST/V;V.PTCP;PST	89	yes	yes	no	common (123/1285 medial-cap, 419 initial)
solicit	solicited	V;PST/V;V.PTCP;PST	11	yes	yes	no	common (2/36 medial-cap, 0 initial)
motion	motions	N;PL/V;PRS;3;SG	42	yes	yes	no	common (7/461 medial-cap, 1 initial)
delight	delighted	V;PST/V;V.PTCP;PST	137	yes	yes	no	common (27/1012 medial-cap, 13 initial)
nest	nested	V;PST/V;V.PTCP;PST	10	yes	yes	no	common (7/182 medial-cap, 0 initial)
knott	knotted	V;PST/V;V.PTCP;PST	16	yes	yes	no	common (0/1 medial-cap, 0 initial)
appear	appeared	V;PST/V;V.PTCP;PST	520	yes	yes	no	common (9/1242 medial-cap, 0 initial)
suffering	sufferings	N;PL/V;PRS;3;SG	36	yes	yes	no	common (3/862 medial-cap, 5 initial)
mold	molding	V;V.PTCP;PRS	19	yes	yes	no	common (0/47 medial-cap, 1 initial)
proceed	proceeded	V;PST/V;V.PTCP;PST	97	yes	yes	no	common (10/516 medial-cap, 8 initial)
disallow	disallowed	V;PST/V;V.PTCP;PST	8	yes	yes	no	common (0/3 medial-cap, 0 initial)
allow	allows	N;PL/V;PRS;3;SG	68	yes	yes	no	common (25/1498 medial-cap, 88 initial)
doubt	doubts	N;PL/V;PRS;3;SG	84	yes	yes	no	common (10/3339 medial-cap, 7 initial)
domineer	domineering	V;V.PTCP;PRS	5	yes	yes	no	common (0/10 medial-cap, 0 initial)
will	willing	V;V.PTCP;PRS	296	yes	yes	no	common (996/38861 medial-cap, 816 initial)
newspaper	newspapers	N;PL/V;PRS;3;SG	93	yes	yes	no	common (12/494 medial-cap, 5 initial)
play	played	V;PST/V;V.PTCP;PST	198	yes	yes	no	common (28/1605 medial-cap, 16 initial)
countervail	countervailing	V;V.PTCP;PRS	13	yes	yes	no	common (1/5 medial-cap, 0 initial)
production	productions	N;PL/V;PRS;3;SG	16	yes	yes	no	common (131/1612 medial-cap, 62 initial)
suffer	suffered	V;PST/V;V.PTCP;PST	216	yes	yes	no	common (13/738 medial-cap, 6 initial)
travel	traveling	V;V.PTCP;PRS	34	yes	yes	no	common (8/379 medial-cap, 5 initial)
reynold	reynolds	N;PL/V;PRS;3;SG	75	yes	yes	no	dual (0/0 medial-cap, 1 initial)
recession	recessions	N;PL/V;PRS;3;SG	5	yes	yes	no	common (3/88 medial-cap, 0 initial)
superstition	superstitions	N;PL/V;PRS;3;SG	10	yes	yes	no	common (2/90 medial-cap, 3 initial)
signal	signaling	V;V.PTCP;PRS	8	yes	yes	no	common (40/378 medial-cap, 2 initial)
tumor	tumors	N;PL/V;PRS;3;SG	8	yes	yes	no	common (4/26 medial-cap, 0 initial)
marshall	marshalled	V;PST/V;V.PTCP;PST	6	yes	yes	no	proper (58/60 medial-cap, 9 initial)
spray	spraying	V;V.PTCP;PRS	11	yes	yes	no	common (1/69 medial-cap, 0 initial)
elect	elected	V;PST/V;V.PTCP;PST	101	yes	yes	no	common (4/91 medial-cap, 0 initial)
roe	roes	N;PL/V;PRS;3;SG	5	yes	yes	no	common (3/10 medial-cap, 0 initial)
accord	accorded	V;PST/V;V.PTCP;PST	5	yes	yes	no	common (77/663 medial-cap, 2 initial)
disarm	disarmed	V;PST/V;V.PTCP;PST	9	yes	yes	no	common (0/12 medial-cap, 0 initial)
moulding	mouldings	N;PL/V;PRS;3;SG	5	yes	yes	no	common (1/12 medial-cap, 0 initial)
festival	festivals	N;PL/V;PRS;3;SG	8	yes	yes	no	common (18/122 medial-cap, 1 initial)
consent	consenting	V;V.PTCP;PRS	7	yes	yes	no	common (5/676 medial-cap, 3 initial)
proceed	proceeds	N;PL/V;PRS;3;SG	163	yes	yes	no	common (10/516 medial-cap, 8 initial)
consider	considers	N;PL/V;PRS;3;SG	48	yes	yes	no	common (22/1523 medial-cap, 115 initial)
threaten	threatens	N;PL/V;PRS;3;SG	28	yes	yes	no	common (2/104 medial-cap, 0 initial)
demonstration	demonstrations	N;PL/V;PRS;3;SG	12	yes	yes	no	common (0/106 medial-cap, 0 initial)
retract	retracted	V;PST/V;V.PTCP;PST	8	yes	yes	no	common (0/32 medial-cap, 0 initial)
accumulation	accumulations	N;PL/V;PRS;3;SG	10	yes	yes	no	common (0/46 medial-cap, 0 initial)
bother	bothered	V;PST/V;V.PTCP;PST	21	yes	yes	no	common (12/105 medial-cap, 11 initial)
explain	explained	V;PST/V;V.PTCP;PST	174	yes	yes	no	common (13/904 medial-cap, 19 initial)
rest	resting	V;V.PTCP;PRS	48	yes	yes	no	common (24/3500 medial-cap, 15 initial)
accusation	accusations	N;PL/V;PRS;3;SG	6	yes	yes	no	common (2/149 medial-cap, 0 initial)
priest	priests	N;PL/V;PRS;3;SG	456	yes	yes	no	common (21/1127 medial-cap, 2 initial)
horn	horns	N;PL/V;PRS;3;SG	98	yes	yes	no	common (60/199 medial-cap, 2 initial)
holling	hollings	N;PL/V;PRS;3;SG	10	yes	yes	no	no-census
santo	santos	N;PL/V;PRS;3;SG	85	yes	yes	no	proper (5/5 medial-cap, 0 initial)
america	americas	N;PL/V;PRS;3;SG	34	yes	yes	no	proper (712/716 medial-cap, 21 initial)
teem	teeming	V;V.PTCP;PRS	24	yes	yes	no	common (0/3 medial-cap, 0 initial)
decay	decaying	V;V.PTCP;PRS	6	yes	yes	no	common (1/93 medial-cap, 0 initial)
descend	descending	V;V.PTCP;PRS	47	yes	yes	no	common (4/194 medial-cap, 4 initial)
actor	actors	N;PL/V;PRS;3;SG	24	yes	yes	no	common (3/119 medial-cap, 0 initial)
classification	classifications	N;PL/V;PRS;3;SG	7	yes	yes	no	common (0/42 medial-cap, 0 initial)
shadow	shadowed	V;PST/V;V.PTCP;PST	14	yes	yes	no	common (27/899 medial-cap, 3 initial)
sentiment	sentiments	N;PL/V;PRS;3;SG	44	yes	yes	no	common (9/411 medial-cap, 4 initial)
basket	baskets	N;PL/V;PRS;3;SG	30	yes	yes	no	common (5/524 medial-cap, 0 initial)
inspect	inspected	V;PST/V;V.PTCP;PST	9	yes	yes	no	common (0/47 medial-cap, 1 initial)
wit	wits	N;PL/V;PRS;3;SG	26	yes	yes	no	common (11/359 medial-cap, 2 initial)
inhibit	inhibited	V;PST/V;V.PTCP;PST	8	yes	yes	no	common (0/8 medial-cap, 0 initial)
direct	directing	V;V.PTCP;PRS	27	yes	yes	no	common (12/734 medial-cap, 15 initial)
plott	plotting	V;V.PTCP;PRS	11	yes	yes	no	no-census
script	scripts	N;PL/V;PRS;3;SG	8	yes	yes	no	common (0/14 medial-cap, 0 initial)
lande	landes	N;PL/V;PRS;3;SG	6	yes	yes	no	no-census
form	forming	V;V.PTCP;PRS	83	yes	yes	no	common (37/2099 medial-cap, 5 initial)
memorial	memorials	N;PL/V;PRS;3;SG	5	yes	yes	no	common (42/96 medial-cap, 0 initial)
ruin	ruined	V;PST/V;V.PTCP;PST	39	yes	yes	no	common (5/629 medial-cap, 3 initial)
saving	savings	N;PL/V;PRS;3;SG	541	yes	yes	no	common (4/241 medial-cap, 4 initial)
contradict	contradicted	V;PST/V;V.PTCP;PST	15	yes	yes	no	common (0/135 medial-cap, 1 initial)
roam	roaming	V;V.PTCP;PRS	11	yes	yes	no	common (0/44 medial-cap, 0 initial)
inflict	inflicted	V;PST/V;V.PTCP;PST	17	yes	yes	no	common (0/69 medial-cap, 0 initial)
denial	denials	N;PL/V;PRS;3;SG	9	yes	yes	no	common (2/129 medial-cap, 0 initial)
disposal	disposals	N;PL/V;PRS;3;SG	14	yes	yes	no	common (2/248 medial-cap, 0 initial)
maintain	maintaining	V;V.PTCP;PRS	107	yes	yes	no	common (3/414 medial-cap, 1 initial)
impend	impending	V;V.PTCP;PRS	9	yes	yes	no	common (0/1 medial-cap, 0 initial)
snuff	snuffed	V;PST/V;V.PTCP;PST	9	yes	yes	no	common (2/194 medial-cap, 1 initial)
dust	dusting	V;V.PTCP;PRS	10	yes	yes	no	common (20/717 medial-cap, 3 initial)
torment	tormenting	V;V.PTCP;PRS	7	yes	yes	no	common (3/124 medial-cap, 0 initial)
uncover	uncovered	V;PST/V;V.PTCP;PST	32	yes	yes	no	common (1/44 medial-cap, 1 initial)
walter	walters	N;PL/V;PRS;3;SG	11	yes	yes	yes	proper (881/881 medial-cap, 57 initial)
potential	potentials	N;PL/V;PRS;3;SG	6	yes	yes	no	common (0/252 medial-cap, 1 initial)
convey	conveying	V;V.PTCP;PRS	9	yes	yes	no	common (0/182 medial-cap, 1 initial)
word	worded	V;PST/V;V.PTCP;PST	8	yes	yes	no	common (47/6676 medial-cap, 8 initial)
head	heading	V;V.PTCP;PRS	75	yes	yes	no	common (126/10929 medial-cap, 4 initial)
organisation	organisations	N;PL/V;PRS;3;SG	17	yes	yes	no	proper (78/122 medial-cap, 0 initial)
devour	devouring	V;V.PTCP;PRS	18	yes	yes	no	common (0/126 medial-cap, 0 initial)
allusion	allusions	N;PL/V;PRS;3;SG	15	yes	yes	no	common (0/233 medial-cap, 0 initial)
mist	mists	N;PL/V;PRS;3;SG	14	yes	yes	no	common (12/323 medial-cap, 3 initial)
predisposition	predispositions	N;PL/V;PRS;3;SG	9	yes	yes	no	common (0/6 medial-cap, 0 initial)
connect	connecting	V;V.PTCP;PRS	32	yes	yes	no	common (0/51 medial-cap, 0 initial)
moment	moments	N;PL/V;PRS;3;SG	156	yes	yes	no	common (5/7825 medial-cap, 1 initial)
monarch	monarchs	N;PL/V;PRS;3;SG	5	yes	yes	no	common (8/77 medial-cap, 1 initial)
splitt	splitting	V;V.PTCP;PRS	7	yes	yes	no	no-census
widen	widened	V;PST/V;V.PTCP;PST	41	yes	yes	no	common (2/30 medial-cap, 1 initial)
depend	depending	V;V.PTCP;PRS	94	yes	yes	no	common (4/410 medial-cap, 35 initial)
land	landing	V;V.PTCP;PRS	52	yes	yes	no	common (93/3241 medial-cap, 55 initial)
adopt	adopting	V;V.PTCP;PRS	26	yes	yes	no	common (1/160 medial-cap, 1 initial)
exception	exceptions	N;PL/V;PRS;3;SG	52	yes	yes	no	common (0/298 medial-cap, 2 initial)
pearl	pearls	N;PL/V;PRS;3;SG	15	yes	yes	no	common (14/98 medial-cap, 0 initial)
ripen	ripening	V;V.PTCP;PRS	12	yes	yes	no	common (0/14 medial-cap, 0 initial)
morning	mornings	N;PL/V;PRS;3;SG	23	yes	yes	no	common (77/6113 medial-cap, 34 initial)
talk	talking	V;V.PTCP;PRS	520	yes	yes	no	common (20/3169 medial-cap, 56 initial)
salt	salted	V;PST/V;V.PTCP;PST	16	yes	yes	no	common (46/306 medial-cap, 6 initial)
richard	richards	N;PL/V;PRS;3;SG	23	yes	yes	yes	proper (736/736 medial-cap, 63 initial)
ocean	oceans	N;PL/V;PRS;3;SG	38	yes	yes	no	common (58/407 medial-cap, 3 initial)
restrain	restrained	V;PST/V;V.PTCP;PST	51	yes	yes	no	common (1/227 medial-cap, 3 initial)
investment	investments	N;PL/V;PRS;3;SG	199	yes	yes	no	common (135/997 medial-cap, 28 initial)
variation	variations	N;PL/V;PRS;3;SG	34	yes	yes	no	common (0/61 medial-cap, 0 initial)
girl	girls	N;PL/V;PRS;3;SG	339	yes	yes	no	common (26/4528 medial-cap, 0 initial)
disbursement	disbursements	N;PL/V;PRS;3;SG	6	yes	yes	no	common (0/4 medial-cap, 0 initial)
engagement	engagements	N;PL/V;PRS;3;SG	38	yes	yes	no	common (3/610 medial-cap, 2 initial)
obligation	obligations	N;PL/V;PRS;3;SG	121	yes	yes	no	common (2/200 medial-cap, 1 initial)
meat	meats	N;PL/V;PRS;3;SG	27	yes	yes	no	common (43/760 medial-cap, 1 initial)
rain	rained	V;PST/V;V.PTCP;PST	22	yes	yes	no	common (23/920 medial-cap, 18 initial)
elm	elms	N;PL/V;PRS;3;SG	5	yes	yes	no	common (5/43 medial-cap, 2 initial)
sponsor	sponsoring	V;V.PTCP;PRS	5	yes	yes	no	common (5/30 medial-cap, 2 initial)
surrender	surrendering	V;V.PTCP;PRS	7	yes	yes	no	common (1/104 medial-cap, 3 initial)
sharpen	sharpened	V;PST/V;V.PTCP;PST	12	yes	yes	no	common (0/15 medial-cap, 0 initial)
smelt	smelting	V;V.PTCP;PRS	26	yes	yes	no	common (0/86 medial-cap, 0 initial)
expect	expected	V;PST/V;V.PTCP;PST	1805	yes	yes	no	common (16/1490 medial-cap, 3 initial)
mose	moses	N;PL/V;PRS;3;SG	873	yes	yes	no	proper (4/4 medial-cap, 2 initial)
gear	geared	V;PST/V;V.PTCP;PST	12	yes	yes	no	common (6/63 medial-cap, 1 initial)
act	acted	V;PST/V;V.PTCP;PST	81	yes	yes	no	common (223/1757 medial-cap, 7 initial)
intend	intended	V;PST/V;V.PTCP;PST	204	yes	yes	no	common (7/361 medial-cap, 0 initial)
honour	honoured	V;PST/V;V.PTCP;PST	35	yes	yes	no	common (227/2099 medial-cap, 26 initial)
disjoint	disjointed	V;PST/V;V.PTCP;PST	7	yes	yes	no	no-census
border	bordering	V;V.PTCP;PRS	16	yes	yes	no	common (10/261 medial-cap, 0 initial)
divert	diverting	V;V.PTCP;PRS	9	yes	yes	no	common (0/79 medial-cap, 0 initial)
jenn	jenning	V;V.PTCP;PRS	5	yes	yes	no	no-census
complement	complements	N;PL/V;PRS;3;SG	6	yes	yes	no	common (0/41 medial-cap, 0 initial)
skipp	skipped	V;PST/V;V.PTCP;PST	14	yes	yes	no	proper (4/4 medial-cap, 0 initial)
dwarf	dwarfs	N;PL/V;PRS;3;SG	5	yes	yes	no	common (2/46 medial-cap, 0 initial)
select	selecting	V;V.PTCP;PRS	83	yes	yes	no	common (8/148 medial-cap, 1 initial)
diamond	diamonds	N;PL/V;PRS;3;SG	21	yes	yes	no	proper (376/577 medial-cap, 25 initial)
differ	differs	N;PL/V;PRS;3;SG	17	yes	yes	no	common (0/90 medial-cap, 0 initial)
warrant	warranted	V;PST/V;V.PTCP;PST	16	yes	yes	no	common (6/204 medial-cap, 2 initial)
recommendation	recommendations	N;PL/V;PRS;3;SG	176	yes	yes	no	common (3/198 medial-cap, 2 initial)
display	displaying	V;V.PTCP;PRS	35	yes	yes	no	common (2/229 medial-cap, 2 initial)
confirm	confirmed	V;PST/V;V.PTCP;PST	158	yes	yes	no	common (0/167 medial-cap, 0 initial)
heighten	heightening	V;V.PTCP;PRS	5	yes	yes	no	common (0/26 medial-cap, 0 initial)
criticism	criticisms	N;PL/V;PRS;3;SG	16	yes	yes	no	common (2/165 medial-cap, 7 initial)
myer	myers	N;PL/V;PRS;3;SG	39	yes	yes	no	no-census
panel	paneling	V;V.PTCP;PRS	6	yes	yes	no	common (28/132 medial-cap, 0 initial)
height	heights	N;PL/V;PRS;3;SG	52	yes	yes	no	common (1/498 medial-cap, 1 initial)
snapp	snapped	V;PST/V;V.PTCP;PST	46	yes	yes	no	no-census
happen	happening	V;V.PTCP;PRS	70	yes	yes	no	common (3/917 medial-cap, 1 initial)
sanction	sanctions	N;PL/V;PRS;3;SG	132	yes	yes	no	common (0/86 medial-cap, 1 initial)
exposure	exposures	N;PL/V;PRS;3;SG	6	yes	yes	no	common (1/139 medial-cap, 2 initial)
recollection	recollections	N;PL/V;PRS;3;SG	13	yes	yes	no	common (0/415 medial-cap, 1 initial)
affirm	affirmed	V;PST/V;V.PTCP;PST	18	yes	yes	no	common (0/55 medial-cap, 0 initial)
routine	routines	N;PL/V;PRS;3;SG	5	yes	yes	no	common (1/109 medial-cap, 3 initial)
found	founded	V;PST/V;V.PTCP;PST	87	yes	yes	no	common (28/7597 medial-cap, 15 initial)
surgeon	surgeons	N;PL/V;PRS;3;SG	5	yes	yes	no	common (11/246 medial-cap, 0 initial)
linse	linseed	V;PST/V;V.PTCP;PST	11	yes	yes	no	no-census
adjust	adjusted	V;PST/V;V.PTCP;PST	469	yes	yes	no	common (1/68 medial-cap, 0 initial)
genetic	genetics	N;PL/V;PRS;3;SG	10	yes	yes	no	common (1/7 medial-cap, 1 initial)
marriage	marriages	N;PL/V;PRS;3;SG	43	yes	yes	no	common (41/1951 medial-cap, 17 initial)
infestation	infestations	N;PL/V;PRS;3;SG	6	yes	yes	no	common (0/2 medial-cap, 0 initial)
disconcert	disconcerting	V;V.PTCP;PRS	5	yes	yes	no	common (0/13 medial-cap, 0 initial)
subscription	subscriptions	N;PL/V;PRS;3;SG	7	yes	yes	no	common (0/42 medial-cap, 0 initial)
contention	contentions	N;PL/V;PRS;3;SG	10	yes	yes	no	common (0/59 medial-cap, 0 initial)
order	orders	N;PL/V;PRS;3;SG	314	yes	yes	no	common (80/3131 medial-cap, 20 initial)
assault	assaulted	V;PST/V;V.PTCP;PST	11	yes	yes	no	common (0/121 medial-cap, 1 initial)
sipp	sipping	V;V.PTCP;PRS	11	yes	yes	no	no-census
appropriation	appropriations	N;PL/V;PRS;3;SG	96	yes	yes	no	common (1/9 medial-cap, 0 initial)
expand	expanded	V;PST/V;V.PTCP;PST	133	yes	yes	no	common (10/205 medial-cap, 0 initial)
complain	complains	N;PL/V;PRS;3;SG	13	yes	yes	no	common (2/263 medial-cap, 0 initial)
enjoy	enjoying	V;V.PTCP;PRS	49	yes	yes	no	common (2/486 medial-cap, 1 initial)
tapp	tapping	V;V.PTCP;PRS	16	yes	yes	no	no-census
collection	collections	N;PL/V;PRS;3;SG	18	yes	yes	no	common (15/232 medial-cap, 0 initial)
persian	persians	N;PL/V;PRS;3;SG	19	yes	yes	no	proper (61/62 medial-cap, 0 initial)
implication	implications	N;PL/V;PRS;3;SG	53	yes	yes	no	common (0/36 medial-cap, 0 initial)
deliver	delivering	V;V.PTCP;PRS	20	yes	yes	no	common (8/547 medial-cap, 21 initial)
reason	reasons	N;PL/V;PRS;3;SG	253	yes	yes	no	common (37/3385 medial-cap, 9 initial)
labor	labors	N;PL/V;PRS;3;SG	8	yes	yes	no	common (46/371 medial-cap, 9 initial)
hemm	hemmed	V;PST/V;V.PTCP;PST	5	yes	yes	no	common (0/5 medial-cap, 0 initial)
weigh	weighing	V;V.PTCP;PRS	28	yes	yes	no	common (6/106 medial-cap, 3 initial)
display	displays	N;PL/V;PRS;3;SG	83	yes	yes	no	common (2/229 medial-cap, 2 initial)
utter	uttered	V;PST/V;V.PTCP;PST	43	yes	yes	no	common (4/529 medial-cap, 1 initial)
jail	jailed	V;PST/V;V.PTCP;PST	6	yes	yes	no	common (18/140 medial-cap, 1 initial)
exist	existed	V;PST/V;V.PTCP;PST	63	yes	yes	no	common (0/373 medial-cap, 1 initial)
entertain	entertaining	V;V.PTCP;PRS	32	yes	yes	no	common (0/283 medial-cap, 0 initial)
staff	staffing	V;V.PTCP;PRS	8	yes	yes	no	common (32/528 medial-cap, 1 initial)
shift	shifting	V;V.PTCP;PRS	50	yes	yes	no	common (2/157 medial-cap, 1 initial)
unload	unloaded	V;PST/V;V.PTCP;PST	8	yes	yes	no	common (1/23 medial-cap, 0 initial)
biscuit	biscuits	N;PL/V;PRS;3;SG	23	yes	yes	no	common (1/78 medial-cap, 0 initial)
off	offs	N;PL/V;PRS;3;SG	41	yes	yes	no	common (122/10295 medial-cap, 38 initial)
reservation	reservations	N;PL/V;PRS;3;SG	26	yes	yes	no	common (0/46 medial-cap, 1 initial)
neighbour	neighbouring	V;V.PTCP;PRS	31	yes	yes	no	common (1/405 medial-cap, 2 initial)
transgression	transgressions	N;PL/V;PRS;3;SG	50	yes	yes	no	common (0/62 medial-cap, 0 initial)
merit	merits	N;PL/V;PRS;3;SG	62	yes	yes	no	common (4/362 medial-cap, 1 initial)
bagg	bagged	V;PST/V;V.PTCP;PST	15	yes	yes	no	common (0/1 medial-cap, 0 initial)
brighten	brightened	V;PST/V;V.PTCP;PST	17	yes	yes	no	common (0/33 medial-cap, 0 initial)
sever	severed	V;PST/V;V.PTCP;PST	16	yes	yes	no	common (0/20 medial-cap, 0 initial)
shaving	shavings	N;PL/V;PRS;3;SG	9	yes	yes	no	common (0/75 medial-cap, 1 initial)
achille	achilles	N;PL/V;PRS;3;SG	6	yes	yes	no	no-census
gro	gros	N;PL/V;PRS;3;SG	14	yes	yes	no	proper (1/2 medial-cap, 0 initial)
matter	mattered	V;PST/V;V.PTCP;PST	6	yes	yes	no	common (30/4812 medial-cap, 9 initial)
extension	extensions	N;PL/V;PRS;3;SG	133	yes	yes	no	common (9/121 medial-cap, 2 initial)
hieroglyphic	hieroglyphics	N;PL/V;PRS;3;SG	7	yes	yes	no	common (0/9 medial-cap, 0 initial)
discover	discovers	N;PL/V;PRS;3;SG	8	yes	yes	no	common (0/406 medial-cap, 1 initial)
dixon	dixons	N;PL/V;PRS;3;SG	153	yes	yes	no	proper (245/245 medial-cap, 42 initial)
accident	accidents	N;PL/V;PRS;3;SG	25	yes	yes	no	common (9/555 medial-cap, 5 initial)
claimant	claimants	N;PL/V;PRS;3;SG	5	yes	yes	no	common (0/13 medial-cap, 0 initial)
color	coloring	V;V.PTCP;PRS	8	yes	yes	no	common (3/270 medial-cap, 1 initial)
elicit	elicited	V;PST/V;V.PTCP;PST	7	yes	yes	no	common (0/22 medial-cap, 0 initial)
label	labeled	V;PST/V;V.PTCP;PST	19	yes	yes	no	common (1/47 medial-cap, 0 initial)
video	videos	N;PL/V;PRS;3;SG	5	yes	yes	no	proper (81/107 medial-cap, 7 initial)
wield	wielded	V;PST/V;V.PTCP;PST	7	yes	yes	no	common (0/15 medial-cap, 0 initial)
attachment	attachments	N;PL/V;PRS;3;SG	14	yes	yes	no	common (0/334 medial-cap, 0 initial)
disorder	disordered	V;PST/V;V.PTCP;PST	16	yes	yes	no	common (3/164 medial-cap, 1 initial)
form	forms	N;PL/V;PRS;3;SG	272	yes	yes	no	common (37/2099 medial-cap, 5 initial)
installation	installations	N;PL/V;PRS;3;SG	44	yes	yes	no	common (2/24 medial-cap, 0 initial)
teaching	teachings	N;PL/V;PRS;3;SG	10	yes	yes	no	common (4/245 medial-cap, 6 initial)
enliven	enlivened	V;PST/V;V.PTCP;PST	7	yes	yes	no	common (0/19 medial-cap, 0 initial)
govern	governs	N;PL/V;PRS;3;SG	8	yes	yes	no	common (3/85 medial-cap, 0 initial)
tripp	tripped	V;PST/V;V.PTCP;PST	5	yes	yes	no	no-census
trapp	trapped	V;PST/V;V.PTCP;PST	31	yes	yes	no	proper (1/1 medial-cap, 0 initial)
darken	darkening	V;V.PTCP;PRS	12	yes	yes	no	common (0/23 medial-cap, 0 initial)
calculation	calculations	N;PL/V;PRS;3;SG	39	yes	yes	no	common (0/111 medial-cap, 0 initial)
being	beings	N;PL/V;PRS;3;SG	69	yes	yes	no	common (93/12882 medial-cap, 204 initial)
superpower	superpowers	N;PL/V;PRS;3;SG	6	yes	yes	no	common (0/9 medial-cap, 0 initial)
despair	despaired	V;PST/V;V.PTCP;PST	6	yes	yes	no	common (19/757 medial-cap, 10 initial)
differ	differing	V;V.PTCP;PRS	19	yes	yes	no	common (0/90 medial-cap, 0 initial)
unarm	unarmed	V;PST/V;V.PTCP;PST	10	yes	yes	no	no-census
woe	woes	N;PL/V;PRS;3;SG	12	yes	yes	no	common (22/247 medial-cap, 99 initial)
demand	demanded	V;PST/V;V.PTCP;PST	107	yes	yes	no	common (46/1156 medial-cap, 12 initial)
salt	salts	N;PL/V;PRS;3;SG	9	yes	yes	no	common (46/306 medial-cap, 6 initial)
defense	defenses	N;PL/V;PRS;3;SG	49	yes	yes	no	common (83/353 medial-cap, 8 initial)
delusion	delusions	N;PL/V;PRS;3;SG	5	yes	yes	no	common (0/112 medial-cap, 0 initial)
order	ordered	V;PST/V;V.PTCP;PST	181	yes	yes	no	common (80/3131 medial-cap, 20 initial)
cutting	cuttings	N;PL/V;PRS;3;SG	6	yes	yes	no	common (17/537 medial-cap, 11 initial)
refresh	refreshing	V;V.PTCP;PRS	28	yes	yes	no	common (0/67 medial-cap, 0 initial)
reconsider	reconsidered	V;PST/V;V.PTCP;PST	5	yes	yes	no	common (2/34 medial-cap, 1 initial)
effect	effecting	V;V.PTCP;PRS	10	yes	yes	no	common (15/2013 medial-cap, 2 initial)
harm	harming	V;V.PTCP;PRS	7	yes	yes	no	common (2/744 medial-cap, 0 initial)
drawing	drawings	N;PL/V;PRS;3;SG	52	yes	yes	no	common (22/2056 medial-cap, 15 initial)
contact	contacts	N;PL/V;PRS;3;SG	49	yes	yes	no	common (5/258 medial-cap, 9 initial)
nett	netted	V;PST/V;V.PTCP;PST	5	yes	yes	no	no-census
mullin	mullins	N;PL/V;PRS;3;SG	7	yes	yes	no	no-census
consent	consented	V;PST/V;V.PTCP;PST	24	yes	yes	no	common (5/676 medial-cap, 3 initial)
doubt	doubting	V;V.PTCP;PRS	16	yes	yes	no	common (10/3339 medial-cap, 7 initial)
temptation	temptations	N;PL/V;PRS;3;SG	26	yes	yes	no	common (3/211 medial-cap, 0 initial)
conjoin	conjoined	V;PST/V;V.PTCP;PST	5	yes	yes	no	no-census
toil	toiled	V;PST/V;V.PTCP;PST	11	yes	yes	no	common (1/176 medial-cap, 4 initial)
speed	speeded	V;PST/V;V.PTCP;PST	7	yes	yes	no	common (10/471 medial-cap, 3 initial)
loosen	loosening	V;V.PTCP;PRS	11	yes	yes	no	common (0/29 medial-cap, 0 initial)
flagg	flagged	V;PST/V;V.PTCP;PST	17	yes	yes	no	common (0/1 medial-cap, 0 initial)
command	commanding	V;V.PTCP;PRS	35	yes	yes	no	common (29/940 medial-cap, 4 initial)
aid	aiding	V;V.PTCP;PRS	17	yes	yes	no	common (43/755 medial-cap, 7 initial)
administration	administrations	N;PL/V;PRS;3;SG	9	yes	yes	no	common (165/553 medial-cap, 4 initial)
fann	fanned	V;PST/V;V.PTCP;PST	9	yes	yes	no	common (0/1 medial-cap, 0 initial)
delight	delights	N;PL/V;PRS;3;SG	26	yes	yes	no	common (27/1012 medial-cap, 13 initial)
favor	favoring	V;V.PTCP;PRS	6	yes	yes	no	common (2/312 medial-cap, 1 initial)
bottom	bottoming	V;V.PTCP;PRS	8	yes	yes	no	common (15/975 medial-cap, 3 initial)
crude	crudes	N;PL/V;PRS;3;SG	46	yes	yes	no	common (166/764 medial-cap, 30 initial)
choreograph	choreographed	V;PST/V;V.PTCP;PST	5	yes	yes	no	no-census
impact	impacts	N;PL/V;PRS;3;SG	8	yes	yes	no	common (6/321 medial-cap, 1 initial)
snapp	snapping	V;V.PTCP;PRS	19	yes	yes	no	no-census
depart	departs	N;PL/V;PRS;3;SG	9	yes	yes	no	common (16/327 medial-cap, 7 initial)
convey	conveyed	V;PST/V;V.PTCP;PST	43	yes	yes	no	common (0/182 medial-cap, 1 initial)
instinct	instincts	N;PL/V;PRS;3;SG	10	yes	yes	no	common (2/287 medial-cap, 3 initial)
water	watered	V;PST/V;V.PTCP;PST	27	yes	yes	no	common (52/3568 medial-cap, 31 initial)
water	waters	N;PL/V;PRS;3;SG	558	yes	yes	no	common (52/3568 medial-cap, 31 initial)
bolivar	bolivars	N;PL/V;PRS;3;SG	18	yes	yes	no	proper (4/8 medial-cap, 0 initial)
arrest	arrests	N;PL/V;PRS;3;SG	5	yes	yes	no	common (1/178 medial-cap, 1 initial)
light	lighted	V;PST/V;V.PTCP;PST	94	yes	yes	no	common (127/5252 medial-cap, 50 initial)
accommodation	accommodations	N;PL/V;PRS;3;SG	17	yes	yes	no	common (0/124 medial-cap, 1 initial)
triumph	triumphs	N;PL/V;PRS;3;SG	17	yes	yes	no	common (15/503 medial-cap, 1 initial)
expression	expressions	N;PL/V;PRS;3;SG	51	yes	yes	no	common (1/2087 medial-cap, 0 initial)
skill	skilled	V;PST/V;V.PTCP;PST	45	yes	yes	no	common (3/294 medial-cap, 2 initial)
crack	cracked	V;PST/V;V.PTCP;PST	34	yes	yes	no	common (0/164 medial-cap, 5 initial)
despair	despairing	V;V.PTCP;PRS	17	yes	yes	no	common (19/757 medial-cap, 10 initial)
ame	ames	N;PL/V;PRS;3;SG	7	yes	yes	no	proper (4/5 medial-cap, 2 initial)
sponsor	sponsored	V;PST/V;V.PTCP;PST	58	yes	yes	no	common (5/30 medial-cap, 2 initial)
president	presidents	N;PL/V;PRS;3;SG	59	yes	yes	no	proper (779/1514 medial-cap, 70 initial)
frequent	frequented	V;PST/V;V.PTCP;PST	12	yes	yes	no	common (2/303 medial-cap, 1 initial)
scatter	scattering	V;V.PTCP;PRS	5	yes	yes	no	common (3/78 medial-cap, 1 initial)
destroyer	destroyers	N;PL/V;PRS;3;SG	19	yes	yes	no	common (2/20 medial-cap, 0 initial)
adam	adams	N;PL/V;PRS;3;SG	64	yes	yes	yes	proper (228/228 medial-cap, 27 initial)
avocado	avocados	N;PL/V;PRS;3;SG	9	yes	yes	no	common (1/10 medial-cap, 0 initial)
mee	mees	N;PL/V;PRS;3;SG	13	yes	yes	no	common (1/26 medial-cap, 1 initial)
ceramic	ceramics	N;PL/V;PRS;3;SG	5	yes	yes	no	common (1/10 medial-cap, 1 initial)
toast	toasted	V;PST/V;V.PTCP;PST	7	yes	yes	no	common (1/206 medial-cap, 1 initial)
descend	descended	V;PST/V;V.PTCP;PST	56	yes	yes	no	common (4/194 medial-cap, 4 initial)
prohibit	prohibits	N;PL/V;PRS;3;SG	7	yes	yes	no	common (0/13 medial-cap, 0 initial)
harbor	harbors	N;PL/V;PRS;3;SG	15	yes	yes	no	common (36/104 medial-cap, 1 initial)
loosen	loosened	V;PST/V;V.PTCP;PST	10	yes	yes	no	common (0/29 medial-cap, 0 initial)
death	deaths	N;PL/V;PRS;3;SG	34	yes	yes	no	common (268/3895 medial-cap, 71 initial)
slacken	slackening	V;V.PTCP;PRS	6	yes	yes	no	common (0/18 medial-cap, 0 initial)
riot	riots	N;PL/V;PRS;3;SG	8	yes	yes	no	common (0/85 medial-cap, 1 initial)
consideration	considerations	N;PL/V;PRS;3;SG	66	yes	yes	no	common (6/911 medial-cap, 2 initial)
cooler	coolers	N;PL/V;PRS;3;SG	5	yes	yes	no	common (0/56 medial-cap, 1 initial)
comfort	comforting	V;V.PTCP;PRS	14	yes	yes	no	common (6/1234 medial-cap, 6 initial)
marvell	marvelled	V;PST/V;V.PTCP;PST	28	yes	yes	no	no-census
rescission	rescissions	N;PL/V;PRS;3;SG	8	yes	yes	no	common (0/1 medial-cap, 0 initial)
fashion	fashioned	V;PST/V;V.PTCP;PST	79	yes	yes	no	common (24/864 medial-cap, 6 initial)
pon	pons	N;PL/V;PRS;3;SG	5	yes	yes	no	common (1/11 medial-cap, 1 initial)
lengthen	lengthened	V;PST/V;V.PTCP;PST	13	yes	yes	no	common (0/17 medial-cap, 0 initial)
dawn	dawned	V;PST/V;V.PTCP;PST	5	yes	yes	yes	common (14/328 medial-cap, 5 initial)
referral	referrals	N;PL/V;PRS;3;SG	8	yes	yes	no	common (0/7 medial-cap, 0 initial)
restrict	restricting	V;V.PTCP;PRS	14	yes	yes	no	common (1/42 medial-cap, 1 initial)
tend	tending	V;V.PTCP;PRS	36	yes	yes	no	common (0/155 medial-cap, 1 initial)
obey	obeys	N;PL/V;PRS;3;SG	7	yes	yes	no	common (6/370 medial-cap, 5 initial)
poison	poisons	N;PL/V;PRS;3;SG	6	yes	yes	no	common (4/236 medial-cap, 2 initial)
disclosure	disclosures	N;PL/V;PRS;3;SG	13	yes	yes	no	common (6/141 medial-cap, 0 initial)
afford	afforded	V;PST/V;V.PTCP;PST	38	yes	yes	no	common (0/450 medial-cap, 0 initial)
mann	manning	V;V.PTCP;PRS	11	yes	yes	no	proper (60/60 medial-cap, 4 initial)
disappear	disappearing	V;V.PTCP;PRS	26	yes	yes	no	common (0/120 medial-cap, 0 initial)
spray	sprayed	V;PST/V;V.PTCP;PST	8	yes	yes	no	common (1/69 medial-cap, 0 initial)
total	totaling	V;V.PTCP;PRS	29	yes	yes	no	common (113/1581 medial-cap, 134 initial)
weaken	weakening	V;V.PTCP;PRS	40	yes	yes	no	common (0/41 medial-cap, 1 initial)
villain	villains	N;PL/V;PRS;3;SG	14	yes	yes	no	common (3/209 medial-cap, 2 initial)
principal	principals	N;PL/V;PRS;3;SG	14	yes	yes	no	common (16/547 medial-cap, 4 initial)
bottom	bottoms	N;PL/V;PRS;3;SG	14	yes	yes	no	common (15/975 medial-cap, 3 initial)
detect	detected	V;PST/V;V.PTCP;PST	35	yes	yes	no	common (0/74 medial-cap, 0 initial)
solid	solids	N;PL/V;PRS;3;SG	18	yes	yes	no	common (5/366 medial-cap, 8 initial)
fluctuation	fluctuations	N;PL/V;PRS;3;SG	56	yes	yes	no	common (0/20 medial-cap, 0 initial)
prayer	prayers	N;PL/V;PRS;3;SG	80	yes	yes	no	common (37/476 medial-cap, 2 initial)
steam	steaming	V;V.PTCP;PRS	10	yes	yes	no	common (10/194 medial-cap, 3 initial)
inherit	inheriting	V;V.PTCP;PRS	5	yes	yes	no	common (0/107 medial-cap, 0 initial)
bless	blessed	V;PST/V;V.PTCP;PST	376	yes	yes	no	common (69/829 medial-cap, 182 initial)
building	buildings	N;PL/V;PRS;3;SG	151	yes	yes	no	common (47/728 medial-cap, 8 initial)
enroll	enrolled	V;PST/V;V.PTCP;PST	25	yes	yes	no	common (0/11 medial-cap, 0 initial)
foam	foaming	V;V.PTCP;PRS	18	yes	yes	no	common (4/156 medial-cap, 0 initial)
hearten	heartening	V;V.PTCP;PRS	11	yes	yes	no	no-census
sign	signs	N;PL/V;PRS;3;SG	304	yes	yes	no	common (18/1225 medial-cap, 7 initial)
calorie	calories	N;PL/V;PRS;3;SG	13	yes	yes	no	common (0/2 medial-cap, 0 initial)
commandment	commandments	N;PL/V;PRS;3;SG	171	yes	yes	no	common (2/188 medial-cap, 0 initial)
adjourn	adjourned	V;PST/V;V.PTCP;PST	21	yes	yes	no	common (2/18 medial-cap, 0 initial)
recommend	recommending	V;V.PTCP;PRS	43	yes	yes	no	common (4/295 medial-cap, 1 initial)
blossom	blossoms	N;PL/V;PRS;3;SG	39	yes	yes	no	common (15/77 medial-cap, 1 initial)
succeed	succeeding	V;V.PTCP;PRS	37	yes	yes	no	common (3/276 medial-cap, 1 initial)
temper	tempered	V;PST/V;V.PTCP;PST	45	yes	yes	no	common (4/801 medial-cap, 2 initial)
invasion	invasions	N;PL/V;PRS;3;SG	9	yes	yes	no	common (3/50 medial-cap, 0 initial)
content	contents	N;PL/V;PRS;3;SG	71	yes	yes	no	common (6/593 medial-cap, 1 initial)
bewilder	bewildered	V;PST/V;V.PTCP;PST	24	yes	yes	no	common (0/6 medial-cap, 0 initial)
baron	barons	N;PL/V;PRS;3;SG	5	yes	yes	no	common (135/320 medial-cap, 9 initial)
cafeteria	cafeterias	N;PL/V;PRS;3;SG	5	yes	yes	no	common (1/15 medial-cap, 0 initial)
affiliation	affiliations	N;PL/V;PRS;3;SG	6	yes	yes	no	common (2/13 medial-cap, 0 initial)
condition	conditions	N;PL/V;PRS;3;SG	564	yes	yes	no	common (8/1338 medial-cap, 0 initial)
partnership	partnerships	N;PL/V;PRS;3;SG	22	yes	yes	no	common (32/257 medial-cap, 7 initial)
allegation	allegations	N;PL/V;PRS;3;SG	19	yes	yes	no	common (0/3 medial-cap, 0 initial)
drift	drifting	V;V.PTCP;PRS	26	yes	yes	no	common (1/91 medial-cap, 0 initial)
congeal	congealed	V;PST/V;V.PTCP;PST	7	yes	yes	no	common (0/4 medial-cap, 0 initial)
wicke	wickes	N;PL/V;PRS;3;SG	24	yes	yes	no	no-census
tagg	tagged	V;PST/V;V.PTCP;PST	7	yes	yes	no	no-census
employee	employees	N;PL/V;PRS;3;SG	237	yes	yes	no	common (5/52 medial-cap, 1 initial)
indictment	indictments	N;PL/V;PRS;3;SG	5	yes	yes	no	common (2/26 medial-cap, 0 initial)
bann	banned	V;PST/V;V.PTCP;PST	18	yes	yes	no	no-census
seed	seeding	V;V.PTCP;PRS	6	yes	yes	no	common (15/520 medial-cap, 2 initial)
goldfield	goldfields	N;PL/V;PRS;3;SG	8	yes	yes	no	common (0/1 medial-cap, 1 initial)
connection	connections	N;PL/V;PRS;3;SG	34	yes	yes	no	common (0/516 medial-cap, 1 initial)
want	wants	N;PL/V;PRS;3;SG	349	yes	yes	no	common (22/5703 medial-cap, 10 initial)
chopp	chopping	V;V.PTCP;PRS	11	yes	yes	no	no-census
uproot	uprooted	V;PST/V;V.PTCP;PST	7	yes	yes	no	common (1/5 medial-cap, 0 initial)
bump	bumped	V;PST/V;V.PTCP;PST	14	yes	yes	no	common (0/19 medial-cap, 0 initial)
casting	castings	N;PL/V;PRS;3;SG	5	yes	yes	no	common (6/220 medial-cap, 9 initial)
aroma	aromas	N;PL/V;PRS;3;SG	7	yes	yes	no	common (0/14 medial-cap, 0 initial)
distend	distended	V;PST/V;V.PTCP;PST	5	yes	yes	no	common (0/1 medial-cap, 0 initial)
destin	destined	V;PST/V;V.PTCP;PST	40	yes	yes	no	common (3/10 medial-cap, 0 initial)
drown	drowned	V;PST/V;V.PTCP;PST	43	yes	yes	no	common (0/94 medial-cap, 2 initial)
warr	warring	V;V.PTCP;PRS	12	yes	yes	no	no-census
harvest	harvested	V;PST/V;V.PTCP;PST	51	yes	yes	no	common (15/303 medial-cap, 3 initial)
distributor	distributors	N;PL/V;PRS;3;SG	26	yes	yes	no	common (3/43 medial-cap, 0 initial)
european	europeans	N;PL/V;PRS;3;SG	26	yes	yes	no	proper (803/804 medial-cap, 28 initial)
occasion	occasions	N;PL/V;PRS;3;SG	62	yes	yes	no	common (12/1846 medial-cap, 1 initial)
hard	harding	V;V.PTCP;PRS	7	yes	yes	no	common (30/3020 medial-cap, 43 initial)
exertion	exertions	N;PL/V;PRS;3;SG	23	yes	yes	no	common (0/158 medial-cap, 0 initial)
reminiscence	reminiscences	N;PL/V;PRS;3;SG	9	yes	yes	no	common (0/33 medial-cap, 0 initial)
conceal	concealing	V;V.PTCP;PRS	18	yes	yes	no	common (0/462 medial-cap, 1 initial)
patriarch	patriarchs	N;PL/V;PRS;3;SG	5	yes	yes	no	proper (58/81 medial-cap, 1 initial)
tapp	tapped	V;PST/V;V.PTCP;PST	18	yes	yes	no	no-census
direct	directs	N;PL/V;PRS;3;SG	6	yes	yes	no	common (12/734 medial-cap, 15 initial)
cann	canned	V;PST/V;V.PTCP;PST	17	yes	yes	no	proper (1/1 medial-cap, 0 initial)
prevail	prevailed	V;PST/V;V.PTCP;PST	80	yes	yes	no	common (0/162 medial-cap, 0 initial)
wonder	wondered	V;PST/V;V.PTCP;PST	116	yes	yes	no	common (8/1720 medial-cap, 10 initial)
popp	popped	V;PST/V;V.PTCP;PST	12	yes	yes	no	no-census
suspension	suspensions	N;PL/V;PRS;3;SG	6	yes	yes	no	common (0/74 medial-cap, 0 initial)
mann	manned	V;PST/V;V.PTCP;PST	30	yes	yes	no	proper (60/60 medial-cap, 4 initial)
fitt	fitting	V;V.PTCP;PRS	38	yes	yes	no	no-census
ascertain	ascertained	V;PST/V;V.PTCP;PST	12	yes	yes	no	common (0/164 medial-cap, 1 initial)
fact	facts	N;PL/V;PRS;3;SG	160	yes	yes	no	common (4/3518 medial-cap, 4 initial)
defender	defenders	N;PL/V;PRS;3;SG	12	yes	yes	no	common (3/15 medial-cap, 0 initial)
current	currents	N;PL/V;PRS;3;SG	25	yes	yes	no	common (177/1550 medial-cap, 56 initial)
fertilizer	fertilizers	N;PL/V;PRS;3;SG	7	yes	yes	no	common (0/17 medial-cap, 0 initial)
daub	daubed	V;PST/V;V.PTCP;PST	9	yes	yes	no	common (1/8 medial-cap, 1 initial)
serv	served	V;PST/V;V.PTCP;PST	318	yes	yes	no	common (1/4 medial-cap, 0 initial)
default	defaults	N;PL/V;PRS;3;SG	21	yes	yes	no	common (3/66 medial-cap, 0 initial)
jenning	jennings	N;PL/V;PRS;3;SG	237	yes	yes	no	proper (5/5 medial-cap, 0 initial)
poison	poisoning	V;V.PTCP;PRS	17	yes	yes	no	common (4/236 medial-cap, 2 initial)
sunday	sundays	N;PL/V;PRS;3;SG	15	yes	yes	no	proper (737/737 medial-cap, 22 initial)
evening	evenings	N;PL/V;PRS;3;SG	35	yes	yes	no	common (80/4000 medial-cap, 14 initial)
justice	justices	N;PL/V;PRS;3;SG	5	yes	yes	no	common (158/1160 medial-cap, 25 initial)
starr	starred	V;PST/V;V.PTCP;PST	8	yes	yes	no	common (0/2 medial-cap, 1 initial)
honor	honoring	V;V.PTCP;PRS	15	yes	yes	no	common (91/742 medial-cap, 8 initial)
toil	toiling	V;V.PTCP;PRS	10	yes	yes	no	common (1/176 medial-cap, 4 initial)
cereal	cereals	N;PL/V;PRS;3;SG	60	yes	yes	no	common (10/47 medial-cap, 5 initial)
rank	ranked	V;PST/V;V.PTCP;PST	17	yes	yes	no	common (20/505 medial-cap, 12 initial)
dicken	dickens	N;PL/V;PRS;3;SG	18	yes	yes	no	no-census
thicken	thickened	V;PST/V;V.PTCP;PST	6	yes	yes	no	common (0/12 medial-cap, 0 initial)
performance	performances	N;PL/V;PRS;3;SG	46	yes	yes	no	common (7/518 medial-cap, 0 initial)
proprietor	proprietors	N;PL/V;PRS;3;SG	11	yes	yes	no	common (5/156 medial-cap, 0 initial)
crystal	crystals	N;PL/V;PRS;3;SG	12	yes	yes	no	common (12/112 medial-cap, 3 initial)
reflect	reflected	V;PST/V;V.PTCP;PST	198	yes	yes	no	common (6/460 medial-cap, 9 initial)
tighten	tightening	V;V.PTCP;PRS	48	yes	yes	no	common (3/42 medial-cap, 0 initial)
thrift	thrifts	N;PL/V;PRS;3;SG	6	yes	yes	no	common (17/39 medial-cap, 3 initial)
repayment	repayments	N;PL/V;PRS;3;SG	38	yes	yes	no	common (1/56 medial-cap, 1 initial)
product	products	N;PL/V;PRS;3;SG	1024	yes	yes	no	common (40/468 medial-cap, 2 initial)
underdevelop	underdeveloped	V;PST/V;V.PTCP;PST	13	yes	yes	no	no-census
endanger	endangers	N;PL/V;PRS;3;SG	6	yes	yes	no	common (0/15 medial-cap, 0 initial)
odor	odors	N;PL/V;PRS;3;SG	11	yes	yes	no	common (0/81 medial-cap, 0 initial)
assessment	assessments	N;PL/V;PRS;3;SG	15	yes	yes	no	common (1/40 medial-cap, 1 initial)
happen	happens	N;PL/V;PRS;3;SG	121	yes	yes	no	common (3/917 medial-cap, 1 initial)
url	urls	N;PL/V;PRS;3;SG	52	yes	yes	no	no-census
linger	lingering	V;V.PTCP;PRS	33	yes	yes	no	common (0/65 medial-cap, 0 initial)
enlighten	enlightening	V;V.PTCP;PRS	6	yes	yes	no	common (0/54 medial-cap, 0 initial)
abandon	abandoning	V;V.PTCP;PRS	22	yes	yes	no	common (2/198 medial-cap, 0 initial)
weaken	weakens	N;PL/V;PRS;3;SG	6	yes	yes	no	common (0/41 medial-cap, 1 initial)
overshadow	overshadowed	V;PST/V;V.PTCP;PST	8	yes	yes	no	common (0/11 medial-cap, 0 initial)
imagination	imaginations	N;PL/V;PRS;3;SG	17	yes	yes	no	common (5/592 medial-cap, 1 initial)
tabb	tabbing	V;V.PTCP;PRS	12	yes	yes	no	proper (1/1 medial-cap, 0 initial)
roman	romans	N;PL/V;PRS;3;SG	43	yes	yes	no	proper (383/384 medial-cap, 5 initial)
rejoin	rejoined	V;PST/V;V.PTCP;PST	12	yes	yes	no	common (0/36 medial-cap, 0 initial)
sorrow	sorrows	N;PL/V;PRS;3;SG	42	yes	yes	no	common (17/779 medial-cap, 7 initial)
protestation	protestations	N;PL/V;PRS;3;SG	5	yes	yes	no	common (1/12 medial-cap, 0 initial)
prosper	prospers	N;PL/V;PRS;3;SG	6	yes	yes	no	common (0/85 medial-cap, 0 initial)
knock	knocked	V;PST/V;V.PTCP;PST	77	yes	yes	no	common (16/470 medial-cap, 16 initial)
emission	emissions	N;PL/V;PRS;3;SG	10	yes	yes	no	common (0/36 medial-cap, 1 initial)
expand	expands	N;PL/V;PRS;3;SG	22	yes	yes	no	common (10/205 medial-cap, 0 initial)
heighten	heightened	V;PST/V;V.PTCP;PST	33	yes	yes	no	common (0/26 medial-cap, 0 initial)
inclination	inclinations	N;PL/V;PRS;3;SG	8	yes	yes	no	common (2/300 medial-cap, 2 initial)
protection	protections	N;PL/V;PRS;3;SG	9	yes	yes	no	common (22/417 medial-cap, 4 initial)
empower	empowered	V;PST/V;V.PTCP;PST	6	yes	yes	no	common (0/5 medial-cap, 0 initial)
inspect	inspecting	V;V.PTCP;PRS	5	yes	yes	no	common (0/47 medial-cap, 1 initial)
select	selected	V;PST/V;V.PTCP;PST	199	yes	yes	no	common (8/148 medial-cap, 1 initial)
regulation	regulations	N;PL/V;PRS;3;SG	131	yes	yes	no	common (9/65 medial-cap, 0 initial)
definition	definitions	N;PL/V;PRS;3;SG	11	yes	yes	no	common (1/96 medial-cap, 3 initial)
sport	sports	N;PL/V;PRS;3;SG	88	yes	yes	no	common (1/148 medial-cap, 1 initial)
masse	masses	N;PL/V;PRS;3;SG	55	yes	yes	no	proper (10/19 medial-cap, 3 initial)
collect	collected	V;PST/V;V.PTCP;PST	95	yes	yes	no	common (1/149 medial-cap, 2 initial)
refreshment	refreshments	N;PL/V;PRS;3;SG	6	yes	yes	no	common (1/101 medial-cap, 4 initial)
drift	drifted	V;PST/V;V.PTCP;PST	21	yes	yes	no	common (1/91 medial-cap, 0 initial)
contend	contends	N;PL/V;PRS;3;SG	8	yes	yes	no	common (0/82 medial-cap, 0 initial)
assertion	assertions	N;PL/V;PRS;3;SG	8	yes	yes	no	common (0/180 medial-cap, 0 initial)
formula	formulas	N;PL/V;PRS;3;SG	28	yes	yes	no	common (5/127 medial-cap, 2 initial)
grassroot	grassroots	N;PL/V;PRS;3;SG	13	yes	yes	no	no-census
paint	paints	N;PL/V;PRS;3;SG	18	yes	yes	no	common (8/249 medial-cap, 5 initial)
jungle	jungles	N;PL/V;PRS;3;SG	7	yes	yes	no	common (2/61 medial-cap, 0 initial)
headache	headaches	N;PL/V;PRS;3;SG	8	yes	yes	no	common (0/87 medial-cap, 1 initial)
reckon	reckoned	V;PST/V;V.PTCP;PST	37	yes	yes	no	common (0/196 medial-cap, 4 initial)
paper	papers	N;PL/V;PRS;3;SG	130	yes	yes	no	common (40/1968 medial-cap, 11 initial)
disgust	disgusted	V;PST/V;V.PTCP;PST	13	yes	yes	no	common (0/196 medial-cap, 0 initial)
reopen	reopened	V;PST/V;V.PTCP;PST	14	yes	yes	no	common (4/42 medial-cap, 0 initial)
logistic	logistics	N;PL/V;PRS;3;SG	10	yes	yes	no	common (0/2 medial-cap, 0 initial)
proceed	proceeding	V;V.PTCP;PRS	69	yes	yes	no	common (10/516 medial-cap, 8 initial)
disaster	disasters	N;PL/V;PRS;3;SG	20	yes	yes	no	common (10/138 medial-cap, 1 initial)
cover	covered	V;PST/V;V.PTCP;PST	367	yes	yes	no	common (9/627 medial-cap, 8 initial)
worsen	worsened	V;PST/V;V.PTCP;PST	9	yes	yes	no	common (1/15 medial-cap, 0 initial)
hue	hues	N;PL/V;PRS;3;SG	14	yes	yes	no	common (1/141 medial-cap, 0 initial)
sharpen	sharpening	V;V.PTCP;PRS	11	yes	yes	no	common (0/15 medial-cap, 0 initial)
shadow	shadows	N;PL/V;PRS;3;SG	84	yes	yes	no	common (27/899 medial-cap, 3 initial)
pull	pulls	N;PL/V;PRS;3;SG	26	yes	yes	no	common (7/482 medial-cap, 37 initial)
reflect	reflecting	V;V.PTCP;PRS	115	yes	yes	no	common (6/460 medial-cap, 9 initial)
bottom	bottomed	V;PST/V;V.PTCP;PST	20	yes	yes	no	common (15/975 medial-cap, 3 initial)
temper	tempers	N;PL/V;PRS;3;SG	14	yes	yes	no	common (4/801 medial-cap, 2 initial)
brows	browsing	V;V.PTCP;PRS	51	yes	yes	no	common (0/200 medial-cap, 0 initial)
mathematic	mathematics	N;PL/V;PRS;3;SG	27	yes	yes	no	no-census
frighten	frightening	V;V.PTCP;PRS	21	yes	yes	no	common (1/179 medial-cap, 0 initial)
flutter	fluttering	V;V.PTCP;PRS	17	yes	yes	no	common (2/103 medial-cap, 0 initial)
rumor	rumored	V;PST/V;V.PTCP;PST	16	yes	yes	no	common (8/53 medial-cap, 5 initial)
stuart	stuarts	N;PL/V;PRS;3;SG	5	yes	yes	no	proper (25/25 medial-cap, 2 initial)
suffer	suffering	V;V.PTCP;PRS	174	yes	yes	no	common (13/738 medial-cap, 6 initial)
dove	doves	N;PL/V;PRS;3;SG	14	yes	yes	no	common (3/77 medial-cap, 0 initial)
array	arrays	N;PL/V;PRS;3;SG	6	yes	yes	no	common (0/112 medial-cap, 0 initial)
area	areas	N;PL/V;PRS;3;SG	672	yes	yes	no	common (19/721 medial-cap, 2 initial)
imbalance	imbalances	N;PL/V;PRS;3;SG	56	yes	yes	no	common (0/47 medial-cap, 0 initial)
composition	compositions	N;PL/V;PRS;3;SG	11	yes	yes	no	common (6/157 medial-cap, 0 initial)
exhort	exhorting	V;V.PTCP;PRS	6	yes	yes	no	common (0/22 medial-cap, 1 initial)
attend	attended	V;PST/V;V.PTCP;PST	109	yes	yes	no	common (12/587 medial-cap, 14 initial)
repetition	repetitions	N;PL/V;PRS;3;SG	7	yes	yes	no	common (0/139 medial-cap, 0 initial)
disappoint	disappointing	V;V.PTCP;PRS	40	yes	yes	no	common (0/59 medial-cap, 0 initial)
outing	outings	N;PL/V;PRS;3;SG	5	yes	yes	no	common (3/9 medial-cap, 0 initial)
morn	morning	V;V.PTCP;PRS	1379	yes	yes	no	common (6/73 medial-cap, 0 initial)
investigation	investigations	N;PL/V;PRS;3;SG	44	yes	yes	no	common (18/211 medial-cap, 0 initial)
rest	rests	N;PL/V;PRS;3;SG	59	yes	yes	no	common (24/3500 medial-cap, 15 initial)
permission	permissions	N;PL/V;PRS;3;SG	11	yes	yes	no	common (2/396 medial-cap, 0 initial)
application	applications	N;PL/V;PRS;3;SG	109	yes	yes	no	common (14/375 medial-cap, 1 initial)
coin	coins	N;PL/V;PRS;3;SG	99	yes	yes	no	common (8/166 medial-cap, 0 initial)
lengthen	lengthening	V;V.PTCP;PRS	5	yes	yes	no	common (0/17 medial-cap, 0 initial)
depart	departed	V;PST/V;V.PTCP;PST	256	yes	yes	no	common (16/327 medial-cap, 7 initial)
linger	lingers	N;PL/V;PRS;3;SG	5	yes	yes	no	common (0/65 medial-cap, 0 initial)
shipmate	shipmates	N;PL/V;PRS;3;SG	29	yes	yes	no	common (3/30 medial-cap, 2 initial)
bureau	bureaus	N;PL/V;PRS;3;SG	5	yes	yes	no	proper (117/192 medial-cap, 0 initial)
center	centering	V;V.PTCP;PRS	6	yes	yes	no	common (69/368 medial-cap, 1 initial)
exalt	exalted	V;PST/V;V.PTCP;PST	87	yes	yes	no	common (0/50 medial-cap, 3 initial)
allotment	allotments	N;PL/V;PRS;3;SG	11	yes	yes	no	common (0/44 medial-cap, 0 initial)
churn	churning	V;V.PTCP;PRS	10	yes	yes	no	common (0/13 medial-cap, 0 initial)
condemn	condemned	V;PST/V;V.PTCP;PST	60	yes	yes	no	common (1/132 medial-cap, 1 initial)
offend	offending	V;V.PTCP;PRS	8	yes	yes	no	common (0/162 medial-cap, 1 initial)
occasion	occasioned	V;PST/V;V.PTCP;PST	23	yes	yes	no	common (12/1846 medial-cap, 1 initial)
athletic	athletics	N;PL/V;PRS;3;SG	10	yes	yes	no	common (5/48 medial-cap, 0 initial)
represent	representing	V;V.PTCP;PRS	116	yes	yes	no	common (0/251 medial-cap, 0 initial)
premium	premiums	N;PL/V;PRS;3;SG	43	yes	yes	no	common (4/145 medial-cap, 1 initial)
italian	italians	N;PL/V;PRS;3;SG	16	yes	yes	no	proper (473/474 medial-cap, 20 initial)
repo	repos	N;PL/V;PRS;3;SG	8	yes	yes	no	proper (1/2 medial-cap, 0 initial)
protest	protests	N;PL/V;PRS;3;SG	29	yes	yes	no	common (5/304 medial-cap, 0 initial)
deduction	deductions	N;PL/V;PRS;3;SG	16	yes	yes	no	common (3/51 medial-cap, 0 initial)
mapp	mapping	V;V.PTCP;PRS	10	yes	yes	no	no-census
appear	appears	N;PL/V;PRS;3;SG	309	yes	yes	no	common (9/1242 medial-cap, 0 initial)
whipp	whipped	V;PST/V;V.PTCP;PST	31	yes	yes	no	no-census
need	needed	V;PST/V;V.PTCP;PST	608	yes	yes	no	common (19/2871 medial-cap, 15 initial)
avow	avowed	V;PST/V;V.PTCP;PST	6	yes	yes	no	common (0/26 medial-cap, 0 initial)
sight	sighted	V;PST/V;V.PTCP;PST	23	yes	yes	no	common (13/2689 medial-cap, 7 initial)
concern	concerned	V;PST/V;V.PTCP;PST	351	yes	yes	no	common (13/647 medial-cap, 12 initial)
own	owned	V;PST/V;V.PTCP;PST	689	yes	yes	no	common (21/15531 medial-cap, 4 initial)
bestow	bestowed	V;PST/V;V.PTCP;PST	48	yes	yes	no	common (0/214 medial-cap, 4 initial)
talk	talked	V;PST/V;V.PTCP;PST	317	yes	yes	no	common (20/3169 medial-cap, 56 initial)
pajama	pajamas	N;PL/V;PRS;3;SG	5	yes	yes	no	common (0/1 medial-cap, 0 initial)
empower	empowering	V;V.PTCP;PRS	6	yes	yes	no	common (0/5 medial-cap, 0 initial)
month	months	N;PL/V;PRS;3;SG	1565	yes	yes	no	common (17/2472 medial-cap, 1 initial)
dozen	dozens	N;PL/V;PRS;3;SG	19	yes	yes	no	common (0/666 medial-cap, 0 initial)
buddie	buddies	N;PL/V;PRS;3;SG	7	yes	yes	no	no-census
puff	puffed	V;PST/V;V.PTCP;PST	13	yes	yes	no	common (6/68 medial-cap, 3 initial)
sweet	sweets	N;PL/V;PRS;3;SG	12	yes	yes	no	common (41/1558 medial-cap, 42 initial)
shift	shifted	V;PST/V;V.PTCP;PST	46	yes	yes	no	common (2/157 medial-cap, 1 initial)
hispanic	hispanics	N;PL/V;PRS;3;SG	5	yes	yes	no	no-census
stepp	stepping	V;V.PTCP;PRS	53	yes	yes	no	proper (1/1 medial-cap, 0 initial)
disturb	disturbing	V;V.PTCP;PRS	30	yes	yes	no	common (1/272 medial-cap, 0 initial)
accept	accepted	V;PST/V;V.PTCP;PST	329	yes	yes	no	common (12/898 medial-cap, 14 initial)
drift	drifts	N;PL/V;PRS;3;SG	15	yes	yes	no	common (1/91 medial-cap, 0 initial)
boe	boeing	V;V.PTCP;PRS	31	yes	yes	no	no-census
remittance	remittances	N;PL/V;PRS;3;SG	14	yes	yes	no	common (0/14 medial-cap, 0 initial)
proof	proofs	N;PL/V;PRS;3;SG	20	yes	yes	no	common (6/615 medial-cap, 10 initial)
appeal	appealing	V;V.PTCP;PRS	29	yes	yes	no	common (18/472 medial-cap, 0 initial)
suck	sucks	N;PL/V;PRS;3;SG	28	yes	yes	no	common (1/53 medial-cap, 0 initial)
rott	rotting	V;V.PTCP;PRS	10	yes	yes	no	no-census
assignment	assignments	N;PL/V;PRS;3;SG	22	yes	yes	no	common (0/71 medial-cap, 0 initial)
radio	radios	N;PL/V;PRS;3;SG	10	yes	yes	no	common (28/175 medial-cap, 8 initial)
pretend	pretended	V;PST/V;V.PTCP;PST	17	yes	yes	no	common (0/268 medial-cap, 1 initial)
manufacturer	manufacturers	N;PL/V;PRS;3;SG	149	yes	yes	no	common (1/97 medial-cap, 0 initial)
skeptic	skeptics	N;PL/V;PRS;3;SG	6	yes	yes	no	common (0/1 medial-cap, 0 initial)
appear	appearing	V;V.PTCP;PRS	71	yes	yes	no	common (9/1242 medial-cap, 0 initial)
ramification	ramifications	N;PL/V;PRS;3;SG	5	yes	yes	no	proper (3/6 medial-cap, 0 initial)
cushion	cushions	N;PL/V;PRS;3;SG	11	yes	yes	no	common (1/91 medial-cap, 0 initial)
hover	hovered	V;PST/V;V.PTCP;PST	21	yes	yes	no	common (2/39 medial-cap, 0 initial)
corrupt	corrupted	V;PST/V;V.PTCP;PST	31	yes	yes	no	common (5/110 medial-cap, 2 initial)
disruption	disruptions	N;PL/V;PRS;3;SG	12	yes	yes	no	common (1/21 medial-cap, 0 initial)
land	landed	V;PST/V;V.PTCP;PST	50	yes	yes	no	common (93/3241 medial-cap, 55 initial)
tann	tanning	V;V.PTCP;PRS	6	yes	yes	no	common (0/3 medial-cap, 0 initial)
falter	faltering	V;V.PTCP;PRS	14	yes	yes	no	common (0/28 medial-cap, 0 initial)
beginning	beginnings	N;PL/V;PRS;3;SG	27	yes	yes	no	common (25/1938 medial-cap, 21 initial)
regain	regaining	V;V.PTCP;PRS	8	yes	yes	no	common (0/75 medial-cap, 0 initial)
hasten	hastening	V;V.PTCP;PRS	13	yes	yes	no	common (2/127 medial-cap, 6 initial)
scowl	scowled	V;PST/V;V.PTCP;PST	6	yes	yes	no	common (2/46 medial-cap, 0 initial)
outdoor	outdoors	N;PL/V;PRS;3;SG	15	yes	yes	no	common (7/60 medial-cap, 1 initial)
contrast	contrasts	N;PL/V;PRS;3;SG	14	yes	yes	no	common (2/354 medial-cap, 2 initial)
talent	talented	V;PST/V;V.PTCP;PST	13	yes	yes	no	common (0/216 medial-cap, 2 initial)
extend	extending	V;V.PTCP;PRS	94	yes	yes	no	common (10/188 medial-cap, 4 initial)
accompaniment	accompaniments	N;PL/V;PRS;3;SG	6	yes	yes	no	common (0/46 medial-cap, 0 initial)
exemption	exemptions	N;PL/V;PRS;3;SG	7	yes	yes	no	common (4/27 medial-cap, 1 initial)
govern	governing	V;V.PTCP;PRS	50	yes	yes	no	common (3/85 medial-cap, 0 initial)
jewelmaster	jewelmasters	N;PL/V;PRS;3;SG	5	yes	yes	no	no-census
bask	basking	V;V.PTCP;PRS	8	yes	yes	no	common (0/11 medial-cap, 0 initial)
lett	letting	V;V.PTCP;PRS	68	yes	yes	no	proper (1/1 medial-cap, 0 initial)
coal	coals	N;PL/V;PRS;3;SG	41	yes	yes	no	common (28/296 medial-cap, 4 initial)
proclaim	proclaimed	V;PST/V;V.PTCP;PST	39	yes	yes	no	common (3/75 medial-cap, 1 initial)
model	modeling	V;V.PTCP;PRS	5	yes	yes	no	common (19/245 medial-cap, 0 initial)
robert	roberts	N;PL/V;PRS;3;SG	66	yes	yes	yes	proper (293/294 medial-cap, 46 initial)
strife	strifes	N;PL/V;PRS;3;SG	5	yes	yes	no	common (0/104 medial-cap, 0 initial)
participation	participations	N;PL/V;PRS;3;SG	5	yes	yes	no	common (0/139 medial-cap, 2 initial)
belong	belongs	N;PL/V;PRS;3;SG	93	yes	yes	no	common (0/382 medial-cap, 0 initial)
penn	penned	V;PST/V;V.PTCP;PST	5	yes	yes	no	proper (18/28 medial-cap, 2 initial)
hair	haired	V;PST/V;V.PTCP;PST	59	yes	yes	no	common (9/2643 medial-cap, 4 initial)
ambition	ambitions	N;PL/V;PRS;3;SG	35	yes	yes	no	common (15/248 medial-cap, 8 initial)
evict	evicted	V;PST/V;V.PTCP;PST	5	yes	yes	no	no-census
mapp	mapped	V;PST/V;V.PTCP;PST	6	yes	yes	no	no-census
downward	downwards	N;PL/V;PRS;3;SG	38	yes	yes	no	common (4/190 medial-cap, 0 initial)
portray	portrays	N;PL/V;PRS;3;SG	5	yes	yes	no	common (0/12 medial-cap, 0 initial)
robb	robbing	V;V.PTCP;PRS	7	yes	yes	no	no-census
frett	fretted	V;PST/V;V.PTCP;PST	6	yes	yes	no	no-census
berrie	berries	N;PL/V;PRS;3;SG	55	yes	yes	no	no-census
jean	jeans	N;PL/V;PRS;3;SG	10	yes	yes	no	proper (980/982 medial-cap, 300 initial)
submission	submissions	N;PL/V;PRS;3;SG	5	yes	yes	no	common (1/157 medial-cap, 1 initial)
batt	batting	V;V.PTCP;PRS	16	yes	yes	no	no-census
regard	regarding	V;V.PTCP;PRS	108	yes	yes	no	common (5/1316 medial-cap, 4 initial)
glitter	glittering	V;V.PTCP;PRS	44	yes	yes	no	common (0/52 medial-cap, 0 initial)
colour	coloured	V;PST/V;V.PTCP;PST	77	yes	yes	no	common (7/677 medial-cap, 0 initial)
land	lands	N;PL/V;PRS;3;SG	234	yes	yes	no	common (93/3241 medial-cap, 55 initial)
detain	detaining	V;V.PTCP;PRS	6	yes	yes	no	common (1/122 medial-cap, 0 initial)
waiter	waiters	N;PL/V;PRS;3;SG	10	yes	yes	no	common (10/329 medial-cap, 17 initial)
town	towns	N;PL/V;PRS;3;SG	126	yes	yes	no	common (97/2769 medial-cap, 4 initial)
begg	begged	V;PST/V;V.PTCP;PST	81	yes	yes	no	common (0/2 medial-cap, 0 initial)
roof	roofs	N;PL/V;PRS;3;SG	23	yes	yes	no	common (1/635 medial-cap, 0 initial)
devour	devoured	V;PST/V;V.PTCP;PST	60	yes	yes	no	common (0/126 medial-cap, 0 initial)
valuation	valuations	N;PL/V;PRS;3;SG	6	yes	yes	no	common (0/37 medial-cap, 0 initial)
conform	conforms	N;PL/V;PRS;3;SG	7	yes	yes	no	common (0/37 medial-cap, 0 initial)
invent	inventing	V;V.PTCP;PRS	5	yes	yes	no	common (0/88 medial-cap, 0 initial)
winter	winters	N;PL/V;PRS;3;SG	10	yes	yes	no	common (29/906 medial-cap, 16 initial)
contribution	contributions	N;PL/V;PRS;3;SG	70	yes	yes	no	common (2/126 medial-cap, 0 initial)
slacken	slackened	V;PST/V;V.PTCP;PST	12	yes	yes	no	common (0/18 medial-cap, 0 initial)
toward	towards	N;PL/V;PRS;3;SG	685	yes	yes	no	common (16/1290 medial-cap, 28 initial)
murder	murders	N;PL/V;PRS;3;SG	19	yes	yes	no	common (35/655 medial-cap, 24 initial)
clott	clotted	V;PST/V;V.PTCP;PST	5	yes	yes	no	no-census
composer	composers	N;PL/V;PRS;3;SG	15	yes	yes	no	common (0/39 medial-cap, 0 initial)
shortage	shortages	N;PL/V;PRS;3;SG	41	yes	yes	no	common (17/168 medial-cap, 1 initial)
sprawl	sprawling	V;V.PTCP;PRS	13	yes	yes	no	common (0/5 medial-cap, 0 initial)
transcend	transcending	V;V.PTCP;PRS	7	yes	yes	no	common (1/6 medial-cap, 0 initial)
distinction	distinctions	N;PL/V;PRS;3;SG	21	yes	yes	no	common (0/299 medial-cap, 1 initial)
breath	breaths	N;PL/V;PRS;3;SG	13	yes	yes	no	common (6/1256 medial-cap, 1 initial)
endow	endowed	V;PST/V;V.PTCP;PST	17	yes	yes	no	common (2/12 medial-cap, 0 initial)
armament	armaments	N;PL/V;PRS;3;SG	20	yes	yes	no	common (0/6 medial-cap, 0 initial)
hayne	haynes	N;PL/V;PRS;3;SG	5	yes	yes	no	dual (0/0 medial-cap, 1 initial)
suspend	suspending	V;V.PTCP;PRS	14	yes	yes	no	common (0/56 medial-cap, 3 initial)
tempt	tempting	V;V.PTCP;PRS	25	yes	yes	no	common (2/104 medial-cap, 0 initial)
speake	speakes	N;PL/V;PRS;3;SG	10	yes	yes	no	common (8/107 medial-cap, 11 initial)
warn	warned	V;PST/V;V.PTCP;PST	152	yes	yes	no	common (4/351 medial-cap, 6 initial)
ripp	ripped	V;PST/V;V.PTCP;PST	21	yes	yes	no	no-census
chestnut	chestnuts	N;PL/V;PRS;3;SG	7	yes	yes	no	common (6/86 medial-cap, 0 initial)
hour	hours	N;PL/V;PRS;3;SG	586	yes	yes	no	common (8/3896 medial-cap, 5 initial)
government	governments	N;PL/V;PRS;3;SG	244	yes	yes	no	common (350/2649 medial-cap, 43 initial)
walnut	walnuts	N;PL/V;PRS;3;SG	11	yes	yes	no	common (7/39 medial-cap, 1 initial)
murmur	murmured	V;PST/V;V.PTCP;PST	58	yes	yes	no	common (1/192 medial-cap, 0 initial)
industrie	industries	N;PL/V;PRS;3;SG	742	yes	yes	no	proper (7/7 medial-cap, 0 initial)
fitt	fitted	V;PST/V;V.PTCP;PST	59	yes	yes	no	no-census
overcrowd	overcrowded	V;PST/V;V.PTCP;PST	5	yes	yes	no	common (0/1 medial-cap, 0 initial)
astrologer	astrologers	N;PL/V;PRS;3;SG	8	yes	yes	no	common (0/4 medial-cap, 0 initial)
defend	defended	V;PST/V;V.PTCP;PST	48	yes	yes	no	common (6/318 medial-cap, 5 initial)
depression	depressions	N;PL/V;PRS;3;SG	8	yes	yes	no	common (3/146 medial-cap, 2 initial)
counsel	counseling	V;V.PTCP;PRS	12	yes	yes	no	common (8/467 medial-cap, 8 initial)
scorn	scorned	V;PST/V;V.PTCP;PST	6	yes	yes	no	common (1/317 medial-cap, 1 initial)
allocation	allocations	N;PL/V;PRS;3;SG	26	yes	yes	no	common (0/48 medial-cap, 1 initial)
art	arts	N;PL/V;PRS;3;SG	112	yes	yes	no	common (149/1769 medial-cap, 38 initial)
snow	snowing	V;V.PTCP;PRS	7	yes	yes	no	common (29/666 medial-cap, 12 initial)
food	foods	N;PL/V;PRS;3;SG	136	yes	yes	no	common (107/961 medial-cap, 13 initial)
reopen	reopens	N;PL/V;PRS;3;SG	5	yes	yes	no	common (4/42 medial-cap, 0 initial)
improvement	improvements	N;PL/V;PRS;3;SG	98	yes	yes	no	common (11/319 medial-cap, 2 initial)
plott	plotted	V;PST/V;V.PTCP;PST	13	yes	yes	no	no-census
lapp	lapping	V;V.PTCP;PRS	5	yes	yes	no	proper (1/1 medial-cap, 0 initial)
doctrine	doctrines	N;PL/V;PRS;3;SG	14	yes	yes	no	common (7/192 medial-cap, 2 initial)
window	windows	N;PL/V;PRS;3;SG	485	yes	yes	no	common (15/3150 medial-cap, 2 initial)
unconcern	unconcerned	V;PST/V;V.PTCP;PST	15	yes	yes	no	common (0/32 medial-cap, 0 initial)
combination	combinations	N;PL/V;PRS;3;SG	34	yes	yes	no	common (3/253 medial-cap, 0 initial)
distribution	distributions	N;PL/V;PRS;3;SG	22	yes	yes	no	common (25/344 medial-cap, 5 initial)
shatter	shattered	V;PST/V;V.PTCP;PST	32	yes	yes	no	common (0/11 medial-cap, 0 initial)
restriction	restrictions	N;PL/V;PRS;3;SG	141	yes	yes	no	common (2/27 medial-cap, 0 initial)
farmland	farmlands	N;PL/V;PRS;3;SG	7	yes	yes	no	common (2/17 medial-cap, 1 initial)
disrupt	disrupting	V;V.PTCP;PRS	5	yes	yes	no	common (1/23 medial-cap, 0 initial)
connexion	connexions	N;PL/V;PRS;3;SG	18	yes	yes	no	common (0/193 medial-cap, 0 initial)
hail	hailed	V;PST/V;V.PTCP;PST	36	yes	yes	no	common (15/162 medial-cap, 11 initial)
explanation	explanations	N;PL/V;PRS;3;SG	27	yes	yes	no	common (9/692 medial-cap, 1 initial)
stiffen	stiffening	V;V.PTCP;PRS	8	yes	yes	no	common (0/8 medial-cap, 0 initial)
carrot	carrots	N;PL/V;PRS;3;SG	9	yes	yes	no	common (1/9 medial-cap, 0 initial)
convey	conveys	N;PL/V;PRS;3;SG	8	yes	yes	no	common (0/182 medial-cap, 1 initial)
reaffirm	reaffirming	V;V.PTCP;PRS	7	yes	yes	no	common (0/7 medial-cap, 0 initial)
custom	customs	N;PL/V;PRS;3;SG	98	yes	yes	no	common (24/457 medial-cap, 2 initial)
pardon	pardoned	V;PST/V;V.PTCP;PST	12	yes	yes	no	common (75/993 medial-cap, 89 initial)
brimm	brimming	V;V.PTCP;PRS	6	yes	yes	no	no-census
starbuck	starbucks	N;PL/V;PRS;3;SG	13	yes	yes	no	proper (364/364 medial-cap, 33 initial)
babylonian	babylonians	N;PL/V;PRS;3;SG	6	yes	yes	no	proper (6/6 medial-cap, 0 initial)
iraqi	iraqis	N;PL/V;PRS;3;SG	14	yes	yes	no	proper (41/41 medial-cap, 6 initial)
descend	descends	N;PL/V;PRS;3;SG	19	yes	yes	no	common (4/194 medial-cap, 4 initial)
skill	skills	N;PL/V;PRS;3;SG	106	yes	yes	no	common (3/294 medial-cap, 2 initial)
scripp	scripps	N;PL/V;PRS;3;SG	5	yes	yes	no	no-census
regard	regarded	V;PST/V;V.PTCP;PST	137	yes	yes	no	common (5/1316 medial-cap, 4 initial)
director	directors	N;PL/V;PRS;3;SG	254	yes	yes	no	common (115/415 medial-cap, 3 initial)
enhancement	enhancements	N;PL/V;PRS;3;SG	5	yes	yes	no	proper (38/70 medial-cap, 0 initial)
hail	hailing	V;V.PTCP;PRS	10	yes	yes	no	common (15/162 medial-cap, 11 initial)
suspend	suspended	V;PST/V;V.PTCP;PST	166	yes	yes	no	common (0/56 medial-cap, 3 initial)
woodland	woodlands	N;PL/V;PRS;3;SG	5	yes	yes	no	common (1/17 medial-cap, 0 initial)
pull	pulled	V;PST/V;V.PTCP;PST	196	yes	yes	no	common (7/482 medial-cap, 37 initial)
cool	cooled	V;PST/V;V.PTCP;PST	32	yes	yes	no	common (7/537 medial-cap, 7 initial)
confirm	confirms	N;PL/V;PRS;3;SG	29	yes	yes	no	common (0/167 medial-cap, 0 initial)
briton	britons	N;PL/V;PRS;3;SG	14	yes	yes	no	proper (16/16 medial-cap, 0 initial)
represent	represents	N;PL/V;PRS;3;SG	130	yes	yes	no	common (0/251 medial-cap, 0 initial)
want	wanting	V;V.PTCP;PRS	109	yes	yes	no	common (22/5703 medial-cap, 10 initial)
lobster	lobsters	N;PL/V;PRS;3;SG	9	yes	yes	no	common (6/49 medial-cap, 0 initial)
seem	seemed	V;PST/V;V.PTCP;PST	1489	yes	yes	no	common (4/2034 medial-cap, 1 initial)
abstraction	abstractions	N;PL/V;PRS;3;SG	8	yes	yes	no	common (4/102 medial-cap, 0 initial)
ascend	ascending	V;V.PTCP;PRS	42	yes	yes	no	common (4/103 medial-cap, 1 initial)
han	hans	N;PL/V;PRS;3;SG	59	yes	yes	no	proper (20/35 medial-cap, 0 initial)
draught	draughts	N;PL/V;PRS;3;SG	10	yes	yes	no	common (4/156 medial-cap, 0 initial)
migration	migrations	N;PL/V;PRS;3;SG	5	yes	yes	no	common (0/14 medial-cap, 0 initial)
employment	employments	N;PL/V;PRS;3;SG	19	yes	yes	no	common (20/402 medial-cap, 9 initial)
need	needs	N;PL/V;PRS;3;SG	678	yes	yes	no	common (19/2871 medial-cap, 15 initial)
correspond	corresponding	V;V.PTCP;PRS	86	yes	yes	no	common (0/76 medial-cap, 0 initial)
alarm	alarmed	V;PST/V;V.PTCP;PST	57	yes	yes	no	common (4/586 medial-cap, 2 initial)
rodger	rodgers	N;PL/V;PRS;3;SG	8	yes	yes	no	no-census
joy	joys	N;PL/V;PRS;3;SG	69	yes	yes	no	common (24/1431 medial-cap, 23 initial)
reform	reforms	N;PL/V;PRS;3;SG	105	yes	yes	no	common (56/239 medial-cap, 4 initial)
legend	legends	N;PL/V;PRS;3;SG	22	yes	yes	no	common (4/120 medial-cap, 1 initial)
prevent	prevented	V;PST/V;V.PTCP;PST	106	yes	yes	no	common (4/889 medial-cap, 0 initial)
ticket	tickets	N;PL/V;PRS;3;SG	28	yes	yes	no	common (4/106 medial-cap, 1 initial)
hebrew	hebrews	N;PL/V;PRS;3;SG	27	yes	yes	no	proper (67/67 medial-cap, 0 initial)
steward	stewards	N;PL/V;PRS;3;SG	10	yes	yes	no	common (10/215 medial-cap, 5 initial)
dread	dreading	V;V.PTCP;PRS	5	yes	yes	no	common (1/566 medial-cap, 4 initial)
backward	backwards	N;PL/V;PRS;3;SG	32	yes	yes	no	common (1/218 medial-cap, 2 initial)
perception	perceptions	N;PL/V;PRS;3;SG	12	yes	yes	no	common (3/200 medial-cap, 2 initial)
latitude	latitudes	N;PL/V;PRS;3;SG	17	yes	yes	no	common (2/57 medial-cap, 0 initial)
rattlesnake	rattlesnakes	N;PL/V;PRS;3;SG	5	yes	yes	no	common (0/7 medial-cap, 0 initial)
persecution	persecutions	N;PL/V;PRS;3;SG	8	yes	yes	no	common (1/59 medial-cap, 1 initial)
encrust	encrusted	V;PST/V;V.PTCP;PST	5	yes	yes	no	no-census
netherland	netherlands	N;PL/V;PRS;3;SG	91	yes	yes	no	no-census
folk	folks	N;PL/V;PRS;3;SG	61	yes	yes	no	common (7/232 medial-cap, 6 initial)
front	fronts	N;PL/V;PRS;3;SG	19	yes	yes	no	common (7/1807 medial-cap, 2 initial)
pleas	pleased	V;PST/V;V.PTCP;PST	353	yes	yes	no	common (15/38 medial-cap, 3 initial)
happen	happened	V;PST/V;V.PTCP;PST	441	yes	yes	no	common (3/917 medial-cap, 1 initial)
pardon	pardons	N;PL/V;PRS;3;SG	5	yes	yes	no	common (75/993 medial-cap, 89 initial)
philippine	philippines	N;PL/V;PRS;3;SG	103	yes	yes	no	proper (61/61 medial-cap, 14 initial)
design	designing	V;V.PTCP;PRS	17	yes	yes	no	common (12/434 medial-cap, 3 initial)
protract	protracted	V;PST/V;V.PTCP;PST	10	yes	yes	no	common (0/12 medial-cap, 0 initial)
inhabitant	inhabitants	N;PL/V;PRS;3;SG	235	yes	yes	no	common (1/81 medial-cap, 1 initial)
vomit	vomiting	V;V.PTCP;PRS	6	yes	yes	no	common (0/20 medial-cap, 0 initial)
lack	lacking	V;V.PTCP;PRS	79	yes	yes	no	common (3/367 medial-cap, 2 initial)
attain	attaining	V;V.PTCP;PRS	15	yes	yes	no	common (0/143 medial-cap, 0 initial)
specimen	specimens	N;PL/V;PRS;3;SG	22	yes	yes	no	common (2/121 medial-cap, 0 initial)
attract	attracted	V;PST/V;V.PTCP;PST	69	yes	yes	no	common (2/187 medial-cap, 0 initial)
shorten	shortened	V;PST/V;V.PTCP;PST	21	yes	yes	no	common (0/24 medial-cap, 0 initial)
correction	corrections	N;PL/V;PRS;3;SG	12	yes	yes	no	common (2/77 medial-cap, 2 initial)
print	prints	N;PL/V;PRS;3;SG	30	yes	yes	no	common (15/181 medial-cap, 2 initial)
risk	risked	V;PST/V;V.PTCP;PST	9	yes	yes	no	common (7/576 medial-cap, 2 initial)
black	blacked	V;PST/V;V.PTCP;PST	6	yes	yes	no	common (166/3064 medial-cap, 35 initial)
ribbon	ribbons	N;PL/V;PRS;3;SG	17	yes	yes	no	common (0/157 medial-cap, 0 initial)
simm	simms	N;PL/V;PRS;3;SG	17	yes	yes	no	proper (1/1 medial-cap, 0 initial)
puppet	puppets	N;PL/V;PRS;3;SG	6	yes	yes	no	common (5/55 medial-cap, 0 initial)
expedition	expeditions	N;PL/V;PRS;3;SG	10	yes	yes	no	common (6/208 medial-cap, 0 initial)
lewis'	lewis's	N;PL/V;PRS;3;SG	5	yes	yes	no	no-census
reflection	reflections	N;PL/V;PRS;3;SG	30	yes	yes	no	common (2/588 medial-cap, 2 initial)
aid	aided	V;PST/V;V.PTCP;PST	39	yes	yes	no	common (43/755 medial-cap, 7 initial)
frie	fries	N;PL/V;PRS;3;SG	7	yes	yes	no	no-census
crumb	crumbs	N;PL/V;PRS;3;SG	11	yes	yes	no	proper (258/278 medial-cap, 14 initial)
lessen	lessening	V;V.PTCP;PRS	24	yes	yes	no	common (4/91 medial-cap, 0 initial)
select	selects	N;PL/V;PRS;3;SG	15	yes	yes	no	common (8/148 medial-cap, 1 initial)
transport	transported	V;PST/V;V.PTCP;PST	21	yes	yes	no	common (58/230 medial-cap, 5 initial)
unroll	unrolled	V;PST/V;V.PTCP;PST	6	yes	yes	no	common (0/2 medial-cap, 0 initial)
budd	budding	V;V.PTCP;PRS	12	yes	yes	no	proper (6/6 medial-cap, 0 initial)
fann	fanning	V;V.PTCP;PRS	13	yes	yes	no	common (0/1 medial-cap, 0 initial)
mcdonald	mcdonalds	N;PL/V;PRS;3;SG	9	yes	yes	no	proper (6/6 medial-cap, 3 initial)
cruce	cruces	N;PL/V;PRS;3;SG	5	yes	yes	no	no-census
turk	turks	N;PL/V;PRS;3;SG	12	yes	yes	no	proper (67/67 medial-cap, 1 initial)
respect	respected	V;PST/V;V.PTCP;PST	33	yes	yes	no	common (9/1496 medial-cap, 14 initial)
act	acts	N;PL/V;PRS;3;SG	161	yes	yes	no	common (223/1757 medial-cap, 7 initial)
shadow	shadowing	V;V.PTCP;PRS	12	yes	yes	no	common (27/899 medial-cap, 3 initial)
deepen	deepening	V;V.PTCP;PRS	9	yes	yes	no	common (0/20 medial-cap, 0 initial)
gripp	gripping	V;V.PTCP;PRS	10	yes	yes	no	proper (1/1 medial-cap, 0 initial)
flutter	fluttered	V;PST/V;V.PTCP;PST	13	yes	yes	no	common (2/103 medial-cap, 0 initial)
iron	ironing	V;V.PTCP;PRS	7	yes	yes	no	common (45/1206 medial-cap, 6 initial)
flatten	flattened	V;PST/V;V.PTCP;PST	10	yes	yes	no	common (0/7 medial-cap, 0 initial)
meaning	meanings	N;PL/V;PRS;3;SG	38	yes	yes	no	common (17/1196 medial-cap, 10 initial)
straw	straws	N;PL/V;PRS;3;SG	5	yes	yes	no	common (5/368 medial-cap, 1 initial)
evaluation	evaluations	N;PL/V;PRS;3;SG	5	yes	yes	no	common (0/49 medial-cap, 3 initial)
bewilder	bewildering	V;V.PTCP;PRS	12	yes	yes	no	common (0/6 medial-cap, 0 initial)
drama	dramas	N;PL/V;PRS;3;SG	8	yes	yes	no	common (8/158 medial-cap, 0 initial)
prevail	prevails	N;PL/V;PRS;3;SG	12	yes	yes	no	common (0/162 medial-cap, 0 initial)
enlighten	enlightened	V;PST/V;V.PTCP;PST	35	yes	yes	no	common (0/54 medial-cap, 0 initial)
lower	lowering	V;V.PTCP;PRS	71	yes	yes	no	common (126/1760 medial-cap, 36 initial)
heir	heirs	N;PL/V;PRS;3;SG	24	yes	yes	no	common (19/265 medial-cap, 5 initial)
shipment	shipments	N;PL/V;PRS;3;SG	242	yes	yes	no	common (3/193 medial-cap, 1 initial)
marketing	marketings	N;PL/V;PRS;3;SG	16	yes	yes	no	common (83/368 medial-cap, 4 initial)
donn	donned	V;PST/V;V.PTCP;PST	5	yes	yes	no	common (0/1 medial-cap, 0 initial)
ruin	ruins	N;PL/V;PRS;3;SG	36	yes	yes	no	common (5/629 medial-cap, 3 initial)
inducement	inducements	N;PL/V;PRS;3;SG	8	yes	yes	no	common (0/34 medial-cap, 0 initial)
impart	imparted	V;PST/V;V.PTCP;PST	13	yes	yes	no	common (1/87 medial-cap, 0 initial)
birth	births	N;PL/V;PRS;3;SG	14	yes	yes	no	common (17/520 medial-cap, 2 initial)
booking	bookings	N;PL/V;PRS;3;SG	7	yes	yes	no	common (0/26 medial-cap, 0 initial)
constrain	constrained	V;PST/V;V.PTCP;PST	19	yes	yes	no	common (0/15 medial-cap, 0 initial)
himalaya	himalayas	N;PL/V;PRS;3;SG	5	yes	yes	no	proper (2/2 medial-cap, 0 initial)
crack	cracks	N;PL/V;PRS;3;SG	18	yes	yes	no	common (0/164 medial-cap, 5 initial)
disorder	disorders	N;PL/V;PRS;3;SG	18	yes	yes	no	common (3/164 medial-cap, 1 initial)
harm	harmed	V;PST/V;V.PTCP;PST	8	yes	yes	no	common (2/744 medial-cap, 0 initial)
resurrect	resurrected	V;PST/V;V.PTCP;PST	6	yes	yes	no	proper (1/2 medial-cap, 0 initial)
cord	cords	N;PL/V;PRS;3;SG	38	yes	yes	no	common (4/128 medial-cap, 3 initial)
impair	impaired	V;PST/V;V.PTCP;PST	17	yes	yes	no	common (0/22 medial-cap, 0 initial)
recommend	recommended	V;PST/V;V.PTCP;PST	229	yes	yes	no	common (4/295 medial-cap, 1 initial)
bend	bended	V;PST/V;V.PTCP;PST	7	yes	yes	no	common (10/201 medial-cap, 3 initial)
complaint	complaints	N;PL/V;PRS;3;SG	52	yes	yes	no	common (9/284 medial-cap, 0 initial)
apprehension	apprehensions	N;PL/V;PRS;3;SG	16	yes	yes	no	common (0/225 medial-cap, 0 initial)
enchant	enchanted	V;PST/V;V.PTCP;PST	18	yes	yes	no	common (2/9 medial-cap, 0 initial)
awaken	awakened	V;PST/V;V.PTCP;PST	24	yes	yes	no	common (0/100 medial-cap, 1 initial)
drought	droughts	N;PL/V;PRS;3;SG	9	yes	yes	no	common (9/117 medial-cap, 8 initial)
redeem	redeemed	V;PST/V;V.PTCP;PST	83	yes	yes	no	common (7/121 medial-cap, 1 initial)
clapp	clapping	V;V.PTCP;PRS	22	yes	yes	no	proper (37/39 medial-cap, 2 initial)
protect	protects	N;PL/V;PRS;3;SG	23	yes	yes	no	common (2/296 medial-cap, 3 initial)
choice	choices	N;PL/V;PRS;3;SG	47	yes	yes	no	common (12/682 medial-cap, 2 initial)
carolina	carolinas	N;PL/V;PRS;3;SG	7	yes	yes	no	proper (54/54 medial-cap, 7 initial)
err	erred	V;PST/V;V.PTCP;PST	22	yes	yes	no	common (2/57 medial-cap, 1 initial)
simmon	simmons	N;PL/V;PRS;3;SG	20	yes	yes	no	no-census
discern	discerned	V;PST/V;V.PTCP;PST	21	yes	yes	no	common (1/121 medial-cap, 0 initial)
belong	belonged	V;PST/V;V.PTCP;PST	81	yes	yes	no	common (0/382 medial-cap, 0 initial)
afflict	afflicted	V;PST/V;V.PTCP;PST	78	yes	yes	no	common (0/49 medial-cap, 0 initial)
harmonie	harmonies	N;PL/V;PRS;3;SG	10	yes	yes	no	no-census
resign	resigned	V;PST/V;V.PTCP;PST	48	yes	yes	no	common (4/76 medial-cap, 0 initial)
sign	signed	V;PST/V;V.PTCP;PST	361	yes	yes	no	common (18/1225 medial-cap, 7 initial)
inscription	inscriptions	N;PL/V;PRS;3;SG	6	yes	yes	no	common (1/144 medial-cap, 0 initial)
fulfill	fulfilling	V;V.PTCP;PRS	19	yes	yes	no	common (1/56 medial-cap, 0 initial)
selection	selections	N;PL/V;PRS;3;SG	15	yes	yes	no	common (0/85 medial-cap, 1 initial)
inform	informed	V;PST/V;V.PTCP;PST	157	yes	yes	no	common (5/345 medial-cap, 5 initial)
kidd	kidding	V;V.PTCP;PRS	28	yes	yes	no	proper (24/24 medial-cap, 3 initial)
comfort	comforts	N;PL/V;PRS;3;SG	30	yes	yes	no	common (6/1234 medial-cap, 6 initial)
flyer	flyers	N;PL/V;PRS;3;SG	5	yes	yes	no	common (2/7 medial-cap, 1 initial)
expound	expounded	V;PST/V;V.PTCP;PST	10	yes	yes	no	common (0/21 medial-cap, 2 initial)
exceed	exceeding	V;V.PTCP;PRS	114	yes	yes	no	common (3/167 medial-cap, 0 initial)
placement	placements	N;PL/V;PRS;3;SG	16	yes	yes	no	common (2/41 medial-cap, 2 initial)
thunder	thundered	V;PST/V;V.PTCP;PST	11	yes	yes	no	common (23/318 medial-cap, 18 initial)
shipp	shipping	V;V.PTCP;PRS	263	yes	yes	no	common (0/1 medial-cap, 0 initial)
engraving	engravings	N;PL/V;PRS;3;SG	13	yes	yes	no	common (0/23 medial-cap, 0 initial)
yarn	yarns	N;PL/V;PRS;3;SG	13	yes	yes	no	common (0/52 medial-cap, 0 initial)
import	importing	V;V.PTCP;PRS	45	yes	yes	no	common (47/472 medial-cap, 6 initial)
reading	readings	N;PL/V;PRS;3;SG	21	yes	yes	no	common (23/1246 medial-cap, 13 initial)
concern	concerns	N;PL/V;PRS;3;SG	152	yes	yes	no	common (13/647 medial-cap, 12 initial)
puff	puffing	V;V.PTCP;PRS	10	yes	yes	no	common (6/68 medial-cap, 3 initial)
bunche	bunches	N;PL/V;PRS;3;SG	9	yes	yes	no	no-census
anger	angered	V;PST/V;V.PTCP;PST	16	yes	yes	no	common (12/1042 medial-cap, 9 initial)
ground	grounds	N;PL/V;PRS;3;SG	164	yes	yes	no	common (18/2779 medial-cap, 2 initial)
profit	profited	V;PST/V;V.PTCP;PST	12	yes	yes	no	common (137/3242 medial-cap, 11 initial)
infest	infested	V;PST/V;V.PTCP;PST	6	yes	yes	no	common (0/2 medial-cap, 0 initial)
imprison	imprisoned	V;PST/V;V.PTCP;PST	15	yes	yes	no	common (0/7 medial-cap, 0 initial)
maneuver	maneuvers	N;PL/V;PRS;3;SG	10	yes	yes	no	common (0/10 medial-cap, 0 initial)
lack	lacked	V;PST/V;V.PTCP;PST	42	yes	yes	no	common (3/367 medial-cap, 2 initial)
temperature	temperatures	N;PL/V;PRS;3;SG	67	yes	yes	no	common (1/171 medial-cap, 4 initial)
belong	belonging	V;V.PTCP;PRS	61	yes	yes	no	common (0/382 medial-cap, 0 initial)
allow	allowed	V;PST/V;V.PTCP;PST	350	yes	yes	no	common (25/1498 medial-cap, 88 initial)
infect	infected	V;PST/V;V.PTCP;PST	14	yes	yes	no	common (0/9 medial-cap, 0 initial)
discover	discovering	V;V.PTCP;PRS	23	yes	yes	no	common (0/406 medial-cap, 1 initial)
canadian	canadians	N;PL/V;PRS;3;SG	12	yes	yes	no	proper (612/616 medial-cap, 72 initial)
sniff	sniffed	V;PST/V;V.PTCP;PST	10	yes	yes	no	common (0/22 medial-cap, 0 initial)
explain	explains	N;PL/V;PRS;3;SG	35	yes	yes	no	common (13/904 medial-cap, 19 initial)
interest	interests	N;PL/V;PRS;3;SG	408	yes	yes	no	common (133/3860 medial-cap, 32 initial)
stiffen	stiffened	V;PST/V;V.PTCP;PST	10	yes	yes	no	common (0/8 medial-cap, 0 initial)
