pron	words	n_words
l AO r IY	laurey/lauri/laurie/laury/lawrie/lawry/loree/lorey/lori/lorie/lorrie/lorry/lory/lowrie	14
k EH r IY	carey/carie/carrey/carrie/carry(2)/cary/kairey/kari/karry/kary/kerrey/kerri/kerry	13
j UW z	ewes/hughes'(2)/hughes(2)/hughs/u's/u.'s/u.s/use(2)/yew's/yoos/youse(2)/yu's	12
s IY z	c's/c.'s/c.s/cees/saez/sea's/seas/sease/sees/seese/seize/sies	12
OW	au/aux/eau/eaux/o/o'/o./oh/ohh/ow/owe	11
SH UW	hsu/schoo/schou/schue/schuh/shew/shiu/shoe/shoo/shu/shue	11
f r IY z	freas/frease/freeh's/frees/freese/freeze/freis/frese/friese/frieze/friis	11
s IY g AH l	seagle/seagull/segal/segel/seigal/seigel(2)/seigle/siegal/siegel/siegell/siegle	11
AY z	ais/ayes/eis/eye's/eyes/eyes'/i's/i.'s/i.s/ise	10
JH EH r IY	geri/gerri/gerrie/gerry/gery/jere/jeri/jerri/jerrie/jerry	10
OW z	eaux(2)/o's/o.'s/o.s/o.s'/oh's/ohs/ooohs(2)/ose/owes	10
b EH r IY	barey/barre/barrie(2)/barry(2)/berrey/berri/berrie/berry/buerry/bury	10
b EY l IY	bailey/bailie/baillie/bailly/baily/baley/bally(2)/baylee/bayley/bayly	10
j UW	ewe/hugh(2)/u/u./uwe/yew/yoo/you/yu/yue	10
k EY	'kay/cay/k/k./kay/kaye/khe/quai(2)/quay(2)/quaye	10
k IY z	keas/kee's/kees/keese/key's/keyes/keyes'/keys/quay's/quays	10
m AO r IY	mauri/maurie/maury/morey/mori/morrie/morry/mory/mowrey/mowry	10
m EY z	mae's/maes/maize/mase/may's/mayes/mays/mays'/mayse/maze	10
n IY l	kneale/kneel/neal/neale/neall/neel/neil/neile/neill/niel	10
r AY t s	reits/reitz/right's/rights/rights'/rite's/rites/wright's/wrights/writes	10
r OW	reaux/rheault/rho/ro/roe/roh/rohe/row/rowe/wroe	10
s IY	c/c./cie/sci/sea/see/si/sie/sieh/tse(2)	10
EH r IH k s AH n	erichsen/ericksen/erickson/ericson/ericsson/eriksen/erikson/eriksson/errickson	9
JH IY z	g's/g.'s/g.s/gee's/geez/geeze/jees/jeez/jeeze	9
b IY z	b's/b.'s/b.s/be's/beas/bee's/bees/beese/bes	9
k AA n	caan/caen(2)/con/conn/conn./kahn/khan/kohn/kon	9
k AO r IY	corey/corrie/corry/cory/coury/kaori/korey/korry/kory	9
k EY z	cayes/k's/k.'s/kase/kay's/kayes/kays/quay's(2)/quays(2)	9
k IY	kea/kee/key/ki/kyi/qi/quai/quay/qui	9
k OW l	coal/coale/cole/colle/koehl/koelle/kohl/kol/kole	9
k UW	coo/cou/coup/coups(2)/khoo/khuu/koo/ku/qu	9
k j UW z	'cuse/cues/kuse/kuze/q's/q.'s/q.s/ques/queues	9
l UW	leu/lew/lieu/loo/lou/louw/loux/lu/lue	9
n IH k AH l z	nicholls/nichols/nichols'/nickel's/nickels/nickles/nickols/nicolls/nicols	9
n IY s	kneece/kniess/neace/neece/neice/neiss/nice(2)/niece/niess	9
SH ER	scher/schur/schurr/sher/shir/shirr/shur/shurr	8
b ER k	berch/berk/berke/birk/bourke/burck/burk/burke	8
b OW n	boan/boehne/boen/bohn/bohne/bone/bown/bowne	8
d IY z	d's/d.'s/d.s/deas/dee's/dees/deese/deis	8
f IH l IH p s	philip's(2)/philipps/philips'/philips(2)/phillip's/phillipps/phillips/phillips'	8
k AE n	caen/cahn/can/cann/cannes(2)/kan/kann/kanne	8
k EY n	cain/caine/cane/cayne/kain/kaine/kane/kayne	8
k IY n	kean/keane/keehn/keen/keene/kiehn/kiehne/kiene	8
k r IH s t AH l	christal/christel/chrystal/cristal/crystal/kristall/kristol/krystal	8
k r UW z	crew's/crewes/crews/cruise/cruse/cruz/cruze/kruse	8
m AA r k IY	marchi/marcie/markee/markey/markie/marky/marquee/marquis	8
m AH k l EY n	maclaine/maclean/mcclain/mcclaine/mcclane/mclain/mclane/mclean(2)	8
m AH k n IY l	macneal/macneil/macneill/mcneal/mcneel/mcneil/mcneill/mcniel	8
n EY b ER z	nabers/nabors/neighbor's/neighbors/neighbors'/neighbour's/neighbours/neighbours'	8
n IH k AH l	nicholl/nickel/nickell/nickle/nickol/nicol/nicoll/nikkel	8
p IY t s	paetz/peat's/peet's/peets/peetz/peitz/pete's/pietz	8
r EY	rae/ray/raye/re/rea/reay/rey/wray	8
r EY z	raise/rase/ray's/rays/raze/re's/rea's/res	8
r IY d ER z	reader's/readers/readers'/reeders/reiders/reiders'/rieders/rieders'	8
r IY k	reeck/reek/reick/rieck/riecke/riek/rieke/wreak	8
r OW l	roehl/roell/roelle/rohl/rol/role/roll/rolle	8
r OW z	roes/roh's/rohs/rose/row's/rowe's/rowes/rows	8
s IY m AH n	seaman/seamen/seamon/seeman/seemann/seman/semen/siemon	8
AH l EY n	ahlen/alain/alaine/alane/alayne/allain/elaine(2)	7
EH r	aer/air/ayre/ere/err/eyre/heir	7
JH IY	g/g./gee/je/jee/ji/jie	7
SH EH p ER d	shepard/sheperd/shephard/shepheard/shepherd/sheppard/shepperd	7
b AA r z	baars/bar's/barr's/barres/barrs/bars/barz	7
b EH r	baehr(2)/baer/bahr/bair/bare/bear/behr	7
b EH r AH l	baril/barrel(2)/behrle/berrill/beryl/burel/burell	7
b ER OW z	boros/borough's/boroughs/burros/burroughs(2)/burrowes/burrows	7
b EY z	baise/baize/bay's/bayes/bays/bayse/baze	7
b IY l	beal/beale/beall/beel/beil/biehl/biel	7
b IY n	bean/beane/beene/bein/beine/biehn/bien	7
b OW	beau/beaux/bo/boe/boeh/bow(2)/bowe	7
b OW l	boal/boehl/bohl/bole/boll/bowl/buol	7
b OW l z	boals/boles/bolles/bolls/bolz/bowles/bowls	7
d AO r	d'or/doar/doerr/dohr/door/dore/dorr	7
d EY z	dais/daise/dase/day's/days/days'/daze	7
d UW	deux/dew/do/doo/douwe/du/due	7
f EH r	fair/faire/fare/fehr/fer(2)/ferre/phair	7
f ER	fer/feur/fir/for(2)/fur/furr/furrh	7
f r EY n	frain/fraine/frane/frayn/frayne/frein/freyne	7
g r IY f	graef/graefe/graeff/grefe/greif/greiff/grief	7
h AA k	haack/haacke/haak/haake/hoc/hoch/hock	7
h AW z	houghs/houze/how's/howe's/howes/howse/howze	7
h EH r	hair/haire/hairr/hare/hehr/herr/herre	7
h EY n	hahne/hain/hane/hayn/hayne/heyn/heyne	7
h j UW z	hewes/hews/hues/hughes/hughes'/hughs(2)/huse	7
k AA l IY	cali/colley/collie/colly/kahley/kali/kolli	7
k AO f m AH n	cauffman/coffman/kauffman/kauffmann/kaufman/kaufmann/koffman	7
k AO r	coar/cohr/cor/core/corps/corr/kohr	7
k AY z ER	kaiser/keizer/keyser/kiser/kisor/kizer/kyzer	7
k IY l	keal/keel/keele/keil/kheel/kiehl/kiel	7
k OW n	coan/cohn/cone/koehn/koehne/koen/kohne	7
k UW n	coon/coone/koon/koone/kuehn/kuehne/kuhn	7
k j UW	cue/kew/kyu/q/q./que/queue	7
k r EY n	crain/craine/crane/crayne/krain/krane/krein	7
k r IH s	chris/chris'/chriss/cris/criss/kris/kriss	7
l AO r	laur/laure/loar/loehr/lohr/lor/lore	7
l AO r AH n s	laurance/laurence/lawrance/lawrence/lorance/lorence/lowrance	7
l EY	lait/lay/laye/lei/les(2)/ley/leyh	7
l IH l IY	liley/lili/lilley/lilli/lillie/lilly/lily	7
l IH n	lin/linh/linn/linne/lyn/lynn/lynne	7
l OW	lo/loe/loew(2)/loewe(2)/loh/low/lowe	7
l UW k	leuck/louque/luc/luecke/luick/luke/luque	7
m AH k AO l IY	macaulay/macauley/mcauley/mccallie/mccauley/mccaulley/mccawley	7
m ER IY	marie/moree/murray/murree/murrey/murrie/murry	7
n IH k s	knicks/knicks'/nick's/nicks/nikk's/nix/nyx	7
n IY z	knees/neas/nease/nees/neese/neis/niese	7
p EH t IY	petie/petit/pettee/pettey/petti/pettie/petty	7
p IY l	peal/peale/peel/peele/peil/piehl/piel	7
r EH n	hren(2)/rehn/ren/renn/renne/wren/wrenn	7
r EY n z	raines/rains/ranes/raynes/reigns/reines/reins	7
r OW d	rhoad/rhode/road/rode/roed/rohde/rowed	7
r OW d z	rhoades/rhoads/rhodes/road's/roades/roads/rodes	7
r UW	rew/rhew/rhue/rioux/roux/ru/rue	7
s AE k s	sachs/sachs'/sacks/sacs/saks/sax/saxe	7
s IY m AH n z	seaman's/seamans/seamen's/seamons/semans/siemens/siemens's	7
t AO r IY	torey/tori/torie/torrey/torry/tory/towry	7
t AY	pty/tae(2)/tai/thai/tie/ty/tye	7
t IH n d AH l	tindal/tindall/tindel/tindell/tindle/tindol/tyndall	7
t UW	tew(2)/thuy/to/too/tu/tue/two	7
w AY z	why's/whys/wies/wise/wyse/y's/y.'s	7
w EY	way/waye/wei/weigh/wey/whey/wy	7
z IY	xie/z/z./ze/zea/zee/zi	7
AA r	ahr/ar/are/our(3)/r/r.	6
AO r	hors(2)/oar/ohr/or/ore/orr	6
AY	ai/ay(2)/aye/eye/i/i.	6
CH IH l IY z	chile's/chiles(2)/chili's/chilies/chilis/chillies	6
CH UW	chew/chiu/choo/chou/chu/tew	6
EH l	ehle/el/ell/elle/l/l.	6
EH n z	ennes/enns/enz/n's/n.'s/n.s	6
EH r IY	aerie/airey/airy/arie/ary/eyrie	6
EH r z	air's/airs/ayer's/ayres/errs/heirs	6
EH s	's/es/ess/esse/s/s.	6
ER	are(2)/er/err(2)/eure/or(2)/ur	6
EY d z	ades/aid's/aide's/aides/aides'/aids	6
IH n z	in's/in's(2)/inn's/inns/inns'/ins	6
OW l s AH n	ohlsen/ohlson/ohlsson/olsen/olson/olsson	6
OW n IY l	o'neal/o'neil/o'neill/oneal/oneil/oneill	6
SH AA t	schaadt/schott/shot/shott/szot/szott	6
SH EH r IY	cheri/cherie/sheri/sherri/sherrie/sherry	6
SH EY f ER	schaefer/schafer/schaffer/shaefer/shafer/shaffer	6
SH IY	she/shi/shieh/shih/sze/xi	6
SH IY l	scheel/scheele/schiel/schiele/she'll/shiel	6
SH UW l ER	schueler/schueller/schuler/schuller/shular/shuler	6
b AA k	baack/bach/boch/bock/bohlke/bok	6
b AA r	baar/bahr(2)/bahre/bar/barr/barre(2)	6
b AO r	baur/boar/boer/bohr/bore/borre	6
b AY ER z	buyer's/buyers/buyers'/byars/byers/byers'	6
b EH l z	bell's/belles/bells/bells'/bels/belz	6
b EH r IY z	barry's(2)/berries/berris/berry's/buries/bury's	6
b EH r z	bares/bear's/bears/bears'/berres/bures	6
b ER CH	bertch/bertsch/bertsche/birch/burch/burtch	6
b ER k AH l	berkel/birchall/birkel/burchell/burkel/burkle	6
b ER k s	berkes/birkes/birks/burke's/burkes/burks	6
b ER n IY	berney/bernie/berny/birney/birnie/burney	6
b ER n z	berns/burnes/burns/burns'/byrne's/byrnes	6
b EY l	bail/baile/bale/balle/bayle/beyl	6
b IY	b/b./be/be(2)/bea/bee	6
b OW z	boase/boes/bose/bowes/bows(2)/boze	6
b OY z	boies/boy's/boyes/boys/boys'/boyz	6
b l EY z	blaese/blaise/blaize/blase/blayze/blaze	6
b r IH t AH n	britain/briton/brittain/brittan/britten/britton	6
b r OW	breau/breault/breaux/bro/broe/browe	6
b r UH k s	brook's/brooke's/brookes/brooks/brooks'/brooks's(2)	6
d AA l IY	dalai(3)/dali/dhali/dolley/dollie/dolly	6
d IY	d/d./de/dea/dee/di	6
d IY l	deahl/deal/deale/deel/diehl/diel	6
f AA r	fahr/far/farr/pfarr/phar/pharr	6
f EH r AH n	faron/farren/farron/ferran/ferren/ferron	6
f EH r IY	fairey/fairy/ferri/ferrie/ferry/fery	6
f EH r OW	faro/farrow/fero/ferro/pharaoh/pharoah(2)	6
g AA CH AH l	gotschal/gotschall/gotshal/gotshall/gottschall/gottshall	6
g EY l	gael/gail/gaile/gale/galle/gayle	6
g r AE f	graef(2)/graefe(2)/graeff(2)/graf/graff/graph	6
h AA n	haan/hahn/han/hohn/hon/honn	6
h AA s	haas/haase/haass/hahs/hasse/hoss	6
h AE m AH l	hamel/hamil/hamill/hammel/hammell/hammill	6
h AO k	hauck/hauk/hauke/hawk/hawke/hok	6
h AY	heye/hi/high/hy/hye/jai(2)	6
h AY n z	heines/heins/heinz/heinze/hines/hynes	6
h ER n	hearn/hearne/hern/herne/hirn/hurn	6
h EY z	hase/hayes/hays/hayse/haze/heys	6
h OW l	hoel/hoell/hoelle/hohl/hole/whole	6
h j UW IY	hewey/huey/hughey(2)/hughie/hughy/huie	6
j OW k AH m	yoakam/yoakum/yocam/yocom/yocum/yokum	6
k AA l	caul/coll/kahl/kahle/koll/kolle	6
k AA l ER	collar/coller/collor/kahler/kollar/koller	6
k AA r	car/carr/carre/kahr/kahre(2)/karr	6
k AA r l s AH n	carlsen/carlson/carlsson/karlsen/karlson/karlsson	6
k AA r z	car's/carr's/cars/cars'/kahr's/kahrs	6
k AA t	caught/cot/cott/khat/kot/kott	6
k AE s AH l	cassel/castle/kasel/kasell/kassel/kastle	6
k AH CH IH n s k IY	kaczynski/kocinski/kuchinski/kuchinsky/kucinski/kuczynski	6
k AO r t	cort/corte/court/ct/kort/korte	6
k AW	cao/cau/cow/kao/kau/kough	6
k ER l IY	curlee/curley/curly/kearley/kerley/kirley	6
k EY l	cail/cale/calle/kael/kail/kale	6
k EY n z	cain's/caines/canes/kainz/kane's/keynes	6
k IY l IY	kealey/kealy/keeley/keely/kielley/kiely	6
k OW	cau(2)/co/co./coe/ko/koh	6
k OW l z	coal's/coals/cole's/coles/kohl's/kohls	6
k l EY b ER n	claiborn/claiborne/clayborn/clayborne/claybourne/clayburn	6
k r AH m	crum/crumb/crumm/krum/krumm/krumme	6
k r IH s t IY	christi/christie/christy/kristi/kristie/kristy	6
k r OW	cro/crow/crowe/krogh/kroh/krowe	6
l AA k	laack/laake/loch/lock/locke/lok	6
l AA t s	lats/lot's/lots/lottes/lotts/lotz	6
l AE m	lahm/lam/lamb/lambe/lamm/lamme	6
l EY z	lais/lase/lay's/lays/leis/leys	6
l IY m AH n	leaman/leamon/leeman/leemon/lehman/leman	6
l OW m AH n	loehmann/lohman/lohmann/loman/lommen/lowman	6
l UW z	leu's/loos/lose/lou's/luiz/luse	6
m AA r	maher/mahr/mar/marr/mawr(2)/meagher	6
m AA r k s	marcks/mark's/marks/marques/marx/merc's(2)	6
m AE k s	mac's/mack's/macks/macs/max/maxx	6
m AE n z	man's/mann's/mannes/manns/mans/manz	6
m AH g IH n AH s	mcginess/mcginness/mcginnis/mcginniss/mcguiness/mcguinness	6
m AH k IH n AH s	macinnes/macinnis/mcinnes/mcinnis/mckiness/mckinnis	6
m AH k d UW g AH l	macdougal/macdougall/mcdougal/mcdougall/mcdougle/mcdugal	6
m AH k f EH r AH n	mcfarren/mcferran/mcferren/mcferrin/mcferron/mcpheron	6
m AH k n IY l IY	mckneely/mcneally/mcnealy/mcneeley/mcneely/mcneilly	6
m AH k r EY	macrae/mccrae/mccray/mccrea/mcrae/mcray	6
m EY n z	maine's/maines/mains/mainz/manes/maynes	6
m IH CH AH l	michal/michel(2)/michell/michl/mitchel/mitchell	6
n OW	know/nau/neault/no/noe/noh	6
n OW l	knoell/knoll/noell/nohl/nole/noll	6
n UW k AH m	neukam/newcom/newcomb/newcombe/newcome/nukem	6
p AE k s	pac's/packs/pacs/pacts(2)/pak's/pax	6
p EH n z	pen's/penh's/penn's/penns/pens/pens'	6
p EH t r IY	petree/petrey/petri/petrie/petry/pettry	6
p IY t	peat/peet/peete/pete/piet(3)/piette	6
p IY z	p's/p.'s/p.s/peas/pease/pees	6
p OW l z	poehl's/pohl's/poles/poll's/polls/pols	6
r AO r k	roark/roarke/rork/rorke/rourk/rourke	6
r AY n h AA r t	reinhardt/reinhart/rhinehardt/rhinehart/rinehardt/rinehart	6
r EY l	rael/rail/raile/rayl/rayle/reil	6
r EY n	rain/raine/rayne/reign/rein/reine	6
r IY d	read(2)/reed/reid/ried/riede/wrede	6
r IY s	rease/reece/reese/reise/rhys/riess	6
r OW l IY	roley/rollie/rolly/rowley/rowlie/rowly	6
r OW m	rhome/roam/roehm/rohm/rolm/rome	6
r OW t AH n	rhoten/rhoton/rotan/roten/rowton/wroten	6
r UW b AH l	rouble/rubel/rubell/ruble/ruebel/wrubel	6
s AY	cy/psi/sai/sigh/sy/tsai(2)	6
s EH l z	cell's/cells/cells'/cels/sells/selz	6
s EH n t ER z	center's/centerre's/centers/centers'/centres/senters	6
s EY l ER	sailer/sailor/sayler/saylor/seyler/seyller	6
s IH m z	simms/sims/sims'/symmes/symms/syms	6
s OW l	seoul/sohl/sol(2)/sole/soul/sowle	6
s UW	siew/sioux/soo/su/sue/suu(2)	6
s t AA r z	staar's/star's/starr's/starrs/stars/stars'	6
s t ER n	stearn/stearne/stern/sterne/stirn/sturn	6
t IY	t/t./te/tea/tee/ti	6
t IY z	t's/t.'s/t.s/teas/tease/tees	6
w AY l z	weil's/weill's/whiles/wiles/willes/wyles	6
w EY l z	wailes/wails/wales/wales'/whale's/whales	6
w EY t	wait/waite/waitt/wayt/weight/whate	6
w IH n	when(3)/win/winn/winne/wynn/wynne	6
w UH l f	wolf/wolfe/wolff/woolf/wulf/wulff	6
AA r z	ares/ours(2)/r's/r.'s/r.s	5
AE b IY	abbe/abbey/abbie/abby/abie	5
AE d z	ad's/adds/ads/ads'/adz	5
AE n	ahn/an/ane(2)/ann/anne	5
AH d EH l	adel/adele/adell/adelle/udelle	5
AH m	'em/'m/i'm(2)/um/umm	5
AY d	eid/eide/eyed/i'd/ide	5
AY l z	ailes/aisles/iles/illes/isles	5
CH UW z	chews/choose/chuse(2)/tewes/tews	5
EH d AH l m AH n	adelman(2)/eddleman/edelman/edelmann/edleman	5
EH d IY	eadie/eddie/eddy/edie/edye	5
EH k s	aix/eckes/ex/x/x.	5
EH l IY	ehly/elie/elley/ellie/elly	5
EH l z	ells/els/l's/l.'s/l.s	5
EH r IH k	ehrich/eric/erich/erick/erik	5
EY l z	ailes(2)/ails/ales/alles/ayles	5
IH n IH s	ines/iniss/inness/innis/inniss	5
IY g AH n	eagan/eagen/eagon/egan/egon	5
JH AA n AH TH AH n	johnathan/johnathon/jonathan/jonathon/jonothan	5
JH AA n IY	gianni/johnie/johnnie/johnny/johny	5
JH AE n	jaan(2)/jahn/jan/jan./jann	5
JH AO s l IH n	jocelin/joceline/jocelyn/jocelyne/joslyn	5
JH EH f r IY z	geoffrey's/jefferies/jeffrey's/jeffreys/jeffries	5
JH EH n s AH n	genson/jeansonne/jensen/jenson/jenssen	5
JH EH s IY	jesse/jessee/jessie/jessy/jessye	5
JH EY	j/j./jae/jay/jaye	5
JH EY z	j's/j.'s/jae's/jay's/jays	5
JH IY n	gean/gene/jean/jeane/jeanne	5
JH IY n z	gene's/genes/jean's/jeanes/jeans	5
JH UW	jew/joo/ju/jue/jus	5
JH UW l	duell/jewel(2)/joule/juel/jule	5
OW k EH l IY	kelley(2)/o'kelley/o'kelly/okelley/okelly	5
OW k IY	oakey/oaky/okey/oki/okie	5
OW k s	oak's/oakes/oaks/oaks'/ochs(2)	5
OW m AH n	oehmen/ohman/ohmann/omen/ommen(2)	5
SH AA k	schaack/schoch/schock/shaak/shock	5
SH AA p	schaap/schopp/schoppe/shop/shoppe	5
SH AO r	schor/schorr/shor/shore/shorr	5
SH EH p ER d z	shepard's/shepherd's/shepherds/sheppard's/sheppards	5
SH EH r	cher/schehr/scherr/share/sherr	5
SH EH r z	chaires/share's/shares/shares'/sherr's	5
SH ER l IY	sherley/shirlee/shirley/shirlie/shurley	5
SH EY	chez/schey/shay/shea/sze(2)	5
SH IH p s	ship's/shipp's/shipps/ships/ships'	5
SH IH r	schear/scheer/shear/sheer/shere	5
SH IY l IY	shealey/shealy/sheeley/sheely/sheley	5
SH IY t s	scheets/scheetz/sheats/sheets/sheetz	5
SH UW m EY k ER	schumaker/shewmaker/shoemaker/shoumaker/shumaker	5
SH UW t s	chutes/schuetz/schuetze/shoots/shutes	5
SH n AY d ER z	schneider's/schneiders/schneiders'/schnieders/schnyder's	5
b AH k s	buchs/buck's/bucks/bucs/bucs'	5
b AY	bae/bi/buy/by/bye	5
b EH k ER	baecker/becher/becker/beker/bekker	5
b EH n	behn/behne/ben/benn/benne	5
b EH n IY	behney/beni/benney/bennie/benny	5
b ER OW	boro/borough/burro/burrough/burrow	5
b ER g m AH n	bergeman/bergemann/bergman/bergmann/burgman	5
b ER k l AH n d	berkland/birkeland/birkland/burkland/burklund	5
b ER n	bern/berne/burn/burne/byrne	5
b ER t	bert/berte/birt/burt/burtt	5
b EY l z	bailes/bails/bales/balles/bayles	5
b EY n z	bain's/baines/bains/banes/baynes	5
b EY t IY	baity/batey/batie/baty/beatty(2)	5
b IH n	been/been(3)/bihn/bin/binn	5
b IY l ER	bealer/beehler/beeler/biehler/bieler	5
b IY t IY	beatie/beattie/beatty/beaty/bt	5
b IY t s	baetz/beats/beets/beitz/bietz	5
b OW k	boak/boake/boeck/boeke/bouck	5
b OW k ER	boecker/boeker/boker/bokor/bowker	5
b OW l AH n	bohlen/bolan/bolen/bolon/bowlen	5
b OW l ER	boehler/bohler/bolar/boler/bowler	5
b l AA k s	bloc's/bloch's/block's/blocks/blocs	5
b r AE z AH l	brazel/brazell/brazill/brazzel/brazzell	5
b r AY AH n	brian/brion/bryan/bryen/bryon	5
d AA k t ER	dockter/doctor/doktor/dr(2)/dr.(2)	5
d AA n	daane/dahn(2)/dohn/don/donn	5
d AA r s IY	d'arcy/darcey/darcy/darsey/darsy	5
d AE m	dahm/dam/damm/damme/damn	5
d AH k l ER k	declerck/declercq/declerk/declerque/deklerk	5
d AH k l ER k s	declerck's/declercq's/declerk's/declerque's/deklerk's	5
d AH n	done/donne/dun/dunn/dunne	5
d AO r IY	dorey/dori/dorie/dorrie/dory	5
d AY AE n	diahann/diane/dianne/dyan/dyane	5
d EH n	dehn/dehne/den/denn/denne	5
d EH r AH l	darrel/darrell/darryl/daryl/deryle	5
d EH r IH k	derek/derick/derik/derrick/deryck	5
d EH v IH n IY	deveney/devenney/devenny/deviney/devinney	5
d ER k s	derks/dircks/dirkes/dirks/dirkse	5
d EY	dae/day/daye/de(2)/dey	5
d EY l IY	dailey/daily/daley/daly/dayley	5
d EY n z	daines/dains/dane's/danes/deigns	5
d IH l AH n	dhillon/dillan/dillen/dillon/dylan	5
d IH v OW	devault/devaux/deveau/deveaux/devoe	5
d IY l IY	dealey/dealy/deeley/deely/deily	5
d IY t s	deats/deets/deetz/deitz/dietz	5
d UH r IY	duree/duri/durie/dury/duryee	5
f AO r	faure/for/fore/forr/four	5
f AY	fae/fi/fye/phi/phy	5
f EH r z	fair's/faires/fairs/fares/phares	5
f ER g AH s AH n	fergason/fergeson/ferguson/fergusson/furgason	5
f EY n	fain/fane/fayne/feign/fein(2)	5
f EY v ER	faivre/faver/favor/favour/favre	5
f EY z	fay's/faye's/faze/fe's/phase	5
f IH l IH p	filip/philip(2)/philipp/phillip/phillipp	5
f IH l IY	filley/filly/philley/phillie/philly	5
f l AO r IY	florey/flori/florrie/florry/flory	5
f r AE NG k	franc/franck/francke/frank/franke	5
f r EH d r IH k	frederic/frederick/fredric/fredrich/fredrick	5
f r EH d r IH k s AH n	fredericksen(2)/frederickson(2)/fredricksen/fredrickson/fredrikson	5
f r IY d	frede/freed/freid/fried(2)/friede	5
g AO r AH n	gaughran/gawron/goran/goren/gorin	5
g AY z	geis/guise/guy's/guys/guys'	5
g EY l z	gail's/gale's/gales/galles/gayles	5
g IH l AH n	gillan/gillean/gillen/gillon/guillen	5
g OW	gau/go/goe/gogh/goh	5
g r AE m z	graham's(2)/grahams/gramm's/gramms/grams	5
g r OW s	groce/grohs/gros/gross/grosz	5
g w IH n	gwin/gwinn/gwyn/gwynn/gwynne	5
h AA r t	hardt/hart/harte/hartt/heart	5
h AA r t s	hart's/harts/hartz/heart's/hearts	5
h AE m AH n	hamman/hammann/hammen/hammon/hamon	5
h AE m ER	hamer/hammar/hammer/hamor/hamre	5
h AE n IY	hani/hanney/hanni/hannie/hanny	5
h AO r	hoar/hoare/hoerr/horr/whore	5
h AW s m AH n	hausman/hausmann/haussmann/houseman/housman	5
h AY ER	heier/hier/higher/hire/hyer	5
h AY l m AH n	heileman/heilman/heilmann/hileman/hilemon	5
h AY m AH n	heiman/heimann/highman/hyman/hymen	5
h AY n	hein/heine/heyen/hine/huynh	5
h AY t	height/heit/hiett/hight/hite	5
h EH n r IH k s AH n	henrichsen/henricksen/henrickson/henriksen/henrikson	5
h ER SH	hersch/hersh/hirsch/hirsh/hursh	5
h ER s t	hearst/herst/hirst/huerst/hurst	5
h ER t	herdt/hert/hirt/hurt/hurtt	5
h EY d AH n	haden/hayden/haydon/heyden/heydon	5
h EY l z	hailes/hails/hale's/hales/hayles	5
h EY m AH n	haman/hayman/haymon/heyman/heymann	5
h OW m AH n	hohman/hohmann/homan/homann/homen	5
h UW	hoo/hou/houx/hu/who	5
h j UW	hew/hewe/hue/hugh/whew(3)	5
j UW IY	ewy/hughey(3)/hughie(2)/hughy(2)/huie(2)	5
k AA n z	caen's(2)/cons/kahn's/khan's/konz	5
k AA p AH l	coppel/copple/koppel/koppell/kopple	5
k AA r l z	carl's/carles/carls/karl's/karls	5
k AA r m AH n	carman/carmen/carmine/carmon/karman	5
k AE TH IY	cathie/cathy/kathi/kathie/kathy	5
k AE TH r IH n	catharine/catherine(3)/katharine/katherine(2)/kathryn	5
k AE l AH s	callace/callous/callus/kallus/kalous	5
k AE m p s	camp's/camps/camps'/kamp's/kamps	5
k AE n z	caen's/can's/cannes/cans/kanz	5
k AE p s	cap's/capps/caps/kappes/kaps	5
k AE r AH l	carol/carole/carrel/carrol/carroll	5
k AE s AH n	cason/casson/kassan/kassen/kasson	5
k AO r AH l	choral/coral/corle/curle/koral	5
k AO r p ER EY SH AH n z	corp's(2)/corp.'s(2)/corporation's/corporations/corporations'	5
k AO r z	cohrs/cores/corps'/corps(2)/kohrs	5
k EH r AH l	carol(2)/carole(2)/carroll(2)/caryl/karel	5
k EH r AH n	charon/charron(2)/karan/karen/karon	5
k EH r IY z	carey's/carries(2)/karis/kerrey's/kerry's	5
k ER t s	curt's/curts/kertz/kirts/kurtz	5
k IH n	kihn/kin/kinn/kinne/qin	5
k IY f ER	keefer/keifer/keiffer/kiefer/kieffer	5
k OW k	cocke/coke/koch(2)/koke/kolk	5
k OW l ER	coler/koehler/koeller/kohler/kolar	5
k OW l IY	colee/coley/coli/colli/kohli	5
k OW p	cope/koep/koepp/koeppe/kope	5
k UW n z	coones/coons/koon's/koons/kuhns	5
k l AY n	cline/clyne/klein/kleine/kline	5
k r AA k	croc/crock/kroc/krock/krok	5
k r AO l	crall/crawl/krall/krol/kroll	5
k r AO s	cros/cross/krause/krausse/kross	5
k r AY d ER	crider/cryder/kreider/krider/kryder	5
k r IH s t AO f	christoff/christoph/christophe/kristoff/kristoffe	5
k r IY g ER	cregar/kreager/kreeger/kreger/krieger	5
k r OW z	crose/crow's/crows/kroes/kroeze	5
l AW r IY	loughrey/loughry/lourie/lowrey/lowry	5
l AY AH n z	lion's/lions/lions'/lyon's/lyons	5
l AY k AH n	leiken/lichen/liken/lycan/lykin	5
l EH v IH t	leavitt/levett/levit/levitt/levitte	5
l EY m AH n	laman/layman/laymen/laymon/lehmann	5
l EY n	lain/laine/lane/layne/ln	5
l IH NG k	linc/linck/link/linke/lynk	5
l IH l IY AH n	lilian/liliane(2)/lilien/lillian/lilyan	5
l IH n d	lind/linde/lindh/lynd/lynde	5
l IY n	lean/leen/lein/lene/lien	5
l IY z	leas/lee's/lees/li's/liese	5
l OW n z	loan's/loans/loans'/lohnes/lones	5
l OW z	lo's/loews/lowe's/lowes/lows	5
l UW IY	lewey/lewi/lewy/louie/louis(2)	5
m AA k	maack/mach/moch/mock/mok	5
m AA r k	marc/mark/marke/marque/merc(2)	5
m AE k s IY	maxcy/maxey/maxi/maxie/maxy	5
m AH g IY	magee/mcgee/mcghee/mcghie/muggy	5
m AH k AE l AH s t ER	mcalister/mcallester/mcallister/mccalister/mccallister	5
m AH k AE n	mcan/mccahan/mccan/mccann/mchan	5
m AH k IY	mckee/mckey/mckie/muckey/mucky	5
m AH k d AA n AH l	macdonell/macdonnell/mcdonell/mcdonnel/mcdonnell	5
m AH k j UW AH n	macewan/macewen/mceuen/mcewen/mckeown	5
m AH k m IH l AH n	macmillan/mcmillan/mcmillen/mcmillian(2)/mcmillon	5
m AO l	mall/maul/maule/maull/mol	5
m AO r	mohr/moore(2)/mor/more/morr	5
m AO r m AH n	mohrman/mohrmann/moreman/morman/mormon	5
m AY ER	meier/meyer/mier/mire(2)/myer	5
m AY ER z	meier's/meyer's/meyers/miers/myers	5
m AY k AH l z	michael's/michaels/michel's(3)/michiels/mikles	5
m AY n ER	meiner/minar/mineer/miner/minor	5
m AY n ER z	meiners/miner's/miners/miners'/minors	5
m EH l IY	meli/melley/melli/mellie/melly	5
m EH r	mair/maire/mare/mehr/mer	5
m EH r IH t	marrett/meritt/merrett/merrit/merritt	5
m EH t s	met's/mets/mets'/metts/metz	5
m ER k	merc/merck/merk/murch/murk	5
m EY	mae/may/maye/mei/mey	5
m EY ER z	maiers/mayer's/mayers/mayor's/mayors	5
m EY OW	maio/mayeaux/mayeux/mayo/meyo	5
m EY l	mail/maile/maille/male/mayle	5
m EY n	main/maine/mane/mayne/meyn	5
m EY n ER	mainer/mainor/maner/mayner/maynor	5
m IH l z	mill's/mills/mills'/mils/milz	5
m IH s IH z	misses(2)/missis/missus/mrs/mrs.	5
m IY s	maese/meece/meese/meise/miesse	5
m OW	mau/meaux/mo/moe/mow	5
n AA k	knaack/knaak/knoch/knock/nock	5
n AA t	knot/knott/not/nott/notte	5
n AA t s	knots/knott's/knotts/nots/notz	5
n AY t s	knight's/knights/night's/nights/nights'	5
n EY	nay/ne(2)/neigh/nej/ney	5
n IH k IY	nickey/nicki/nicky/niki/nikki	5
n IY	knee/ne/nee/ni/nie	5
n IY d	knead/kneed/nead/need/nied	5
n IY k OW	neco/neeco/nico/nikko/niko	5
n IY l z	neal's/neels/neil's/neils/niels	5
n OW l z	knoles/knoll's/knowles/noles/nolls	5
p AA p	paap/paape/pop/popp/poppe	5
p AO l	pall(2)/paul/paule/paull/pol	5
p AO l IY	pauley/pauli/paulie/pauly/pawley	5
p EH t IH t	petitt/pettet/pettit/pettitt/pettitte	5
p ER k IY	pearcy/perkey/perky/pirkey/purkey	5
p ER s	pearse/perce/pers/perse/purse	5
p EY n	paign/pain/paine/pane/payne	5
p IY	p/p./pea/peay/pee	5
p IY k	paek/peak/peake/peek/pique	5
p IY k s	peakes/peakes'/peaks/peaks'/peeks	5
p OW l m AH n	poehlman/poelman/pohlman/pohlmann/pollman	5
p l EY n z	plaines/plains/plane's/planes/planes'	5
r AA b	raab/raabe/rob/robb/robbe	5
r AA b z	raab's/rob's/robb's/robbs/robs	5
r AA k	roc/roch/rock/rocke/rocque	5
r AE n d AH l	randal/randall/randel/randle/randol	5
r AY t	reit/right/rite/wright/write	5
r AY t ER	reiter/reitter/righter/riter/writer	5
r EY n IY	rainey/rainie/rainy/raney/reiney	5
r EY z ER	raiser/raisor/raser/rasor/razor	5
r IH k IY	rickey/ricki/rickie/ricky/rikki	5
r IH t s	hritz(2)/ritt's/ritts/ritz/writs	5
r IY d z	read's/reads/reed's/reeds/reid's	5
r IY g AH l	reagle/regal/reigle/riegel/riegle	5
r IY l IY	reali/really(2)/reily/rielly/riely	5
r IY s ER	reaser/reasor/reeser/reesor/rieser	5
r IY v z	reaves/reeves/reeves'/reves/rieves	5
r OW d IY	rhody/roadie/roady/rodi/rody	5
r OW n	rhone/roan/roane/roen/rone	5
r OW n IY	rhoney/roney/roni/rowney/rowny	5
r UW b IY	hruby(2)/rubey/rubi/rubie/ruby	5
r UW d	rhude/rood/roode/rude/ruud	5
r UW d IY	rhudy/rudi/rudie/rudy/ruedy	5
r UW l	reul/reule/rhule/ruel/rule	5
r UW t ER	rooter/router/rueter/ruiter/ruter	5
s AO r AH l	sorel/sorell/sorrel/sorrell/surrell	5
s AY d	seid/seide/side/sighed/syed	5
s AY d AH l	seidel/seidell/seidl/sidell/sidle	5
s AY d ER z	seiders/siders/siders'/syders/syders'	5
s AY t s	cites/seitz/sights/site's/sites	5
s EH l	cel/cell/sel/sell/selle	5
s EH l ER z	cellars/sellars/seller's/sellers/sellers'	5
s EH r AH	cera/cerra/sara/sarah/serra	5
s EY	c'est(2)/say/saye/se/seay	5
s EY l z	sails/sale's/sales/sales'/sayles	5
s IY g ER	seager/seeger/segar/seger/sieger	5
s IY k	seaq/seek/sieck/siek/sikh	5
s IY l	cele/ciel/seal/seale/seel	5
s IY l IY	sealey/sealy/seeley/seely/seley	5
s OW	sew/so/sough(2)/sow(2)/tso(2)	5
s UW t ER	souter/suiter/suitor/suter/sutor	5
s p EY d	spade/spaid/spayd/spayde/spayed	5
s p r UW l	sproule/sproull/spruell/spruiell/spruill	5
s t AO r z	store's/stores/stores'/storrs/storz	5
s t EH f AH n IY	stefani/stefanie/stephani/stephanie/stephany	5
s t IY l	steal/steel/steele/steil/stiehl	5
s t IY v AH n z	stephen's/stephens/steven's/stevens/stevens'	5
t AE k	ptak/tac(2)/tack/tacke/tak	5
t EH r IY	tarry/teri/terri/terrie/terry	5
t IY l	teal/teale/teall/teel/teele	5
t UW l	tool/toole/tuel/tuell/tuyle	5
t r EY s IY	tracey/traci/tracie/tracy/treacy	5
t r UW p s	troop's/troops/troops'/troupe's/troupes	5
v AE n d AH n b ER g	vandenberg/vandenbergh/vandenberghe/vandenburg/vandenburgh	5
v EY l	vail/vaile/vale/valle/veil	5
v IY	v/v./ve/vee/vi(2)	5
w AO r	war/warr/woehr/wor/wore	5
w AY	wai/why/wye/y/y.	5
w AY d m AH n	weideman/weidemann/weidman/weidmann/wideman	5
w AY l	weil/weill/while/wile/wyle	5
w AY n ER	weiner/whiner/wiener(2)/winer/wyner	5
w AY t m AH n	waitman/weightman/weitman/whiteman/wightman	5
w EH r	ware/wear/wehr/werre/where	5
w ER t s	werts/wertz/wirtz/worts/wurtz	5
w IH l IY	willey/willi/willie/willy/wyllie	5
w IH t	whit/whitt/wit/witt/witte	5
w IH t AH n	whiton/whitten/whitton/witten/witton	5
w IH t m AH n	whitman/witman/witteman/wittman/wittmann	5
w IY	oui/we/wee/wiehe/wii	5
w IY d m AH n	weedman/wiedeman/wiedemann/wiedman/wiedmann	5
w IY k	weak/week/weick/weik/wieck	5
w IY k s	weaks/week's/weekes/weeks/weeks'	5
w UW t AH n	wootan/wooten/wooton/wootten/wootton	5
AA l IY	ali/olley/ollie/olly	4
AA n ER	ahner/honor/honore/honour	4
AA r m AH n	arman/armen/armin/armon	4
AA r n OW	arnaud/arnault/arno/arnow	4
AA r s IH n OW	arceneaux/arsenault/arseneau/arseneault	4
AE SH	asch/asche/ash/ashe	4
AE d AH m z	adam's/adams/adams'/addams	4
AE k ER m AH n	ackerman/ackermann/akerman/akkerman	4
AE k s	acts(2)/ax/axe/x.(2)	4
AE l AH n	aalen/alan/allan/allen	4
AE l IY	alie/alley/alli/allie	4
AE m AH n	amann/amman/ammann/ammon	4
AE n d r IY s AH n	andreasen/andreason/andresen/andriessen	4
AE n t s	ants/aunt's/aunts/aunts'	4
AY k	eich/eick/eike/ike	4
AY l IY n	aileen/ailene/eileen/isleen	4
AY s m AH n	eiseman/eisemann/eisman/iseman	4
CH AE p AH l	chapel/chappel/chappell/chapple	4
CH EH k	check/chek/cheque/czech	4
CH EY n IY	chaney/chany/cheney/cheyney	4
EH k AH l z	eccles/echols/eckels/eckles	4
EH k OW	echo/eco(2)/ekco/eko	4
EH k s IH z	exes/x's/x.'s/x.s	4
EH l m AH n	ehlmann/ellman/ellmann/elman	4
EH m	em/emme/m/m.	4
EH m IH t	emmet/emmett/emmit/emmitt	4
EH r AH n	aaron/aran/aron/ehren	4
EH r h AA r t	airhart/earhart(2)/ehrhardt/ehrhart	4
ER l	earl/earle/earll/erl	4
ER l IY	earley/earlie/early/erly	4
ER n IY	earney/erney/ernie/erny	4
EY	a(2)/a./ae/ay	4
EY d	ade/aid/aide/eyde	4
EY d IY	a.d./adey/ady/eydie	4
EY k IH n	aickin/aiken/aikin/akin(2)	4
EY l ER	ailor/ayler/aylor/eyler	4
EY l IY	ailee/ailey/aley/aly	4
EY m IY	aimee/amey/amy/eighmey	4
EY m z	aim's/aims/ames/ames'	4
EY t s	ates/aytes/eight's/eights	4
IH n	in/in(2)/in./inn	4
IH t s	it's/it's(2)/its/its(2)	4
IY d IY	eaddy/eady/edi/edye(2)	4
IY d z	eades/eads/eads'/edes	4
IY z	e's/e.'s/e.s/ease	4
JH AA n s AH n	johnsen/johnson/jonson/jonsson	4
JH AA n z	jahns/john's/johns/jon's	4
JH AE k IY	jacki/jackie/jacky/jakie	4
JH AE k l IH n	jacklin/jacklyn/jaclyn/jacqueline(2)	4
JH AE k s	jack's/jacks/jacques'(2)/jaques	4
JH AE n s AH n	jansen/janson/janssen/jansson	4
JH EH m	gehm/gem/gemme/jem	4
JH EH n	gen/jen/jenn/jenne	4
JH EH n IY	jenney/jenni/jennie/jenny	4
JH EH n t s	gent's/gents/gentz/jentz	4
JH EH n z	gens/genz/jenn's/jens	4
JH EH r AH l d	gerald/gerrald/jerald/jerrold	4
JH EH t s	jet's/jets/jets'/jett's	4
JH EY m IY	jaimie/jami/jamie/jayme	4
JH IH n	gin/ginn/jin/qian(2)	4
JH IY n IY	genie/jeaney/jeanie/jeannie	4
OW b r AY AH n	o'brian/o'bryan/obrian/obryan	4
OW b r AY AH n t	o'briant/o'bryant/obriant/obryant	4
OW d AA n AH h j UW	o'donoghue(2)/o'donohue/odonoghue/odonohue	4
OW d AA n AH l	o'donnel/o'donnell/odonnel/odonnell	4
OW h AE l ER AH n	o'hallaron/o'halloran/o'halloron/ohalloran	4
OW h EH r	o'hair/o'hare/ohair/ohare	4
OW h ER n	o'hearn/o'hern/ohearn/ohern	4
OW k AA n ER	o'conner/o'connor/oconner/oconnor	4
OW k AA n ER z	o'conner's/o'connor's/oconner's/oconnor's	4
OW k IY f	o'keefe/o'keeffe/okeefe/okeeffe	4
OW m AA r AH	o'mara/o'meara(2)/omara/omeara(2)	4
OW m AH h OW n IY	o'mahoney/o'mahony/omahoney/omahony	4
OY	oi/oie/oy/oye	4
SH AA r l IY n	charlene/charline/sharleen/sharlene	4
SH AA t s	schott's/shatz(2)/shots/shotts	4
SH AH k m AH n	schuchman/schuchmann/schuckman/shuchman	4
SH AH t	schut/schutt/shut/shutt	4
SH AO l	schall/shaul/shaull/shawl	4
SH AO r t s	shorts/shorts'/shortz/shortz'	4
SH AW	hsiao/schow/shao/shough	4
SH AY n	schein/shein/shine/shyne	4
SH EH f ER	schaeffer/scheffer/shaeffer/sheffer	4
SH EH k	scheck/sheck/shek/szczech	4
SH EH r ER	scharer/scherrer/sharer/sherrer	4
SH EY k	schake/shaik/shaikh/shake	4
SH EY n	shain/shaine/shane/shayne	4
SH IH f l IH t	shifflet/shifflett/shiflet/shiflett	4
SH IH r AH n	schieren/shearon/sheeran/shirin	4
SH IH r ER	scheerer/scherer/shearer/sherer	4
SH IH s l ER	schisler(2)/schissler(2)/shisler(2)/shissler	4
SH IY k	chic/sheek/sheik/sheikh	4
SH IY l AH	sheela/sheelah/sheila/sheilah	4
SH IY n AH	schena/sheena/shena/shiina	4
SH OW f ER z	chauffeur's/chauffeur's(2)/chauffeurs/chauffeurs(2)	4
SH OW l t s	scholtes/scholtz/shoults/shoultz	4
SH OW l z	scholz/scholze/shoals/sholes	4
SH OW n	schoen/schone/shone/shown	4
SH OW p	schoepe/schoepf/schoepp/shope	4
SH UH l t s	schultz/schulz/schulze/shultz	4
SH UW m AH n	schuhmann/schuman/schumann/shuman	4
SH UW p	shoop/shoup/shoupe/shupe	4
SH n AY d ER	schneider/schnider/schnieder/schnyder	4
SH r AY b ER	schreiber/schriber/shreiber/shriber	4
SH r AY n ER	schreiner/schriner/shreiner/shriner	4
SH w AO r t s	schwartz/schwarz/schwarze/swartz(2)	4
TH AO r n b EH r IY z	thornberry's/thornberrys/thornbury's/thornburys	4
TH AO r n b ER g z	thornburg's/thornburgh's/thornburghs/thornburgs	4
TH EH r AH p IH s t s	therapist's(2)/therapists/therapists'/therapists's	4
TH EY n	thain/thaine/thane/thayne	4
TH IH b OW	thebeau/thibault/thibeau/thibeaux	4
TH IH r IY	theory/thierry/thiery/thiry	4
TH IY AH t ER z	theater's/theaters/theatre's/theatres	4
TH IY l	theall/theel/thiel/thiele	4
b AA m	balm/bohm/bom/bomb	4
b AA r t AH l	bartel/bartl/bartle/bartol	4
b AA t	baht/bhatt(2)/bott/bought	4
b AE NG k	banc/bank/banke/banque	4
b AE NG k s	bank's/bankes/banks/banks'	4
b AE k	back/backe/bak/bakke	4
b AE k ER z	backer's/backers/bakker's/bakkers	4
b AE k s	back's/backes/backs/bax	4
b AE l OW	ballo/ballow/balogh/balow	4
b AE n	bahn/ban/banh/bann	4
b AE r AH n z	baron's/barons/barrens/barron's	4
b AE t	bat/batt/batte/bhatt	4
b AH s IY	busey(2)/bussey/bussi/bussie	4
b AH t s	but's/buts/butts/butz	4
b AO l z	ball's/balls/balz/bawls	4
b AO r AH l	boral/borel/borell/burrill	4
b AO r m AH n	boarman/boerman/borman/bormann	4
b AO r n	born/borne/bourn/bourne	4
b AW ER	bauer/baur(2)/bougher/bower	4
b AW m AH n	bauman/baumann/boughman/bouwman	4
b AY t	beit(2)/bight/bite/byte	4
b AY z	bies/bise/buy's/buys	4
b EH k IY	becki/beckie/becky/bekki	4
b EH l	behl/bel/bell/belle	4
b EH l k	behlke/bel'c/belk/belke	4
b EH r AH n	baron(2)/barren(2)/beran/beron	4
b EH r AH n z	barens/baron's(2)/barons(2)/behrens	4
b EH r IH NG	baring/bearing/behring/bering	4
b EH r IH NG ER	baringer/behringer/beringer/berringer	4
b EH r IH NG z	baring's/barings/barings'/bearings	4
b EH t s	bet's/bets/betts/betz	4
b ER	bir/birr/bur/burr	4
b ER d AH n	berdan/birden/burden/burdon	4
b ER d z	bird's/birds/birds'/byrd's	4
b ER g	berg/bergh/burg/burge	4
b ER k IH t	birkett/burket/burkett/burkitt	4
b ER k IY	berkey/birkey/birky/burkey	4
b ER k l IY	berkeley/berklee/berkley/burkley	4
b ER l z	berle's/berles/berles'/berls	4
b ER n t	bernd/berndt/bernt/burnt	4
b ER s	bearce/bearse/bearss/burse	4
b EY	bay/baye/bayh/bey	4
b EY ER	baier/bayar/bayer/beyer	4
b EY k ER z	baker's/bakers/bakker's(2)/bakkers(2)	4
b EY l ER	bailer/bailor/baler/baylor	4
b EY m	baim/bame/boehm(2)/boehme(2)	4
b EY n	bain/baine/bane/bayne	4
b IH b IY	bibbee/bibby/bibee/bibi	4
b IH l OW	belleau/below/billow/bilow	4
b IH l z	bill's/billes/bills/bills'	4
b IH n z	beens/binns/bins/binz	4
b IH r IY	beary/beery/bieri/biery	4
b IY b IY	bebe/beebe/beeby/bibi(2)	4
b IY b IY z	bebe's/beebe's/beebes/bibi's(2)	4
b IY k	baek/beak/beeck/beek	4
b IY m AH n	beaman/beamon/beeman/beman	4
b IY z l IY	beasley/beazley/beesley/beezley	4
b OW l IH NG	bohling/boling/bolling/bowling	4
b OW l IH n	bohlin/boleyn/bolin/bowlin	4
b OW m AH n	bohman/boman/bowman/bowmen	4
b OW m ER	boehmer/bohmer/bomer/bowmer	4
b OW n ER	boehner/bohner/bonar/boner	4
b UW IY	booee/bouie/buie/buoy	4
b UW z	boos/booz/booze/buus	4
b j UW s IY	bucey/bucy/bussi(2)/bussie(2)	4
b l AA k	bloc/bloch/block/blok	4
b l AE NG k	blanc/blanck/blank/blanke	4
b l EY n	blain/blaine/blane/blayne	4
b r AE k	brac/brack/brakke/braque	4
b r AE n AH m	branam/brannam/brannum/branum	4
b r AE n AH n	brannan/brannen/brannon/branon	4
b r AE n d z	brand's/brandes/brands/brands'	4
b r AH m IH t	brumett/brummet/brummett/brummitt	4
b r AY AH n z	brian's/bryan's/bryans/bryans'	4
b r AY ER	breier/briar/brier/bryer	4
b r IH JH IH t	bridget(2)/bridgett/bridgette/brigitte	4
b r IH t AH n z	britain's/britains/britons/britons'	4
b r IY z	brees/breese/breeze/briese	4
b r UW n	broun/bruen/brune/bruun	4
d AA b IY	dhabi/dobbie/dobey/dobie	4
d AA l	dahl/dol/doll/dolle	4
d AA l z	dahl's/doll's/dolls/dols	4
d AA n IY	dani/doney/donnie/donny	4
d AH	dah/de(3)/du(2)/duh	4
d AH f IY	duffee/duffey/duffie/duffy	4
d AH k s	duck's/ducks/ducks'/dux	4
d AW	dao/dow/dowe/tao(2)	4
d AY	dai/di(2)/die/dye	4
d AY s	deiss/dice/dise/dyce	4
d AY z	di's/dies/dise(2)/dyes	4
d ER	der/dirr/duhr/durr	4
d EY l	dail/daile/dale/dayle	4
d EY n	dain/dane/dayne/deign	4
d IH k	dic/dick/dicke/dyk	4
d IH k m AH n	dickman/dickmann/dyckman/dykman	4
d IH k s	dick's/dickes/dicks/dix	4
d IY AA n	deion(2)/deon/dione/dionne	4
d IY k m AH n	dieckman/dieckmann/diekman/diekmann	4
d IY m	deam/deem/diehm/diem	4
d IY n z	dean's/deans/deines/denes	4
d OW	dau/doe/doh/dough	4
d OW n	doan/doane/doanh/don't(2)	4
d UW s	deuce/deuss/doose/duce	4
d r UW z	drewes/drews/druse/druze	4
f AA l	faal/fahl/fall(2)/pfahl	4
f AO r IY	foree/forie/forrey/forry	4
f AY f	fife/fyfe/fyffe/pfeiff	4
f AY f ER	fifer/pfeifer/pfeiffer/phifer	4
f AY r m AH n	fairman/fire-men/fireman/firemen	4
f EH n	fehn/fen/fenn/phen	4
f EH n AH l	fehnel/fennel/fennell/phenol(2)	4
f EH r AH	farah/farrah/fera/ferra	4
f EH r AH l	farrel/feral/ferol/ferrall	4
f EH r IH s	faris/farris/ferris/ferriss	4
f EH r IY z	fairies/faries/ferries/ferry's	4
f EH r OW z	farrow's/pharaohs/pharoahs(2)/pharos	4
f ER z	firs/fors/furr's/furs	4
f EY	fay/faye/fe/fey	4
f EY g AH n	fagan/feagan/feighan/phagan	4
f EY t	fait/fate/feight/fete	4
f IH NG k	finck/fincke/fink/finke	4
f IH SH ER z	fischer's/fisher's/fishers/fissures	4
f IY l	feel/feil/fiel/foell	4
f OW l	foal/foale/fohl/pfohl	4
f l OW	flo/floe/flow/flowe	4
f r AE NG k l IH n	francklin/francklyn/franklin/franklyn	4
f r AE NG k s	franc's/francs/frank's/franks	4
f r AY	frei/frie/fry/frye	4
f r AY ER	friar/frier/fryar/fryer	4
f r EH n z	frenz/friend's(2)/friends'(2)/friends(2)	4
f r EY ZH ER	fraiser/fraizer/frasier/frazier	4
f r EY z	frase/fraze/frey's/phrase	4
f r IH CH	fritch/fritsch/fritsche/fritzsche(3)	4
f r IY d m AH n	freedman/freidman(2)/friedman/friedmann	4
f r IY m AH n	freeman/freemon/freiman(2)/frieman	4
g AA l IY	gahli/gali/ghali/golly	4
g AA r	gaar/gahr/gar/gohr	4
g AE l IH k	galik/gallic/gallick/gallik	4
g AE r IY	garey/garrey/garry/gary(2)	4
g AH l IH n s k IY	galinski/galinsky/gallinsky/golinski	4
g AH t m AH n	gutman/gutmann/guttman/guttmann	4
g AO r IY	goree/gorey/gori/gory	4
g AY l	geil/gile/gille/guile	4
g EH r AH n t IY z	guarantee's/guarantees/guaranties/guaranty's	4
g EH t s	gets/getts/getz/goetz	4
g ER IH l AH z	gorillas/guerillas/guerrillas/guerrillas'	4
g ER s k IY	gerski/girsky/gurski/gursky	4
g EY	gai/gay/gaye/guay	4
g EY l IY	gailey/gaily/galey/galie	4
g EY n ER	gainer/gainor/gayner/gaynor	4
g IH l b OW	guilbault/guilbeau/guilbeault/guilbeaux	4
g OW z	ghose/goes/goghs/gose	4
g r AE m	graeme(2)/graham(2)/gram/gramm	4
g r AE n t s	grant's/grants/grantz/granz	4
g r EY z	gray's/grays/graze/grey's	4
g r IH f IY	griffee/griffey/griffie/griffy	4
g r IY n z	green's/greene's/greens/greens'	4
g r OW	gro/groh/grow/growe	4
g r OW n	groan/groen/grone/grown	4
g r UW	graue(2)/grew/grewe/grue	4
h AA g	haag/hog/hogg/hogge	4
h AA l IY	holley/hollie/holly/wholey	4
h AA p k IH n z	hopkin's/hopkins/hopkins'/hopkyns	4
h AA r d IY	hardee/hardey/hardie/hardy	4
h AA r t AH l	hartel/hartell/hartl/hartle	4
h AE d AH n	haddan/hadden/haddon/hadn't(2)	4
h AE f s	haft's(2)/hafts'(2)/hafts(2)/half's	4
h AE k	hack/hacke/haq/haque	4
h AE m	hahm/ham/hamm/hamme	4
h AE n s AH n	hansen/hanson/hanssen/hansson	4
h AE n z	han's(2)/hands(2)/hannes/hans(2)	4
h AH m f r IY	humfrey/humphery(2)/humphrey/humphry	4
h AH n	hon(2)/huhn/hun/hunn	4
h AO r n ER	hoerner/horner/hornere/hornor	4
h AW	hao/hau/how/howe	4
h AW s	haus/hause/hauss/house	4
h AY d	heid/heide/hide/hyde	4
h AY l ER	heiler/hiler/huyler/hyler	4
h AY z ER	heizer/hiser/hizer/hyser	4
h EH f n ER	haeffner/haefner/heffner/hefner	4
h EH n	hehn/hen/henn/henne	4
h EH n IY	heney/henie/henne(2)/henney	4
h EH n d r IH k s	hendricks/hendriks/hendrix/hendryx	4
h EH n d r IH k s AH n	hendricksen/hendrickson/hendriksen/hendrixson	4
h EH n z	hen's/hennes/hens/henze	4
h EH r AH l d	harold/harrold/herald/herold	4
h EH r AH n	haren/heron/herren/herron	4
h EH r z	hair's/hairs/hare's/hares	4
h ER SH m AH n	hershman/hirschman/hirschmann/hirshman	4
h ER d	heard/herd/hird/hurd	4
h ER z	her's/hers/hers(2)/herz	4
h EY	haigh/hay/haye/hey	4
h EY d	hade/haid/heyd/heyde	4
h EY l	hail/haile/hale/heyl	4
h EY l IY	hailey/haley/halley(2)/hayley	4
h EY n IY	hainey/haney/hany/haynie	4
h EY n z	haines/hains/hanes/haynes	4
h IH l ER IY	hilary/hillary/hilleary/hillery	4
h OW	ho/hoe/hoh/whoa(3)	4
h OW k	hoak/hoeck/hoek/hoke	4
h OW l t AH n	holtan/holten/holton/houlton	4
h OW m z	holmes/home's/homes/homes'	4
h OW n	hoehn/hoehne/hoen/hone	4
h UW t	hoot/huett/huette/huitt	4
h j UW m AH n	heuman/heumann/human/humann	4
h w IH t AH k ER	whitacre(2)/whitaker(2)/whiteaker(2)/whittaker(2)	4
j AE n IH k	janik/yanick/yanik/yannick	4
j AH b l AA n s k IY	jablonski/jablonsky/yablonski/yablonsky	4
j ER IY	urey/uri/urie/ury(2)	4
j ER g AH n	juergen/yeargain/yeargan/yergin	4
j IY	ye/yee/yi/yie	4
j OW	yau/yo/yoe/yoh	4
j UW AH n	euan/ewan/ewen/hughen(2)	4
j UW l	you'll/yuill/yuille/yule	4
j UW l IY	hughley(3)/ulee/uli/yuli	4
k AA NG k AH l	conkel/conkle/konkel/konkle	4
k AA k	caulk/cock/kock/kok	4
k AA l AH m	collom/collum/colomb/column	4
k AA l m AH n	collman/kollman/kollmann/kolman	4
k AA m	calm/com/comm/qom	4
k AA n AH n	connan/connon/kannan/konen	4
k AA n ER z	cahners/conner's/conners/connors	4
k AA n l IY	conlee/conley/conly/connely	4
k AA p	cop/copp/kopp/koppe	4
k AA p ER z	copper's/coppers/koppers/koppers'	4
k AA p s	copps/cops/koppes/kops	4
k AA r l AH n	carlan/carlen/carlon/karlen	4
k AA r l OW	carlo/carlough/carlow/karlow	4
k AA r n AH l	carnal/carneal/carnell/karnal	4
k AA r n z	carnes/carns/karnes/karns	4
k AE SH	cache/cash/kasch/kash	4
k AE m	cam/camm/kam/kamm	4
k AE n AH n z	cannon's/cannons/canon's/canons	4
k AE n t	can't/cant/kandt/kant	4
k AE n t ER	canter/cantor/kanter/kantor	4
k AE n t ER z	cantor's/cantors/kanter's/kantor's	4
k AE p IH t AH l z	capital's/capitals(2)/capitol's/capitols	4
k AE s AH l z	cassells/cassels/castle's/castles	4
k AE s p ER	caspar/casper/kaspar/kasper	4
k AE t	cat/catt/kat/katt	4
k AE t s	cat's/cats/kats/katz	4
k AH l	cul/cull/kuhl/kull	4
k AH l ER z	colors/colours/culler's/cullers	4
k AH s	cus/cuss/kus/kuss	4
k AO k	calk/caulk(2)/kalk/kauk	4
k AO l	call/caul(2)/kall/kaul	4
k AO r IY AH	corea/coria/correa/korea	4
k AO r b IH t	corbet/corbett/corbit/corbitt	4
k AO r m AH n	corman/cormen/corpsman/korman	4
k AO r s	'course/coarse/corse/course	4
k AO r s AH n	corson/coursen/courson/korson	4
k AO r t s	court's/courts/courts'/kortz	4
k AW n s AH l z	council's/councils/counsel's/counsels	4
k AY	cai/chi/kai/keye	4
k EH l ER	kaehler/kehler/kellar/keller	4
k EH l IY	kelley/kelli/kellie/kelly	4
k EH l IY z	kelley's/kelli's/kelly's/kellys	4
k EH m	chem/kehm/kem/khem	4
k EH n	kehn/kehne/ken/kenn	4
k EH n d AH l	kendal/kendall/kendell/kendle	4
k EH r	caire/care/kahre/kehr	4
k EH r AH l z	carol's/carols/carroll's(2)/karels	4
k EH r AH t	carat/carrot(2)/karat/karet	4
k EH s AH l	kesel/kessel/kessell/kessle	4
k ER	cur/ker/kerr/kuhr	4
k ER SH	kersch/kersh/kirsch/kirsh	4
k ER SH n ER	kerschner/kershner/kirschner/kirshner	4
k ER b IY	curby/kearby/kerby/kirby	4
k ER k ER	kercher/kerker/kircher/kirker	4
k ER n z	kearns/kern's/kernes/kerns	4
k ER t	curt/kirt/kuhrt/kurt	4
k ER t IH s	curtis'/curtis(2)/curtiss/kurtis	4
k EY l AH n	calan/kalan/kalen/keylon	4
k EY l ER	caler/caylor/kaler/kaylor	4
k EY n AH n	canaan/canan/kanan/kanon	4
k EY t IY	katey/kati/katie/katy	4
k EY t OW	caito/cato/kato/keto	4
k EY z ER	kaeser/kaser/kayser/qasr	4
k IH d	kid/kidd/kidde/kyd	4
k IH d z	kid's/kids/kids'/kyd's	4
k IH l b ER n	kilborn/kilbourn/kilbourne/kilburn	4
k IH n ER d	kinard/kinnaird/kinnard/kynard	4
k IH n d AH l	kindall/kindel/kindell/kindle	4
k IY OW	keo/keogh/keough/kyo(2)	4
k IY f	keef/keefe/keeffe/kief	4
k IY l ER	keeler/keillor/kielar/kieler	4
k IY n ER	keehner/keener/keiner/kiener	4
k OW b AH l	coble/kobel/koble/koebel	4
k OW k ER	coker/kocur/koker/kolker	4
k OW k IY	cocchi/cokie/koeki/koki	4
k OW k OW	cocco/coco/cocoa/koko	4
k OW k s	coax/coke's/cokes/kokes	4
k OW l m AH n	coleman/colman/kohlman/kohlmann	4
k OW l t s	colt's/colts/kolts/koltz	4
k OW m ER	colmer/comber/komar/komer	4
k OW n AH n	conan/koehnen/koenen/kohnen	4
k OW t OW	coto/cotto/koto/kowtow(2)	4
k UH k ER	cooker/kooker/kuecker/kueker	4
k j UW b IH k	cubic/kubic/kubick/kubik	4
k l AA k	clock/kloc/klock/klocke	4
k l AE n	clan/klahn/klan/klann	4
k l AE s AH n	clason/classen/classon/klassen	4
k l AH t s	clutts/klutts/kluttz/klutz	4
k l AO s	clauss/closs/klos/kloss	4
k l AO z	claus/claus'/clause/claws	4
k l AY m ER	climber/climer/clymer/klimer(2)	4
k l EH m	clem/klem/klemm/klemme	4
k l EH m AH n z	clemans/clemens/clemmons/clemons	4
k l EH r	clair/claire/clare/klare	4
k l ER k	clerc/clercq/clerk/klerk	4
k l ER k s	clerk's/clerks/clerks'/klerk's	4
k l EY m AH n	clamen/clayman/klamon/klayman	4
k l EY z	claes/claeys/clays/klase	4
k l IH NG k	clink/klinck/klink/klinke	4
k r AE b	crab/crabb/crabbe/krabbe	4
k r AE m	cram/kram/kramm/kramme	4
k r AW s	crouse/kraus/krauss/krouse	4
k r EH CH m ER	kretchmer/kretschmar/kretschmer/kretzschmar	4
k r EY z	crase/cray's/crays/craze	4
k r IH s IY	chrissie/chrissy/crisci/crissey	4
k r IH s t AA f ER s AH n	christoffersen(2)/christofferson/christophersen/christopherson	4
k r IH s t IY z	christie's/christies/christy's/kristi's	4
k r IY m ER	creamer/cremer/kreamer/kremer	4
k r OW n ER	croner/kroener/kroner/kronor	4
k w AA n	kuan/kwan/kwon/quon	4
k w AO r t ER z	quarter's/quarters/quarters'/quarters's	4
k w EY l z	quails/qualls(2)/quayle's/quayles	4
k w IH k	cwik/kwik/quick/quik	4
l AA t	lat/lot/lott/lotte	4
l AE CH	lach/lache/latch/latsch	4
l AE m z	lamb's/lambs/lambs'/lamm's	4
l AE n d z	land's/landes/lands/lands'	4
l AH k s	lox(2)/lucks/luks/lux	4
l AO r AH	laura/loera/lora/lorah	4
l AY	lai/lie/ly/lye	4
l AY n z	line's/lines/lines'/lynes	4
l EH n AH n	lehnen/lenin/lennon/lenon	4
l EH n ER d	lenard/lenhard/lennard/leonard	4
l EH n IY	lennie/lenny/leny/leonie	4
l EH n h AA r t	lenhardt/lenhart/leonhardt/leonhart	4
l EH s ER	leser/lesser/lessor/loesser	4
l EH t s	let's/lets/letts/letz	4
l ER EY n	laraine/lorain/loraine/lorraine	4
l EY h IY	lahey/layhee/leahey/leahy	4
l EY v IY	lavey/lavi/lavie/lavy	4
l IH NG k s	lincks/link's/links/lynx	4
l IH n d AH n	linden/lindon/lynden/lyndon	4
l IY	lea/lee/leigh/li	4
l IY AE n	leann/liane/lianne/lyanne	4
l IY CH	leach/leech/leetch/leitch	4
l IY b	leeb/leib/lieb/liebe	4
l IY b ER	leber/leiber/libor/lieber	4
l IY k	leak/leake/leek/leick	4
l IY l AH	leala/leila/lela/lila	4
l IY n AH	leana/leena/lena/lina	4
l IY s	lease/leece/leese/leise	4
l IY s IY	lecy/leisey/leisy/lisi	4
l IY v IY	leavey/leavy/levie/levy(2)	4
l UW IH s	lewis/lewis'/louis/louis'	4
l UW b AH v IH CH ER z	lubavitcher's/lubavitcher's(2)/lubavitchers/lubavitchers(2)	4
l UW m AH n	lewman/looman/luman/lumen	4
l UW p	loop/loup/loupe/lupe	4
l UW s IY	lucey/lucie/lucy/luisi	4
m AA f IH t	moffet/moffett/moffit/moffitt	4
m AA l IY	mali/molley/mollie/molly	4
m AA n t IY	monte/montee/monti/montie	4
m AA r JH IY	margie/margy/marjie/marjy	4
m AA r SH AH l	marschall/marshal/marshall/martial	4
m AA r SH AH l z	marshal's/marshall's/marshals/martials	4
m AA r k AH m	marcom/marcum/markham/markum	4
m AA r k OW	marco/marcoe/marko/markow	4
m AA r t IH n s AH n	martensen/martenson/martinsen/martinson	4
m AA r z	marrs/mars/mars'/marz	4
m AA t s	mots/mott's/motts/motz	4
m AA z	maahs/maas/mas/maz	4
m AE k	mac/mack/macke/mak	4
m AE k s AH m	maxam/maxham/maxim/maxxam	4
m AE l IH k	malick/malik/mallek/mallick	4
m AE n	mahn/man/mann/manne	4
m AE n IY	manney/manni/mannie/manny	4
m AE n d AH l	mandel/mandell/mandl/mandle	4
m AE s AH CH UW s AH t s	mass.(2)/massachusetts/massachusetts'/massachussetts	4
m AE s IY	masci/massey/massi/massie	4
m AE t s	mats/mattes/matts/matz	4
m AH k AH l AH	mcculla/mccullah/mcculloh/mccullough	4
m AH k EY g	maciag/mccague/mccaig/mckaig	4
m AH k EY n	mccain/mccane/mckain/mckane	4
m AH k IH n IY	mackinney/mckinney/mckinnie/mckinny	4
m AH k OW n	mccone/mchone/mckone/mckown	4
m AH k d ER m AH t	macdermott/mcdermitt/mcdermot/mcdermott	4
m AH k f AA r l AH n	macfarlane/mcfarlan/mcfarlane/mcfarlin	4
m AH k f AE d AH n	macfadden/mcfadden/mcfaddin/mcfadin	4
m AH k f IY	macphee/mcfee/mcphee/mcphie	4
m AH k l AW d	macleod/mccloud/mcleod/mcloud	4
m AH k l EH l AH n	maclellan/mcclellan/mcclellen/mclellan	4
m AH k r IY d IY	mccreadie/mccready/mccredie/mccreedy	4
m AH l EH s k IY	maleski/malesky/moleski/molesky	4
m AH m	maam/mum/mumm/mumme	4
m AH n d IY	monday/mundi/mundie/mundy	4
m AH n s IY	muncee/muncey/muncie/muncy	4
m AO r AH l	moral/morell/murrell/murrill	4
m AO r IH n	maurin/morin/morrin/murrin	4
m AO r IH s	morice/moris/morris(2)/morriss	4
m AO r IH s EH t	morisette/morissette/morrisette/morrissette	4
m AO r OW	mauro/moro/morro/morrow(2)	4
m AY k AH l s AH n	michaelsen/michaelson/michelsen/michelson	4
m EH l	mehl/mel/mell/melle	4
m EH l ER	mehler/melear/meller/mellor	4
m EH n z	men's/mens/menz/menze	4
m EH r AH l	merrell/merrill/meryl/meryll	4
m EH r IH w EH DH ER	meriweather/meriwether/merriweather/merriwether	4
m EH r IY	marry/mary/merrie/merry	4
m EH r OW	marrow/mero/merow/merrow	4
m EH r z	maerz/mairs/mare's/mares	4
m EH s ER z	messrs/messrs./mssrs/mssrs.	4
m EY AH n	mahan/mahen(2)/mahon/mayhan	4
m EY ER	maier/mayer/mayher/mayor	4
m EY d AH n	madan/maden/maiden/mayden	4
m EY l IY	mailey/maley/maly/mayle(2)	4
m EY l z	mail's/mails/male's/males	4
m IH k	mc/mic/mick/micke	4
m IH k AH l	mickel/mickle/mikel/mikell	4
m IH k IY	mickey/micki/mickie/micky	4
m IH l AH n	millan/millen/millin/millon	4
m IH l IY	milley/milli/millie/milly	4
m IH n AH t	minot/minott/minute/mynatt	4
m IH n IY	mini/minney/minnie/minny	4
m IH r	mear/mere/mir/myhre	4
m IY	me/mea/mee/mi	4
m IY d ER	meader/meador/meder/meeder	4
m IY l	meal/meehl/mele/miele	4
m IY n	mean/mein/meine/mien	4
m OW d	moad/mode/moede/mowed	4
m OW n	moan/moen/mon/mone	4
n AA b	knob/knobbe/naab/nobbe	4
n AA n s m OW k ER z	non-smokers/non-smokers'/nonsmokers/nonsmokers'	4
n AE b	knab/knabb/nab/nabb	4
n AH k AH l z	knuckles/nuckles/nuckolls/nuckols	4
n AH n	none/nuhn/nun/nunn	4
n AH n z	nun's/nunn's/nuns/nuns'	4
n AO s	knauss/knous/nauss/noss	4
n EH l	knell/nel/nell/nelle	4
n EH s IY	nesci/nesi/nessi/nessie	4
n EY b ER h UH d z	neighborhood's/neighborhoods/neighbourhood's/neighbourhoods	4
n IH CH	niche/nitsch/nitsche/nycz	4
n IH k	knick/nic/nick/nik	4
n IH k l AH s	nicholas'(2)/nicholas(2)/nicklaus/nickless	4
n IH p AH l	knipl/knippel/knipple/nipple	4
n IH r	kneer/near/neer/nir	4
n IY l IY	nealey/nealy/neeley/neely	4
n IY l s AH n	nealson/neilson/nielsen/nielson	4
n IY m AH n	neeman/neiman/nieman/niemann	4
n IY v	naeve/neave/neve/niamh(2)	4
n OW b AH l	knobel/knoble/knoebel/noble	4
n OW z	knows/no's/noes/nose	4
n UW	gnu/knew/new/nu	4
n UW b ER g	neuburg/newberg/newburg/newburgh	4
n UW b ER g ER	neuberger/neuburger/newberger/newburger	4
n UW m AH n	neuman/neumann/newman/newmann	4
n UW m AY ER	neumaier/neumeier/neumeyer/newmeyer	4
p AA l AH k	pollack/pollak/pollock/pollok	4
p AA r k s	park's/parkes/parks/parks'	4
p AA r t IY z	parties/parties'/parties'(2)/party's	4
p AE k	pac/pack/pak/paque	4
p AE l AH t	palate/palette/pallet/pallett	4
p AE t AH n	patane/paton/patten/patton	4
p AE t IY	pattee/patti/pattie/patty	4
p AE v l IH k	pavelic(2)/pavlic/pavlick/pavlik	4
p AO l z	paul's/paules/pauls/poehl's(2)	4
p AO r	por/pore/porr/pour	4
p AW	pao/pough/pow/powe	4
p AY	pae/pi/pie/pye	4
p AY l AH t s	pilate's/pilot's/pilots/pilots'	4
p EH p IY	pepe/pepi/peppi/peppy	4
p ER	per/pere/pur/purr	4
p ER l	pearl/pearle/perl/perle	4
p EY z	pais/paiz/pays/pei's	4
p IH k AH l	pickel/pickell/pickle/pikul	4
p IH l	pihl/pil/pill/pille	4
p IH t s	pits/pitt's/pitts/pitz	4
p IY p AH l z	peeples/people's/peoples/peoples'	4
p IY t ER z	peeters/peter's/peters/pieters	4
p IY v IY	peavey/peavy/peevey/peevy	4
p OW l	poehl/pohl/pole/poll	4
p UW	poo/pooh/pou/pu	4
p l AE n t s	plant's/plants/plants'/plantz	4
p r AA f IH t	proffit/proffitt/profit(2)/profitt	4
p r AY ER	prier/prior/pryer/pryor	4
p r IY	pre/pree/pri(2)/prix	4
p r OW z	pro's/pros/pros'/prose	4
p r UW	prew/pru/prue/prugh	4
p r UW IH t	prewett/prewitt/pruiett/pruitt	4
r AA	ra/rah/raw/rha	4
r AA JH ER z	rodgers/roger's/rogers/rogers'	4
r AA d IY	radi/roddey/roddie/roddy	4
r AA n	hron(2)/rohn/ron/ronne	4
r AA s k OW	rackow/rasco/rockow/roscoe	4
r AE n	rahn/ran/ranh/rann	4
r AE p	rap/rapp/rappe/wrap	4
r AE p AH p AO r t	rapaport/rapoport(2)/rappaport/rappoport	4
r AE t s	rat's/rats/ratts/ratz	4
r AW t	raut/rout/route(2)/routt	4
r AY AH n	rion/ryan/ryen/ryon	4
r AY SH	raisch/reisch/reisz/riesh	4
r AY l	reihl/rile/ruyle/ryle	4
r AY l IY	reilly/riley/ryley/wryly	4
r AY m ER	reimer/rhymer/rimer/rymer	4
r AY n	rhein/rhine/rhyne/rine	4
r AY n ER	reiner/rhyner/riner/ryner	4
r AY n z	rhines/rhynes/rines/rynes	4
r EH d	read/reade/red/redd	4
r EH d ER	raeder/redder/reder/rehder	4
r EH k	rec/rech/reck/wreck	4
r EH m	rehm/rem/remme/rhem	4
r EY b ER n	raeburn/rayborn/rayburn/reyburn	4
r EY l z	rail's/rails/rales/rales'	4
r IH CH IY	richey/richie/ritchey/ritchie	4
r IH n	rhin/rihn/rinn/rinne	4
r IY	re(2)/ree/reeh/rhee	4
r IY d ER	reader/reeder/reider/rieder	4
r IY f	reef/reif/reiff/rief	4
r IY l	real/reel/riehl/riel	4
r IY m	ream/reim/rheem/riehm	4
r IY z	reas/rees/reis/riese	4
r OW l AH n d	roeland/rohland/roland/rowland	4
r OW l IH NG	roehling/rohling/roling/rolling	4
r OW l f	rohlf/rolf/rolfe/rolph	4
r OW l z	roles/roll's/rolls/rowles	4
r OW z ER	roeser/roser/rowser/rozar	4
r OY t ER z	reuter's/reuters/reuters'/reuters's(2)	4
r UW f	roof/ruef/rueff/rufe	4
r UW m	reaume/rheaume/room/roome	4
r UW p	roop/roope/roupe/rupe	4
r UW z	roos/roose/rues/ruse	4
s AA l	saal/sahl/sol/soll	4
s AA l IY	sahli/solley/sollie/solly	4
s AA m	psalm(2)/saam/salm/som	4
s AA r JH AH n t	sargeant/sargent/sergeant/sgt	4
s AE l IY	sallee/salley/sallie/sally	4
s AH b m ER IY n z	submarine's/submarine's(2)/submarines/submarines(2)	4
s AH l IY n AH	celina/salina/selena/selina	4
s AH l IY n AH z	salinas'(2)/salinas(2)/selena's/selinas	4
s AH m ER	somer/sommer/summar/summer	4
s AH m ER z	somers/summer's/summers/summor's	4
s AH n z	son's/sons/sun's/suns	4
s AH s p EH k t s	suspect's/suspects/suspects'/suspects(2)	4
s AO r	saur/soar/sor/sore	4
s AO r AH l z	sorrell's/sorrells/sorrels/surles	4
s AY n ER	signer/sinar/siner/sinor	4
s EH k ER IH s t	sechrest/sechrist/secrest/secrist	4
s EH l AH	cela/cella/sela/sella	4
s EH n t ER	center/centerre/centre/senter	4
s EH r	sare/sayre/sehr/serr	4
s ER l z	searle's/searles/searls/sirles	4
s ER m AH n	sermon/sirman/sirmon/surman	4
s ER v EY ER z	surveyor's/surveyor's(2)/surveyors/surveyors(2)	4
s ER v EY z	survey's/survey's(2)/surveys/surveys(2)	4
s EY l	sail/sale/salle/sayle	4
s EY l ER z	sailor's/sailors/sailors'/saylors	4
s EY n	sain/saine/sane/seine	4
s EY v ER	saver/savir/savor/savr	4
s IH NG k	cinq/cinque/sink/sync	4
s IH b IH l	sibille/sibyll/sybil/sybille	4
s IH d	cid/cyd/sid/syd	4
s IH l v IY	silvey/silvi/silvie/sylvie	4
s IH m AH n z	simmon's/simmons/simmons'/symons	4
s IH s k OW	cisco/siscoe/sisko/sysco	4
s IY l IH NG	ceiling/sealing/seeling/sieling	4
s IY p	seep/seip/seipp/sepe	4
s IY s	cease/cece/seis/siess	4
s OW b AH l	sobel/sobil/soble/sobol	4
s OW l z	seoul's/soles/souls/sowles	4
s UW IY	sooy/suey/sui/tsui(2)	4
s l OW k AH m	slocomb/slocum/slocumb/slokum	4
s m IH l IY	smilie/smillie/smylie/smyly	4
s p EH k t ER	specter/spector/spectre/spektr	4
s p EH n s ER z	spencer's/spencers/spenser's/spensers	4
s p IY g AH l	speagle/speegle/spegal/spiegel	4
s p IY z	speas/spease/spees/spiess	4
s t AA k	staack/stock/stocke/stokke	4
s t AH k IY	stuckey/stucki/stucky/stukey	4
s t AO r	stoehr/stohr/store/storr	4
s t EH f IY	steffey/steffi/steffie/steffy	4
s t EH r	stair/stare/stehr/sterr	4
s t IH l	stihl/stil/still/stille	4
s t OW l	stohl/stol/stole/stoll	4
s t OW l ER	stohler/stolar/stoler/stoller	4
s t r AA m	strahm/straum(2)/strom/stromme	4
s t r AW s	straus/strause/strauss/strouse	4
s t r AY k ER	streicher/streiker/striker/stryker	4
s t r EY t	straight/strait/strate/streight	4
s t r UW p	stroop/stroope/stroup/stroupe	4
s w EH r IH NG AH n	swaringen/swearengin/swearingen/swearingin	4
s w IY n IY	sweaney/sweany/sweeney/sweeny	4
s w IY t	suite/sweatt/sweet/swete	4
t AA m s AH n	thompsen(2)/thompson(2)/thomson/tomson	4
t AO r	tor/tore/torr/torre	4
t EH k	tec/tech/teck/tek	4
t EH k s	tech's/techs/teck's/tex	4
t EH r AH l	terral/terrel/terrell/terrill	4
t EH s t s	test's/testes(2)/tests/tests'	4
t ER n z	tern/ternes/terns/turns	4
t EY t	tait/taite/taitt/tate	4
t IH b IH t s	tibbets/tibbetts/tibbits/tibbitts	4
t IH l m AH n	tilghman/tillman/tillmon/tilman	4
t IH m z	tim's/timbs/timms/tims	4
t IY m z	team's/teams/teams'/teems	4
t OW l	toal/toelle/tole/toll	4
t OW l ER	tolar/toler/toller/towler	4
t OW n IY	toney/toni/tonie/tony	4
t r AE v AH l ER z	traveler's/travelers/travelers'/travellers	4
t r UW	treu/trew/trieu/true	4
v AA l	vaal/vahl/voll/volle	4
v AE l ER IY	valerie/valery/vallery/valoree	4
v AE l IY	vallee/vallely(2)/valley/valli	4
v AE n d AY n	vandine/vanduyn/vanduyne/vandyne	4
v AY d AH	vajda/vida/wajda/weida	4
v EH r IY	vary/verri/verry/very	4
v EY n	vain/vane/vein/veyne	4
v IH k IY	vickey/vicki/vickie/vicky	4
v IY l	veal/veale/viel/viele	4
v IY z	v's/v.'s/v.s/vees	4
w AA l	waal/wahl/woll/wolle	4
w AA n	juan/wan/wann/won(2)	4
w AE g AH n ER	wagener/waggener/waggoner/wagoner	4
w AO l	wahle/wal/wall/walle	4
w AO l IY	wall-e/walley/wallie/wally	4
w AO l z	wall's/walles/walls/walz	4
w AY b AH l	waibel(2)/weibel/wible/wyble	4
w AY g AH l	waigel/weigel/wigle/wygal	4
w AY k AH l	weichel/weikel/wikle/wykle	4
w AY l IY	wiley/wily/wylie/wyly	4
w AY l d	weild/wild/wilde/wylde	4
w AY m AH n	weiman/weimann/wiman/wyman	4
w AY n z	whines/wine's/wines/wynes	4
w AY s	weis/weiss/weisse/wice	4
w AY s m AH n	weisman/weismann/weissman/weissmann	4
w EH d AH l	weddell/weddle/wedel/wedell	4
w EH l z	welles/welles'/wells/welz	4
w EH r IY	wary/werry/wery/wherry	4
w EH r z	wares/warez/wears/where's	4
w EH t s t IY n	wetstein/wettstein(2)/wetzstein(2)/whetstine	4
w ER TH	werth/wirth/worth/wurth	4
w ER l	werle/whirl/whorl/wurl	4
w ER l IY	werley/wherley/whirley/worley	4
w ER t m AH n	wertman/wortman/wortmann/wurtman	4
w EY d	wade/waid/waide/weighed	4
w EY l	wail/wale/weyl/whale	4
w EY t s	waite's/waites/waits/weights	4
w EY z	wais/way's/ways/weighs	4
w IH k	wick/wicke/wik/wyk	4
w IH k AO f	wikoff/wyckoff/wycoff/wykoff	4
w IH l	we'll(2)/wil/will/wille	4
w IH l b ER n	wilborn/wilbourn/wilbourne/wilburn	4
w IH l h OY t	wilhoit/wilhoite/willhoit/willhoite	4
w IH l k IY	wilkey/wilkie/willke/willkie	4
w IH l m AH t	willmott/wilmot/wilmott/wilmut	4
w IH n IY	whinney/winney/winnie/winny	4
w IH n z	win's/wins/wynn's/wynns	4
w IH s l ER	whisler/whistler/wisler(2)/wissler	4
w IH t AH k ER	whitacre/whitaker/whiteaker/whittaker	4
w IH t AH n b ER g	whittenberg/whittenburg/wittenberg/wittenburg	4
w IH t s	wit's/wits/witts/witz	4
w IY k l IY	weakley/weakly/weekley/weekly	4
w IY z	wease/weese/wheeze/wiese	4
w UH l IY	wooley/woolley/woolly/wooly	4
w UW	whew/whoo/woo/wu	4
z AA r	csar/czar/tsar/zarre	4
z IH NG k	zinc/zinck/zink/zinke	4
z IY l	zeal/zele/ziehl/ziel	4
z IY m AH n	zeeman/zeman/zieman/ziemann	4
z IY z	z's/z.'s/zeese/zeis	4
z UW	xu/xue/zoo/zue	4
AA	ah/ahh/awe	3
AA l AH n	aalen(2)/ahlen(2)/olen	3
AA m AH n	ahmann/aman/ommen	3
AA n ER z	honor's/honors/honour's	3
AA n d r EY	andre/andrej/andrzej	3
AA n k AO r	aancor/encore/oncor	3
AA n r IY k	henrique/henriques(2)/henriquez(2)	3
AA p ER EY SH AH n z	operation's/operations/operations'	3
AA p SH AH n z	option's/options/options'	3
AA r AH n t	arant/aren't/arent	3
AA r SH AH m b OW	archambault/archambeau/archambeault	3
AA r m ER	armer/armor/armour	3
AA r m IY z	armey's/armies/army's	3
AA r m z	arm's/armes/arms	3
AA r n	arn/arne/arnn	3
AA r n AH l	arnal/arnall/arnell	3
AA r t IH s t s	artist's(2)/artists/artists'	3
AA r t IY	aarti/artie/arty	3
AA r t s	art's/arts/artz	3
AA s b ER n	osbourn/osbourne/osburn	3
AA s m AH n	osman/osmon/ossman	3
AE SH ER	ascher/asher/ashur	3
AE TH l IY t s	athlete's/athletes/athletes'	3
AE d AH l m AH n	addleman/adelman/adelmann	3
AE d m IH n IH s t r EY SH AH n z	administration's/administrations/administrations'	3
AE d v AY z ER z	advisers/advisers'/advisors	3
AE d v ER t AY z ER z	advertiser's/advertisers/advertisers'	3
AE g IY	aggie/aggy/agie	3
AE k ER	acker/aker/akre	3
AE k s t	akst/axed/axt	3
AE k t ER z	actor's/actors/actors'	3
AE l AH n z	alan's/allen's/allens	3
AE l AY z	allies/allies'/allys	3
AE l IH s	alice(2)/allis/alyce	3
AE l IH s AH n	alison/allison(2)/allyson	3
AE l IY z	alley's/alleys/alys	3
AE l z b r UH k s	alsbrook's/alsbrooks/alsbrooks'	3
AE m z	am's/ambs/ams	3
AE n AH l IH s t s	analyst's/analysts/analysts'	3
AE n AH m AH l z	animal's/animals/animals'	3
AE n JH AH l IY n OW z	angelenos(2)/angelino's/angelinos	3
AE n JH AH l OW z	angelo's/angelos/angeloz	3
AE n JH IY	angi/angie/angy	3
AE n d ER s AH n	andersen/anderson/andersson	3
AE n d ER s AH n z	andersen's/anderson's/andersons	3
AE n d IY	andi/andie/andy	3
AE n d r IH k	andric/andrich/andrick	3
AE n d r UW z	andrew's/andrews/andrews'	3
AE n s EH s t ER z	ancestor's/ancestors/ancestors'	3
AE n t IY	ante/anti/auntie	3
AE p AH l	appel/appell/apple	3
AE s k ER z	asker's/askers/askers'	3
AE s t	asked(2)/assed/ast	3
AE t k IH s AH n	atkison/atkisson/attkisson	3
AH	a/uh/uhh	3
AH DH ER z	other's/others/others'	3
AH d EH r	adair/adare/addair	3
AH d IY d AH s	addidas/addidas'/adidas	3
AH d IY d AH s IH z	addidas's/addidases/adidas's	3
AH f IH SH AH l z	official's/officials/officials'	3
AH h ER n	ahearn/ahern/aherne	3
AH k AW n t AH n t s	accountant's/accountants/accountants'	3
AH l EH k s IY	alexi/alexy/oleksy	3
AH l m AH n	ullman/ullmann/ulman	3
AH l m ER	ullmer/ulmar/ulmer	3
AH m EH r IH k AH n z	american's/americans'/americans(2)	3
AH m EH r IH k AH z	america's(2)/americas'/americas(2)	3
AH n	'n/an(2)/un	3
AH n EH t	anette/annett/annette	3
AH n d ER r AY t ER z	underwriter's/underwriters/underwriters'	3
AH n s EH l	ancel/ansel/unsell	3
AH p OW n AH n t s	opponent's/opponents/opponents'	3
AH s OW SH IY AH t s	associate's(2)/associates'/associates(3)	3
AH s OW s IY AH t s	associate's/associates/associates'(2)	3
AH t EH n d AH n t s	attendant's/attendants/attendants'	3
AH t ER n IY z	attorney's/attorneys/attorneys'	3
AO TH ER z	author's/authors/authors'	3
AO b r IY	aubrey/aubry/awbrey	3
AO f IH s ER z	officer's/officers'/officers(2)	3
AO g AH s t	aug/august(2)/auguste	3
AO l	all/aul/aull	3
AO l t m AH n	altman/altmann/aultman	3
AO n t s	aunt's(2)/aunts'(2)/aunts(2)	3
AO r AH l	aural/oral/orel	3
AO r AH l IY	oralie/orally/oreilly	3
AO r AH m	aurum/oram/orum	3
AO r IY	henri(2)/ori/ory	3
AO r l IY AH n z	orlean's/orleans/orleans'	3
AO r m AH n d	ormand/ormond/ormonde	3
AO t	aught/ot/ought	3
AO t OW m EY k ER z	automaker's/automakers/automakers'	3
AO t r IY	autrey/autry/awtrey	3
AW ER	auer/hour/our	3
AW ER z	hour's/hours/ours	3
AW r z	hours'/hours(2)/ours(3)	3
AW t AH n	auten/outen/outten	3
AW t s AY d ER z	outsider's/outsiders/outsiders'	3
AY ER	ayer/eyer/iyer	3
AY d AH l	idle/idol/idyll	3
AY g AH n	aygen/eigen/igon	3
AY k AA n	icahn/icon/ikon	3
AY l	aisle/i'll/isle	3
AY l ER	eiler/iler/isler	3
AY v IY	ivey/ivie/ivy	3
AY z AH n h AA r t	eisenhardt/eisenhart/isenhart	3
CH AA k	chalk/chock/chok	3
CH AA p	chop/chopp/tschopp	3
CH AA r l z	charles/charles'/charls	3
CH AE NG	chang/chiang/chuang	3
CH AE f IY	chafee/chaffee/chaffy	3
CH AE p l AH n	chaplain/chaplan/chaplin	3
CH AE t s	chats/chatz/chatz'	3
CH AW	chao/chow/ciao	3
CH EH SH ER	chesher/cheshire/chessher	3
CH EH k s	checks/cheques/czechs	3
CH EH s n AH t	chesnut/chesnutt(2)/chestnut	3
CH ER n	chern/cherne/churn	3
CH ER n IY	cherney/cherny/czerny	3
CH EY m b ER z	chamber's/chambers/chambers'	3
CH EY n z	chain's/chains/chains'	3
CH EY s AH n	chaisson/chasen/chasten	3
CH IH k AH n z	chicken's/chickens/chickens'	3
CH IH l IY	chile/chili/chilly	3
CH IH l d r AH n z	children's/childrens/childrens'	3
CH IH n	chin/chinh/chinn	3
CH IH p s	chip's/chipps/chips	3
CH IH z AH m	chisholm/chism/chisum	3
CH IY f s	chief's/chiefs/chiefs'	3
DH AW	thao/thau/thou	3
DH EH r	their/there/they're	3
DH IH s	this/this'/this(2)	3
EH NG	eng/engh/ng	3
EH SH	esch/esche/esh	3
EH b AH n	eban/ebben/eben	3
EH b ER h AA r t	eberhard/eberhardt/eberhart	3
EH d IH t ER z	editor's/editors/editors'	3
EH d m AH n d z	edmands/edmonds/edmunds	3
EH d w ER d z	edward's/edwards/edwards'	3
EH f r AH n	effron/efron/ephron	3
EH g l IY	egley/egli/egly	3
EH k OW z	echo's/echoes/echos	3
EH k h AA r d	eckard(2)/eckhard/ekkehard	3
EH k h AA r t	eckardt(2)/eckhardt/eckhart	3
EH k l AH n d	eckland/ecklund/eklund	3
EH k m AH n	eckman/eckmann/ekman	3
EH k s p ER t s	expert's/experts/experts'	3
EH k w AH t IY z	equities/equities'/equity's	3
EH l AH f AH n t s	elephant's/elephants/elephants'	3
EH l AH n	ehlen/ellan/ellen	3
EH l IH k	elek/elich/elick	3
EH l IH s AH n	elison/ellison/ellyson	3
EH l IY AH t	eliot/elliot/elliott	3
EH l IY n	eleen/elene/ellene	3
EH l z IY	ellzey/elzey/elzy	3
EH m ER IH k	emerich/emerick/emmerich	3
EH m ER IY	emery/emmery/emory	3
EH m IY	emmi/emmie/emmy	3
EH m p l OY ER z	employer's/employers/employers'	3
EH m p l OY IY z	employee's/employees/employees'	3
EH m z	m's/m.'s/m.s	3
EH n	en/n/n.	3
EH n AH m IY z	enemies/enemies'/enemy's	3
EH n ER p r AY z IH z	enterprise's(4)/enterprises'(2)/enterprises(2)	3
EH n t ER p r AY z IH z	enterprise's(2)/enterprises/enterprises'	3
EH r AH n z	aaron's/aarons/arens	3
EH r IH NG t AH n	airington/arrington/errington	3
EH r IH k AH	erica/ericka/erika	3
EH r IY AH l	aerial/arial/ariel	3
EH r OW	aero/arrow(2)/eroh	3
EH r d	aird/aired/erred	3
EH r l AY n z	airline's/airlines/airlines'	3
EH r m AH n	airman/ehrman/ehrmann	3
EH r w EY z	airway's/airways/airways'	3
EH s IH z	esses/s's/s.'s	3
EH s t IY	estee/estey/esty	3
EH t s EH t ER AH	etc/etc./etcetera	3
ER b	erb/erbe/herb	3
ER b AH l AH s t s	herbalist's/herbalists/herbalists'	3
ER b z	erbes/herb's/herbs	3
ER k	erck/erk/irk	3
ER l IH k	ehrlich/erlich/erlick	3
ER l z	earl's/earles/earls	3
ER m AH n	erman/ermine/urman	3
ER n	earn/erne/urn	3
ER n h AA r t	earnhardt/earnhart/earnheart	3
ER t AH l	ertel/ertl/ertle	3
ER v	irv/irve/oeuvre(2)	3
ER v IH n	earvin/ervin/irvin	3
EY JH AH n s IY z	agencies/agencies'/agency's	3
EY JH AH n t s	agent's/agents/agents'	3
EY b AH l	abel/abell/able	3
EY k ER	achor/acre/aker(2)	3
EY m	aim/aime/ame	3
EY n	aine/ane/ayn	3
EY n JH AH l z	angel's/angels/angels'	3
EY t	ate/aydt/eight	3
EY v IY	av/avey/avi(2)	3
EY z	a's/a.'s/a.s	3
IH NG k	inc/inc./ink	3
IH NG k AA t AH	incata/inkatha(2)/inkatha(3)	3
IH NG k AA t AH z	incata's/inkatha's(2)/inkatha's(3)	3
IH k AA n AH m IH s t s	economist's/economists/economists'	3
IH l EY n	elaine/elane/elayne	3
IH m	him(2)/im/imm	3
IH m p AO r t s	imports/imports'/imports(2)	3
IH m p l OY ER z	employer's(2)/employers'(2)/employers(2)	3
IH n SH UH r ER z	insurer's/insurers/insurers'	3
IH n d AH s t r IY	industri/industrie/industry	3
IH n d AH s t r IY AH l z	industrial's/industrials/industrials'	3
IH n d AH s t r IY z	industries/industries'/industry's	3
IH n d EH v ER z	endeavor's/endeavors/endeavour's	3
IH n d IY AH n z	indian's/indians/indians'	3
IH n f AH n t s	infant's/infants/infants'	3
IH n l AO	in-law/inlaw/inlaw(2)	3
IH n l AO z	in-laws/inlaws/inlaws(2)	3
IH n l OW	enloe/enlow/inlow	3
IH n s AY d ER z	insider's/insiders/insiders'	3
IH n s p EH k t ER z	inspector's/inspectors/inspectors'	3
IH n s t IH t UW SH AH n z	institution's/institutions/institutions'	3
IH n s t r AH m AH n t s	instrument's/instruments/instruments'	3
IH n t ER n AE SH AH n AH l	internacional/international/internatonal	3
IH n v EH s m AH n t s	investment's(2)/investments'(2)/investments(2)	3
IH n v EH s t AH g EY t ER z	investigator's/investigators/investigators'	3
IH n v EH s t ER z	investor's/investors/investors'	3
IH n v EH s t m AH n t s	investment's/investments/investments'	3
IH r IY	eary/eerie/erie	3
IH s AH k s AH n	isackson/isaksen/isakson	3
IH z r EY l IY z	israeli's/israelis/israelis'	3
IY	e/e./ee	3
IY g ER	eagar/eager/eger	3
IY g OW	ego/igo/igoe	3
IY l IY	ealey/ealy/eley	3
IY t AH n	eaten/eaton/eton	3
IY t OW	ito/ito(2)/itoh	3
IY v	eave/eve/yves	3
JH AA b z	job's/jobs/jobs'	3
JH AA l IY	jolley/jollie/jolly	3
JH AA n	john/jon/jonn	3
JH AA n AH TH AH n z	johnathan's/johnathon's/jonathan's	3
JH AA n s AH n z	johnsen's/johnson's/johnsons	3
JH AE NG k	jahnke/jank/janke	3
JH AE f IY	jaffe/jaffee/jaffey	3
JH AE k	jac/jack/jacques(2)	3
JH AE k AH b	jacobe/jakab/jakob	3
JH AE k AH l	jackal/jackel/jakel	3
JH AE k IY z	jacki's/jackie's/jacky's	3
JH AE n z	jan's/jans/janz	3
JH AE z m IH n	jasmin/jasmine(2)/jazmin	3
JH AH JH IH z	judge's/judges/judges'	3
JH AH n EH t	janette/jeanette/jeannette	3
JH AH n IY n	geneen/janine/jeanine	3
JH AH s t IH s IH z	justice's/justices'/justices(2)	3
JH AO r JH AH	ga(3)/georgia/giorgia	3
JH AO r JH AH z	george's/georges/georgia's	3
JH AO r JH IY	georgie/georgy/giorgi	3
JH AO r d AH n	jordan/jorden/jordon	3
JH AO r d IY	jordi/jordie/jordy	3
JH AY AH n t s	giant's/giants/giants'	3
JH AY l z	giles/gyles/jiles	3
JH EH f	geoff/jeff/jeffe	3
JH EH f IY	jeffe(2)/jeffey/jeffy	3
JH EH f r IY	geoffrey/jeffrey/jeffry	3
JH EH l	gel/gell/jell	3
JH EH m z	gem's/gems/jem's	3
JH EH n AH	gena/genna/jenna	3
JH EH n IH t	genet/gennett/jennett	3
JH EH p s AH n	jeppson/jepsen/jepson	3
JH EH r AH l	jerel/jerrell(2)/jheryl	3
JH EH s AH p	jessop/jessup/jesup	3
JH EH t	jet/jett/jette	3
JH ER g AH n z	jergens/juergens(2)/jurgens	3
JH ER g IH n s AH n	jergenson/jurgensen/jurgenson	3
JH ER m AH n z	german's/germans/germans'	3
JH ER m EY n	germain/germane/jermaine	3
JH ER n AH l IH s t s	journalist's/journalists'/journalists(2)	3
JH EY k AH b z	jacob's/jacobs/jacobs'	3
JH EY n	jain(2)/jane/jayne	3
JH EY n z	jane's/janes/jaynes	3
JH IH NG k s	jinks/jinx/jynx	3
JH IH m IY	jimi/jimmie/jimmy	3
JH IH m z	gym's/gyms/jim's	3
JH IH r	gier/giere/jeer	3
JH IY n AH	gina/jeana/jena	3
JH OW	jo/joe/joh	3
JH OW d IY	jodi/jodie/jody	3
JH OW h AE n s AH n	johannsen/johansen/johanson	3
JH OW l IY	jolie/joly/jowley	3
JH OW n z	joens/jones/jones'	3
JH OW z	joe's/joes/jos	3
JH OY n z	joines/joins/joynes	3
JH UH r ER z	juror's/jurors/jurors'	3
JH UH r IY z	juries/juries'/jury's	3
JH UW AH l ER z	jeweler's/jewelers/jewellers	3
JH UW l ER z	jeweler's(2)/jewelers(2)/jewellers(2)	3
JH UW l z	jewels(2)/joules/jules	3
JH UW z	jews/jews'/joos	3
OW b ER n	o'beirne/o'byrne/obyrne	3
OW b r EH m s k IY	o'bremski/obremski/obremsky	3
OW d AA ER t IY	o'doherty/o'dougherty(2)/odoherty	3
OW d EH t	audet/audette/odette	3
OW d ER	oder/odor/odour	3
OW d EY	o'day/o'dea/oday	3
OW l	ohl/ol'/ole	3
OW l ER	oehler/ohler/oler	3
OW l IH m p IH k s	olympic's/olympics/olympics'	3
OW l IY	olea(2)/oley/ollie(2)	3
OW l k	oehlke/oelke/olk(2)	3
OW l m AH n	oelman/ohlman/ohlmann	3
OW n ER z	owner's/owners/owners'	3
OW p AH l	opal/opel/ople	3
OW r AO r k	o'roark/o'rourke/oroark	3
OW r AY l IY	o'reilly/o'riley/oriley	3
OY l ER	euler/oiler/oyler	3
SH AA	hsia/sha/shah	3
SH AA l	schaal/scholl/sholl	3
SH AA n	schon/shon/xan	3
SH AA p ER z	shopper's/shoppers/shoppers'	3
SH AA p s	shop's/shoppes/shops	3
SH AA r	schaar/schar/scharr	3
SH AA r f	scharf/scharff/sharf	3
SH AA r p	scharp/sharp/sharpe	3
SH AE NG k	schanck/schank/shank	3
SH AE d	schad/shad/shadd	3
SH AE k	schack/shack/shaq	3
SH AE m b ER g ER	schamberger/shamberger/shamburger	3
SH AE p	schapp/shap/shapp	3
SH AH k	schuch/schuck/shuck	3
SH AH m	schum/schumm/shum	3
SH AH p EH l	chapell/chapelle/chappelle	3
SH AH t s	schutz/shuts/shutts	3
SH AO n	sean/shaun/shawn	3
SH AO r z	schorr's/shore's/shores	3
SH AY ER	scheier/schier/shier	3
SH AY ER r	schairer/scheirer/shirer	3
SH EH NG k	schenck/schenk/shenk	3
SH EH f	chef/scheff/sheff	3
SH EH p	schepp/shep/shepp	3
SH EH r AH l	cheryl/sherrell/sheryl	3
SH EH r h OW l d ER z	shareholder's/shareholders/shareholders'	3
SH ER IH NG	schering/scheuring/schuring	3
SH ER b ER n	sherborne/sherburn/sherburne	3
SH ER m AH n	scherman/schurman/sherman	3
SH ER m ER	schermer/schirmer/shermer	3
SH ER t s	schertz/shirts/shurtz	3
SH EY z	chaise/shays/shea's	3
SH IH l IH NG z	schilling's/schillings/shillings	3
SH IH m AH l	schimmel/shimel/shimmel	3
SH IH n	shin/shinn/sinn(2)	3
SH IH p ER z	schippers/shipper's/shippers	3
SH IH p IY	shippee/shippey/shippy	3
SH IH s AH l ER	schisler/schissler/shisler	3
SH IY f ER	schiefer/schieffer/sheaffer	3
SH IY k s	sheeks/sheik's/sheiks	3
SH IY l ER	scheeler/scheler/sheeler	3
SH IY n	cian/shean/sheen	3
SH OW	chau/schau/show	3
SH OW l ER	schoeller/scholer/sholar	3
SH OW m EY k ER	schoemaker/schomaker/shomaker	3
SH OW z	show's/shows/shows'	3
SH UH r	schuur/shure/sure	3
SH UW m AA k ER	schuhmacher/schumacher/schumacker	3
SH UW m EY k	shewmake/shoemake/shumake	3
SH UW t	chute/shoot/shute	3
SH m IH t	schmidt/schmit/schmitt	3
SH r AA k	schrock/shrock/srock	3
SH r AE m	schram/schramm/sram	3
SH r AY ER	schreier/schrier/schryer	3
SH r AY v ER	schriver/schryver/shriver	3
SH r EH k	schreck/shreck/shrek	3
SH r EY d ER	schrader/shrader/srader	3
SH r OW d ER	schroader/schroder/schroeder	3
TH AA m AH s AH n	thomason/thomassen/thomasson	3
TH AE k ER	thacher/thacker/thakkar	3
TH AH m	thum/thumb/thumm	3
TH AO r n b ER g	thornberg/thornburg/thornburgh	3
TH IH NG z	thing's/things/things'	3
TH IY m	theme/thiem/thieme	3
TH r IH f t s	thrift's/thrifts/thrifts'	3
TH r UW	threw/through/thru	3
UW	ooh/oooh/ou	3
UW z	oohs/ooohs/ooze	3
ZH AA n m AH SH EH l	jean-michel/jean-michele/jeanmichele	3
ZH AW	xiao/zhao/zschau	3
b AA b	baab/bob/bobb	3
b AA b IH k	babic/babik/bobick	3
b AA b IY	bobbi/bobbie/bobby	3
b AA d IY	boddie/boddy/body	3
b AA g d AH n	bogdan/bogden/bogdon	3
b AA k m AH n	bachman/bachmann/bockman	3
b AA l	bahl/bol/bolle	3
b AA l IH k	balik/bolich/bolick	3
b AA m ER	balmer/bomber/bommer	3
b AA m z	balms/bomb's/bombs	3
b AA n	bon/bonn/bonne	3
b AA n IY	bonney/bonnie/bonny	3
b AA n d z	bond's/bonds/bonds'	3
b AA r OW	baro/barro/borrow	3
b AA r OW ER z	borrower's/borrowers/borrowers'	3
b AA r OW z	baros/barros/borrows	3
b AA r b ER	barber/barbour/barbre	3
b AA r b ER z	barber's/barbers/barbour's	3
b AA r b IH k j UW	barbecue/barbeque/bbq(2)	3
b AA r b IH k j UW IH NG	barbecueing/barbecuing/barbequeing	3
b AA r b IH k j UW z	barbecue's/barbecues/barbeques	3
b AA r b IY	barbee/barbie/barby	3
b AA r k	barch/bark/barke	3
b AA r k OW	barco/barko/barkow	3
b AA r k l EY z	barclay's(2)/barclays'(2)/barclays(2)	3
b AA r k l IY	barclay(2)/barkeley/barkley	3
b AA r k l IY z	barclay's/barclays/barclays'	3
b AA r t s	bart's/barts/bartz	3
b AA s	bos/boss/bosse	3
b AA t s	baatz/botts/botz	3
b AE CH AH l ER	bachelor/batcheller/batchelor	3
b AE NG k ER z	banker's/bankers/bankers'	3
b AE NG k SH EH r z	bancshares/bancshares'/bankshares	3
b AE SH ER	basher/bashor/bashore	3
b AE g	bag/bagg/bagge	3
b AE k AH s	baccus/backus/baucus(2)	3
b AE n IH k	banick/banik/bannick	3
b AE n z	ban's/bans/benz(2)	3
b AE r AH n	baron/barren/barron	3
b AE t AH n	baton(3)/batten/batton	3
b AE t s	bats/batts/batz	3
b AE z AH l	basil/bazzell/bazzle	3
b AH CH	buch/buche/butsch	3
b AH d	bud/budd/budde	3
b AH d z	bud's/buds/budz	3
b AH g	bug/bugg/bugge	3
b AH k m AH n	buchman/buchmann/buckman	3
b AH n	been(2)/bun/bunn	3
b AH n IY	bunney/bunnie/bunny	3
b AH s	bus/buss/busse	3
b AH s t	bused/bussed/bust	3
b AH t AA n	bataan/baton/bhutan(2)	3
b AH t s AH n	butson/butzen/butzin	3
b AH z AA r	bazaar/bazar/bizarre	3
b AH z b IY	busby/buzbee/buzby	3
b AO l d	bald/balled/bawled	3
b AO r IH s	boris/boris'/borris	3
b AO r d ER z	boarders/border's/borders	3
b AO r d z	board's/boards/bordes	3
b AO r n m AH n	borneman/bornemann/bornman	3
b AO r z	boers/bores/bors	3
b AO s IH z	boss's/bosses/bosses'	3
b AW	bao/bough/bow	3
b AW CH	bautch/bouch/bouche	3
b AY AH s	bias/byas/byus	3
b AY ER	beier/buyer/byer	3
b EH SH l AO s	beschloss/beschloss'/beshloss	3
b EH k	baek(2)/bec/beck	3
b EH k ER z	becker's/beckers/beker's	3
b EH l AH	bela/bella/bellah	3
b EH l ER	behler/bellar/beller	3
b EH l IH n	beilin/belin/bellin	3
b EH l IY	beli/belli/belly	3
b EH l OW	bello/bellow/belo	3
b EH l m AH n	bellman/bellmon/belman	3
b EH l t s	belt's/belts/beltz	3
b EH n AH k	benak/benecke/beneke	3
b EH n IH NG	behning/bening/benning	3
b EH n IH t	bennet/bennett(2)/bennitt	3
b EH n d AH l	bendall/bendel/bendele	3
b EH n t	bendt/bent/bente	3
b EH n z	ben's/bens/benz	3
b EH n z IY n	benzene/benzene(2)/benzine	3
b EH r AH	beara/bera/berra	3
b EH r IH SH	barish/bearish/buresh	3
b EH r IH k	barrick(2)/burek/burich	3
b EH r m AH n	bearman/behrman/behrmann	3
b EH s IY	bessey/bessie/bessy	3
b EH t AH n	baeten/betten/betton	3
b EH t IY	bette/betti/betty	3
b EH v AH l	bevel/bevil/bevill	3
b EH v AH n	beavan/bevan/beven	3
b ER CH ER	bircher/birtcher/burcher	3
b ER JH	berge/birge/burdge	3
b ER d	bird/burd/byrd	3
b ER g ER	berger/burger/burgher	3
b ER g ER z	berger's/burger's/burgers	3
b ER g z	berg's/bergs/burges	3
b ER k h AA r t	burckhardt/burkhardt/burkhart	3
b ER k h EH d	birckhead/birkhead/burkhead	3
b ER l	berle/birle/burl	3
b ER l IY	birley/burley/burly	3
b ER m AH n	berman/birman/burman	3
b ER m AH n z	berman's/bermans/burmans	3
b ER n EH t	bernet/burnett/burnette	3
b EY ER z	bayer's/bayers/beyers	3
b EY b IY z	babies/babies'/baby's	3
b EY l AH n	bailon/balan/baylen	3
b EY l IH n	bailin/bailyn/beilin(2)	3
b EY l IH s	bayless/baylis/bayliss	3
b EY l IY z	bailey's/baileys/bally's(2)	3
b EY s IH k s	basic's/basics/basix	3
b EY s IH z	bases(2)/bass's/basses(2)	3
b EY t	bait/bate/beit	3
b EY t s	baits/bates/bates'	3
b IH b OW	bebeau/bibeau/bibeault	3
b IH g IH n z	begin's/begins/biggins	3
b IH g b IY	bigbee/bigbie/bigby	3
b IH k AH l	bickel/bickell/bickle	3
b IH l	bihl/bil/bill	3
b IH l IH NG z l IY	billingslea/billingsley/billingsly	3
b IH l IH n s k IY	belinsky/bielinski/bilinski	3
b IH l IY	billie/billy/bily	3
b IH l d	bild/billed/build	3
b IH l d ER z	builder's/builders/builders'	3
b IH r	beare/beer/bere	3
b IH r m AH n	beerman/bierman/biermann	3
b IH s	bis/biss/buice	3
b IH s EH t	beset/bessette/bissette	3
b IY CH AH m	beacham(2)/beachum/beecham	3
b IY b ER	beaber/beber/bieber	3
b IY d	bead/bede/beede	3
b IY d IY	beady/beedie/beedy	3
b IY g AH l	beagle/beegle/biegel	3
b IY k ER	beaker/beeker/bieker	3
b IY m	beahm/beam/beem	3
b IY r z	beer's/beres/biers	3
b IY t AH l z	beatles/beatles'/beetles	3
b IY t AH n	beaten/beaton/beeton	3
b IY v ER	beaver/beever/biever	3
b OW d IY	bodey/bodi/bodie	3
b OW d OY n	baudoin/beaudoin/bowdoin	3
b OW l AH n d	bohland/boland/bowland	3
b OW l m AH n	boelman/bohlman/bohlmann	3
b OW l t	boldt/bolt/bolte	3
b OW l t ER	boelter/bolter/boulter	3
b OW n IY	boney/boni/bony	3
b OW s	beauce/boese/bowse	3
b OY l z	boils/boyles/boylls	3
b UH SH IY	bushee/bushey/bushy	3
b UH k s	book's/books/books'	3
b UH l AH k	bulloch/bullock/bulluck	3
b UH l z	bull's/bulls/bulls'	3
b UW t	boot/boote/boutte	3
b j UW k AE n AH n	buchanan/buchannan/buchanon	3
b j UW k AH l	buccal/buechel/buechele	3
b j UW l	buehl/buel/buhl	3
b l AA k s AH m	bloxham/bloxom/bloxsom	3
b l AA n d z	blonde's/blondes/blonds	3
b l AE k m AH n	blackman/blackmon/blackmun	3
b l AE k s	black's/blacks/blacks'	3
b l AY	bligh/bly/blye	3
b l EY z ER	blaiser/blaser/blazer	3
b l IY k ER	bleaker/bleecker/bleeker	3
b l OW	bleau/blow/blowe	3
b l OW m	bloem/blohm/blome	3
b l UW	bleu/blew/blue	3
b l UW m	bloom/blum/blume	3
b l UW z	blue's/blues/blues'	3
b r AA SH	braasch/brosh/brosz	3
b r AA k	broc/brock/brok	3
b r AA m	brahm/brom/bromm	3
b r AE d l IY z	bradlees/bradley's/bradleys	3
b r AE n d AH l	brandel/brandl/brandle	3
b r AE n s k AH m	branscom/branscomb/branscum	3
b r AE s AH l	brasel/brasil/brassell	3
b r AH DH ER z	brother's/brothers/brothers'	3
b r AH n	bruhn/brun/brunn	3
b r AH s OW	brasseaux/brosseau/brusseau	3
b r AO d	braud/braude/broad	3
b r AO d k AE s t ER z	broadcaster's/broadcasters/broadcasters'	3
b r AO n	braun/braune/brawn	3
b r AW	brau/brough/brow	3
b r AW ER	brauer/brougher/brower	3
b r AW n l IY	brownlee/brownley/brownlie	3
b r AW n z	brown's/browns/browns'	3
b r AY d z m EY d z	bridesmaid's/bridesmaids/bridesmaids'	3
b r AY n ER	breiner/briner/bryner	3
b r AY t AH n	breighton/brighten/brighton	3
b r EH n d AH n	brendan/brenden/brendon	3
b r EY	brae/bray/brey	3
b r EY n ER	brainer/braner/breighner	3
b r IH JH IH z	bridge's/bridges(2)/brydges	3
b r IH k	bric/brick/bryk	3
b r IH k AH l	brickel/brickell/brickle	3
b r IH n	brin/brinn/bryn	3
b r IH s k IY	briskey/briski/brisky	3
b r IH t s	brits/britts/britz	3
b r IY	brea/bree/brie	3
b r OW k ER	broecker/broeker/broker	3
b r OW k ER IH JH IH z	brokerage's/brokerages/brokerages'	3
b r OW k ER z	broker's/brokers/brokers'	3
b r OW k r IH JH IH z	brokerage's(2)/brokerages'(2)/brokerages(2)	3
b r UW	breaux(2)/brew/brue	3
b r UW ER	breuer/brewer/bruer	3
b r UW ER z	brewer's/brewers/brewers'	3
b r UW IH n z	bruin's/bruins/bruynes	3
b r UW s EH t	brousset/brusett(2)/brusette	3
b r UW z	brews/bruise/bruse	3
d AA JH ER z	dodger's/dodgers/dodgers'	3
d AA k s	dock's/docks/docs	3
d AA k s IY	doxey/doxie/doxy	3
d AA k t ER z	doctor's/doctors/doctors'	3
d AA l ER z	dollar's/dollars/dollars'	3
d AA n AH h OW	donahoe/donoho/donohoe	3
d AA n AH h UW	donaghue/donahoo/donohoo	3
d AA n AH h j UW	donahue/donoghue/donohue	3
d AA n AH j UW	donahue(2)/donoghue(2)/donohue(2)	3
d AA n z	don's/dons/donze	3
d AA s	daas/das(2)/dazs	3
d AE k	dac/dack/dak	3
d AE k s	dacs/dax/dax'	3
d AE m AH n	damman/dammann/dammen	3
d AE m z	dam's/damns/dams	3
d AE n	dahn/dan/dann	3
d AE n s ER z	dancer's/dancers/dancers'	3
d AE n s IY	dancey/dancy/dansie	3
d AE r IH n	daren/darin/darrin	3
d AH CH	duch/dusch(2)/dutch	3
d AH JH AO NG	dejong/dejonge/dejongh	3
d AH NG k AH l	dunckel/dunkel/dunkle	3
d AH b AH l j UW z	w's/w.'s/w.s	3
d AH g l AH s	douglas/douglas'/douglass	3
d AH k	duc/duck/duk	3
d AH m	dum/dumb/dumm	3
d AH n z	dones/dun's/duns	3
d AH s OW	dussault/dusseau/dusseault	3
d AO g z	dog's/dogs'/dogs(2)	3
d AO r IH s	dorice/doris(2)/dorris	3
d AO r IY AH	dauria/dorea/doria	3
d AO r OW	doro/dorow/dorroh	3
d AO r m AH n	dohrman/dohrmann/dorman	3
d AO t ER z	daughter's/daughters/daughters'	3
d AO z	daus/dawes/daws	3
d AW d	daoud/doud/dowd	3
d AW d AH l	dowdall/dowdell/dowdle	3
d AW n IY	downey/downie/downy	3
d AW n z	down's/downes/downs	3
d AY AE n AH	diana/dianna/dyana	3
d AY AH z	daya's/dias/diez	3
d AY CH	deitch/deitsch/dyche	3
d AY ER	dire(2)/dyar/dyer	3
d AY JH EH s t s	digest's/digests/digests(2)	3
d AY k	dike/dyck/dyke	3
d AY l z	dial's(2)/dials(2)/diles	3
d AY m AH n d	diamond/dimond/dymond	3
d EH b IY	debbie/debby/debi	3
d EH b r AH	debora/deborah(2)/debra	3
d EH k	dec/dech/deck	3
d EH k EY d z	decade's/decades/decades(2)	3
d EH k s	dec's/decks/dex	3
d EH l	del/dell/delle	3
d EH l IY	delee/delhi/deli	3
d EH m AH k r AE t s	democrat's/democrats/democrats'	3
d EH m s k IY	dembski/demski/demsky	3
d EH n AH m	denham/denim/denomme	3
d EH n IH s	denis/dennis/denys	3
d EH n IY	denney/dennie/denny	3
d EH n t AH n	dentin/denton/dentton	3
d EH n t IH s t s	dentist's/dentists'/dentists(2)	3
d EH p	dep/depp/deppe	3
d EH r	dare/darr/derr	3
d EH r IY	dairy/derry/dery	3
d EH t ER z	debtor's/debtors/debtors'	3
d EH v AH l z	devil's/devils/devils'	3
d ER EH k t ER z	director's(2)/directors/directors'(2)	3
d EY d OW	dado/daido/dedo	3
d EY g AH n	dagan/dagon/deighan	3
d EY m AH n	daemon(2)/daman/damon	3
d EY s IY	dacey/dacy/daisey	3
d EY t AH n	dayton/deighton/deyton(2)	3
d EY v IY	davey/davie/davy	3
d IH NG g AH l	dingel/dingell/dingle	3
d IH f EH n d AH n t s	defendant's/defendants/defendants'	3
d IH g z	digges/diggs/digs	3
d IH k IY	dickey/dickie/dicky	3
d IH k s AH n	dickson/dixon/dixson	3
d IH l AH n z	dillon's/dylan's/dylans	3
d IH l IY	dilley/dillie/dilly	3
d IH m IY t r IY AH s	demetrius/dimitrius/dimitrius'	3
d IH n IY n	deneen/dineen/dinneen	3
d IH n OW	denault/deneau/deneault	3
d IH p IH r OW	dipiero/dipierro/dipirro	3
d IH p l AH m AE t s	diplomat's/diplomats/diplomats'	3
d IH r	dear/deer/deere	3
d IH r EH k t ER z	director's(4)/directors'/directors(4)	3
d IH r IH NG	dearing/deering/dering	3
d IH r IY	deary/deery/diery	3
d IH s EH n t	descent/dessent/dissent	3
d IH s k	disc/disk/disque	3
d IH s p AE CH ER z	dispatcher's/dispatcher's(2)/dispatchers	3
d IH s t IH l ER z	distiller's/distillers/distillers'	3
d IH t m ER	ditmer/dittmar/dittmer	3
d IH v EH l AH p ER z	developer's/developers/developers'	3
d IH v IH ZH AH n z	division's/divisions/divisions'	3
d IH z AY n ER z	designer's/designers/designers'	3
d IY d	dede/deed/diede	3
d IY d IY	deedee/deedy/didi	3
d IY d r IH k	deedrick/diedrich/diedrick	3
d IY k	deak/deike/dieck	3
d IY l ER z	dealer's/dealers/dealers'	3
d IY m AH n	daemon/deman/demon	3
d IY m ER	deamer/deemer/diemer	3
d IY n	dean/deane/deen	3
d IY n AH	dena/dina/drina	3
d IY n ER	deaner/deener/diener	3
d IY r EH k t ER z	director's(3)/directors'(3)/directors(3)	3
d IY r k s	diercks/dierkes/dierks	3
d IY s IY	d.c./dc/deasy	3
d IY t ER	deater/deeter/dieter	3
d IY t r IH k	deatrick/dietrich/dietrick	3
d OW l	dhole/doell/dole	3
d OW l AH n	dolan/dolen/dollan	3
d OW n AH t	donat/donut/doughnut	3
d OW n AH t s	donuts/donuts'/doughnuts	3
d OW n ER z	donor's/donors/donors'	3
d OW s	dohse/dos(2)/dose	3
d OY CH	deutch/deutsch/deutsche	3
d UW AH l	dewall/dual/duel	3
d UW ER	dewar/dewarr/duer	3
d UW IY	dewey/dewy/duey	3
d UW IY z	dewees/deweese/dewey's	3
d UW b OY s	du-bois/dubois/duboise	3
d UW g AH l	dougal/dougall(2)/dougl	3
d UW k AA k IH s IH z	dukakis'(2)/dukakis's/dukakises	3
d UW k ER	duecker/dueker/duker	3
d UW l	dual(2)/duell(2)/dule	3
d UW z	dews/do's/dues	3
d r AE f t s	draft's/drafts/draughts	3
d r AH g z	drug's/drugs/drugs'	3
d r AY ER	dreier/drier/dryer	3
d r AY v	dr/dr./drive	3
d r AY v ER z	driver's/drivers/drivers'	3
d r EH d	dread/dred/dredd	3
d r EH n AH n	drennan/drennen/drennon	3
d r EY n	drain/draine/drane	3
d r IY z	drees/dreese/dreis	3
d w EY n	duan(2)/duane/dwayne	3
f AA r l IY	farlee/farley/farly	3
f AA r m ER z	farmer's/farmers/farmers'	3
f AA r m z	farm's/farms/farms'	3
f AA r n AH m	farnam/farnham/farnum	3
f AA r n ER	fahrner/farner/foreigner(4)	3
f AE b r IY	fabbri/fabri/fabry	3
f AE l IH n	falin/fallin/falynn	3
f AE m AH l IY z	families/families'/family's	3
f AE n	fan/fann/phan	3
f AE n z	fan's/fans/fans'	3
f AH NG k	funck/funk/funke	3
f AH n d z	fund's/funds/funds'	3
f AO k	falk/falke/faulk	3
f AO k s	faulks/faux/fawkes	3
f AO l	fall/faul/faull	3
f AO r AH n ER z	foreigners/foreigners'/forerunners	3
f AO r JH IY	forgey/forgie/forgy	3
f AO r d	foard/ford/forde	3
f AO r m AH n	foreman/foremen/fourman	3
f AO r s	force/forse/fourths(2)	3
f AO r s IH z	force's/forces/forces'	3
f AO r t	foret/fort/forte(2)	3
f AO s IH t	faucett/fausett/fawcett	3
f AW CH	fouch/fouche/foutch	3
f AW n d ER z	founder's/founders/founders'	3
f AY b ER z	fiber's/fibers/fibres	3
f AY l	file/pfeil/phyle	3
f AY n	fein/feyen/fine	3
f AY t	feit/fight/fite	3
f AY t ER z	fighter's/fighters/fighters'	3
f AY t s	feitz/fights/fites	3
f AY z ER	fiser/fizer/pfizer	3
f EH d ER	fedder/feder/fedor	3
f EH l	fehl/fel/fell	3
f EH l AH n	felan/felon/phelan	3
f EH l OW z	fellow's/fellowes/fellows	3
f EH l d	feld/felde/felled	3
f EH l m AH n	fehlman/fellman/felman	3
f EH l t s	feltes/felts/feltz	3
f EH r l IY	fairley/fairlie/fairly	3
f ER l OW	furlaud/furlough/furlow	3
f ER m z	firm's/firms/firms'	3
f ER n IH s	forness/furness/furniss	3
f IH NG k AH l	finckle/finkel/finkle	3
f IH SH	fisch/fish/phish	3
f IH SH AH l	fischel/fishel/fishell	3
f IH SH ER	fischer/fisher/fissure	3
f IH g	fig/figg/figge	3
f IH l	fil/fill/phil	3
f IH l AH b AH s t ER	filibuster/fill-a-buster/fillibuster	3
f IH l AH p	fillip/philip/phillippe	3
f IH l AH p IY n	philippine/phillipine/phillipine(2)	3
f IH l AH p IY n z	philippines/philippines'/phillipines	3
f IH l IY z	fillies/phillies/phyllys	3
f IH n	fin/finn/finne	3
f IH n IY	finney/finnie/phinney	3
f IH n z	finn's/finns/fins	3
f IH s AH l	fissel/fissell/fissile	3
f IH s k	fisc/fisk/fiske	3
f IH t s	fits/fitts/fitz	3
f IY	fee/fi(2)/fie	3
f IY l d z	field's/fields/fields'	3
f IY n IY	feeney/feeny/fini	3
f IY z AH l	feasel/feazel/feazell	3
f IY z ER	feeser/feezor/feser	3
f OW k s	folkes/folks/folks'	3
f OW n z	fones/phone's/phones	3
f OY	foie/foy/foye	3
f UH r m AH n z	fuhrman's/fuhrmann's/fuhrmans	3
f UW	foo/fu/phu	3
f UW d z	food's/foods/foods'	3
f j UW CH ER z	future's/futures/futures'	3
f l AH d	flood/flud/fludd	3
f l AO r	floor/flor/flore	3
f l AO r SH AY m	floersheim/floresheim/florsheim	3
f l AW ER z	flours/flowers/flowers'	3
f l AY SH	fleisch/fleiss/fleiss'	3
f l AY SH m AH n	fleischman/fleischmann/fleishman	3
f l IY g AH l	fleagle/flegal/fliegel	3
f l IY g ER	fleeger/pfleger/pflieger	3
f l IY n ER	fleener/fleenor/flener	3
f l UW	flew/flu/flue	3
f r AA g	frog/frogg/frogge	3
f r AA m	fraum(2)/fromm/fromme	3
f r AE NG k IY	francie/franke(2)/frankie	3
f r AE n s AH n	fransen/franson/franssen	3
f r AE n s IH s	frances/francis'(2)/francis(2)	3
f r AE n z	frans/franz/franze	3
f r AY b ER g ER	freiberger/freiburger/fryberger	3
f r AY d IY z	freidy's(2)/friday's/fridays	3
f r EH d	fread/fred/freda	3
f r EH d ER IH k s AH n	fredericksen/frederickson/frederiksen	3
f r EH d IY	freddie/freddy/freddye	3
f r EH d r IH k s	frederick's/fredericks/fredricks	3
f r EH n d z	friend's/friends/friends'	3
f r EH r	fraire/frere/freyre	3
f r EY ER	frayer/freier/freyer	3
f r EY l IY	frailey/fraleigh/fraley	3
f r IH r	frear/freire/frere(2)	3
f r IH s b IY	frisbee/frisbie/frisby	3
f r IH t s	frits/fritts/fritz	3
f r IH z AH l	frizell/frizzell/frizzle	3
f r IY b ER g	freberg/freeberg/freeburg	3
f r IY d AH l	freedle/friedel/friedl	3
f r IY d AH n	freidan/friedan/frieden	3
f r IY d l IY	friedley/friedli/friedly	3
f r OW l IH k	froehlich/froelich/frohlich	3
g AA CH	gotch/gotsch/gottsch	3
g AA d b IY	godbee/godbey/godby	3
g AA l	gaal/goll/golle	3
g AA r d	gard/garde/guard	3
g AE b IY	gabby/gabie/gaby	3
g AE f	gaf/gaff/gaffe	3
g AE l ER IY z	galeries/galleries/gallery's	3
g AE l OW z	gallo's/gallos/gallows	3
g AE n	gahn/gan/gann	3
g AE r IH t	garett/garrett/garritt	3
g AE s IH z	gas's/gases(2)/gasses	3
g AH l	guhl/gul/gull	3
g AH m	gmbh/gum/gumm	3
g AH m z	gumbs/gums/gumz	3
g AH n z	gun's/gunn's/guns	3
g AH v ER m AH n t s	government's/governments/governments'(2)	3
g AH v ER n ER z	governor's/governors/governors'	3
g AH v ER n m AH n t s	government's(2)/governments'/governments(2)	3
g AO l	gall/gaul/gaulle	3
g AO r	goar/gore/gorr	3
g AO r d	goard/gored/gourd	3
g AO r d AH n	gordan/gorden/gordon	3
g AO r g AH n	goergen/gorgon/gorgone	3
g AO r m l IY	ghormley/gormley/gormly	3
g AO z	gaus/gause/gauze	3
g AW d IY	goudie/goudy/gowdy	3
g AY	gae/guy/ngai	3
g AY ER	geier/guier/guyer	3
g AY g ER	geiger/giger/gyger	3
g AY s	geise/geiss/guice	3
g AY s l ER	geisler/geissler/geiszler	3
g EH r	gair/gare/guerre	3
g EH r IH t	garret/garrett(2)/gehret	3
g EH r IY	garry(2)/gary/gehry	3
g EH s t s	guest's/guests/guests'	3
g ER EH t	garrette/guerette/guerrette	3
g ER IH l AH	gorilla/guerilla/guerrilla	3
g ER l z	girl's/girls/girls'	3
g EY ER	gaier/gayer/geyer	3
g EY JH	gage/gaige/gauge	3
g EY l ER	galer/gayler/gaylor	3
g EY m z	game's/games/games'	3
g EY n IY	gagne/gainey/ganey	3
g EY n z	gaines/gains/ganes	3
g EY t s	gates/gates'/gates's(2)	3
g EY z	gase/gays/gaze	3
g IH f ER d	giffard/gifferd/gifford	3
g IH l	gil/gill/guill	3
g IH l IY	gilley/gillie/gilly	3
g IH l b ER t	gilbert/gilberte/guilbert	3
g IH l d ER z	gilder's/guilder's/guilders	3
g IH n	guin/guinn/gyn	3
g IH r	gear/geer/gere	3
g IH r AH n	gearan/geren/giren	3
g IH r h AA r t	gearhart/gearheart/gierhart	3
g IY	ghee/gyi/nghi	3
g OW b AH l	gobel/goble/goebel	3
g OW d	goad/goedde/goede	3
g OW k	goecke/goeke/gohlke(2)	3
g OW l d IY	goldey/goldie/goldy	3
g OW l z	goals/goelz/golz	3
g OY n z	goines/goins/goynes	3
g UH d AH n	gooden/goodin/goulden	3
g UH d b AY	good-bye(2)/goodby/goodbye	3
g UH d r OW	goodreau/goodroe/goodrow	3
g UW l EH t	goulet/goulette/gullette	3
g l AE d IH s	gladis/gladys/gladys'	3
g l AE s k OW	glascoe/glasgow/glassco	3
g l EY z ER	glaeser/glaser/glazer	3
g l OW	glo/gloe/glow	3
g r AE m IY z	grammies/grammy's/grammys	3
g r AE s	gras/grass/grasse	3
g r AE s AH l	gracile/grassel/grassl	3
g r AY d ER	greider/grider/gryder	3
g r EH g ER IY	gregorie/gregory/grigory	3
g r EH k OW	grecco/grecko/greco	3
g r EY	gray/graye/grey	3
g r EY s IY	gracey/gracie/gracy	3
g r EY t s	grates/great's/greats	3
g r EY z ER	graeser/graser/grazer	3
g r IH m	grim/grimm/grimme	3
g r IY n l IY	greenlee/greenley/greenly	3
g r IY s	grease/greece/griess	3
g r IY s ER	greaser/grieser/griesser	3
g r IY v	greave/greve/grieve	3
g r UW AH l	grauel(2)/greuel/grewal	3
g r UW p	group/groupe/grupe	3
g r UW p s	group's/groups/groups'	3
h AA b z	hobbes(2)/hobbs/hobs	3
h AA g AH n	haagen/hogen/hoggan	3
h AA k s IY	hoxie/hoxsey/hoxsie	3
h AA l	hahl/holl/holle	3
h AA l AH n	hollan/hollen/hollon	3
h AA l IH f IY l d	holifield/hollifield/hollyfield	3
h AA l IH m AH n	holiman/holliman/hollimon	3
h AA l m AH n	hollman/hollmann/holman	3
h AA m	halm/hom/homme	3
h AA p	hop/hopp/hoppe	3
h AA p s	hoppes/hopps/hops	3
h AA r b ER	harber/harbor/harbour	3
h AA r k	harc/hark/harke	3
h AA r m AH n	harman/harmen/harmon	3
h AA r m z	harm's/harmes/harms	3
h AA r t AH n	harten/harton/hearten	3
h AA s l ER	hosler(2)/hossler(2)/hostler	3
h AE f t s	haft's/hafts/hafts'	3
h AE g	hag/hagg/hagge	3
h AE k AH l	hackel/hackl/hackle	3
h AE l IY	halle(2)/halley/hally	3
h AE m AH k	hammac/hammack/hammock	3
h AE n AH	hana/hanna/hannah	3
h AE n AH n	hannan/hannen/hannon	3
h AE n AH z	hanas/hanna's/hannahs	3
h AE n d AH l z	handel's/handels/handles	3
h AE p	hap/happ/happe	3
h AE r AH l	harral/harrel/harrill	3
h AE r AH n	haran/harren/harron	3
h AE s AH l	hassel/hassell/hassle	3
h AE t AH n	hattan/hatten/hatton	3
h AE t s	hat's/hats/hatz	3
h AH d IY	huddie/huddy/huldie	3
h AH l t s	hult's/hults/hultz	3
h AH l z	hull's/hulls/huls	3
h AH m AH l	huml/hummel/hummell	3
h AH m f r IY z	humpherys(2)/humphrey's/humphreys	3
h AH n t	hundt/hunt/hunte	3
h AH n t s	hunt's/hunts/hunts'	3
h AH s m AH n	husman/husmann/hussman	3
h AH t	haute(2)/hut/hutt	3
h AO	haugh/haw/hawe	3
h AO f	hauf/hauff/hoff	3
h AO k s	hawke's/hawkes/hawks	3
h AO l z	hall's/halls/hauls	3
h AO n	haughn/haun/hawn	3
h AO r AH n	hearron/horan/horen	3
h AO r IY	haury/hoary/hori	3
h AO r d	hoard/hord/horde	3
h AO r s m AH n	horseman/horsemen/horsman	3
h AO r t AH n	horten/horton/whorton	3
h AW ER	hauer/how're/hower	3
h AW k	houck/houk/howk	3
h AW s IH z	house's/houses'/houses(2)	3
h AW s l ER	haeussler/hausler(2)/haussler(2)	3
h AW z ER	hauser/houser/howser	3
h AY AH t	hiatt/hiott/hyatt	3
h AY d AH n	haydn/heiden/hyden	3
h AY d ER	heider/hider/hyder	3
h AY k	heick/hike/huyck	3
h AY l	heil/hile/hyle	3
h AY l AH n d	heiland/highland/hyland	3
h AY l IY	haile(2)/highley/highly	3
h AY m	haim/heim/hime	3
h AY m IY	hymie/jaime/jaimie(2)	3
h AY m IY z	hymies/jaime's/jaimes	3
h AY m z	heims/himes/hymes	3
h AY n IH k	heinecke/heinicke/hynek	3
h AY n IY	heiney/heini/heiny	3
h AY n m AH n	heineman/heinemann/hineman	3
h AY s	heise/heiss/hice	3
h AY t s	heights/heitz/hites	3
h EH d IY	heady/heddy/hedi	3
h EH d l IY	headlee/headley/hedley	3
h EH d r IH k	headrick/hedrich/hedrick	3
h EH k ER	haecker/hecker/hekker	3
h EH l	hehl/hell/helle	3
h EH l m AH n	hellman/hellmann/helman	3
h EH l m z	helmes/helms/helms'	3
h EH m	hem/hemm/hemme	3
h EH m AH n	hehman/hemann/hemmen	3
h EH n AH n	hennan/hennen/hennon	3
h EH n d r IH k	hendrich/hendrick/hendrik	3
h EH n r IH k	henrich/henrick/henrik	3
h EH p	hep/hepp/heppe	3
h EH r AH d	harrod/herod/herrod	3
h EH r AH l	harrell/herrell/herrle	3
h EH r AH l d z	harold's/herald's/heralds	3
h EH r IH NG t AH n	harrington/herington/herrington	3
h EH r IH s	haris(2)/harris/harris'	3
h EH t IY	hetti/hettie/hetty	3
h EH z b AA l AH	hezbollah/hezbullah/hezbullah(2)	3
h ER	her/her(2)/hur	3
h ER b AH l AH s t s	herbalist's(2)/herbalists'(2)/herbalists(2)	3
h ER l	hearl/herl/hurl	3
h ER m AH n	herman/hermann/hermon	3
h ER t AH l	hertel/hirtle/hurtle	3
h ER t s	hertz(2)/hirtz/hurts	3
h EY m z	haimes/hames/haymes	3
h EY n ER	hainer/haner/hayner	3
h EY s t IY	hastey/hastie/hasty	3
h EY t	haight/hait/hate	3
h EY z AH n	hasan/hazan/hazen	3
h IH g b IY	higbee/higbie/higby	3
h IH k s AH n	hickson/hixon/hixson	3
h IH l IY	hiley/hilley/hilly	3
h IH l IY ER	hillier/hillyer/hilyer	3
h IH l z	hill's/hills/hills'	3
h IH p	hip/hipp/hippe	3
h IH r OW z	hero's/heroes/heros	3
h IY b	hebe/heeb/hieb	3
h IY f n ER	heafner/heefner/heifner	3
h IY l	he'll/heal/heel	3
h IY l IH NG	healing/heeling/heling	3
h IY l d	heald/healed/heeled	3
h IY z	he's/hees/heese	3
h OW g	hoag/hoeg/hogue	3
h OW g l AH n d	hoagland/hoaglund/hogeland(2)	3
h OW l d	hold/holde/holed	3
h OW l d ER z	holder's/holders/holders'	3
h OW l d IH NG z	holding's/holdings/holdings'	3
h OW l s EY l ER z	wholesaler's/wholesalers/wholesalers'	3
h OW l t	hohlt/holt/holte	3
h OW l t s	holt's/holts/holtz	3
h OW l z	holes/holz/wholes	3
h OW m OW n ER z	homeowner's/homeowners/homeowners'	3
h OW n ER	hoener/hohner/honer	3
h OW p n ER	hoepfner(2)/hoepner/hoeppner	3
h OW t EH l z	hotel's/hotels/hotels'	3
h OW z	ho's/hoes/hose	3
h OY	hoi/hoy/hoye	3
h UW z	hoos/who's/whose	3
h j UW IH t	hewett/hewitt/hughett	3
h j UW l IH t	hewlett/hughlett/hulett	3
h j UW m ER AH s	humerous/humerus/humorous	3
h j UW s AH n	heusen/hewson/hughson(2)	3
h m	hm/hmm/hmmm	3
h w AA n	huan/hwan/juan(2)	3
h w AE NG	huang/hwang/whang(2)	3
h w IH t AH n	whiton(2)/whitten(2)/whitton(2)	3
h w IY l AH n	wheelan(2)/wheelon(2)/whelan(3)	3
h w UW p IY	whoopee(2)/whoopi(2)/whoopie(2)	3
j AA	ja/ya/yah	3
j AA n	jaan/yohn/yon	3
j AA r b ER OW	yarboro/yarborough/yarbrough	3
j AE NG k	yahnke/yank/yanke	3
j AE NG k IY z	yankee's/yankees/yankees'	3
j AH NG s t ER z	youngster's/youngsters/youngsters'	3
j AH NG z	young's/youngs/yung's	3
j ER k AH v IH CH	jurkiewicz/jurkovich/yurkovich	3
j IH r z	year's/years/years'	3
j OW k	yoak/yoke/yolk	3
j UH r IY	youri/yuri/yury	3
j UW EH n	u.n./un(2)/yuen(2)	3
j UW n IH t s	unit's/units'/units(2)	3
j UW n j AH n z	union's/unions/unions'	3
j UW r	ure/yoor/you're(2)	3
j UW s AH n	hughson(3)/joosten/yusen	3
j UW s EH f	yousef/youssef/yusef	3
j UW t IH l AH t IY z	utilities/utilities'/utility's	3
j UW z ER z	user's/users/users'	3
k AA	ca(3)/ka/kah	3
k AA NG k	conch(2)/conk/kohnke	3
k AA b z	cobbs/cobs/kobs	3
k AA k IY	cockey/cocky/khaki	3
k AA k r AH n	cochran/cochrane/cockran	3
k AA k s	cocks/cox/coxe	3
k AA l AH n d ER	colander/collender/kolander	3
k AA l IH JH IH z	college's/colleges/colleges'	3
k AA l IH n z	collins/collins'/collins's(2)	3
k AA l IY g z	colleague's/colleagues/colleagues'	3
k AA m AH	cama/comma/kama	3
k AA m l IY	calmly/comley/comly	3
k AA m z	calms/com's/coms	3
k AA n ER	conner/connor/konner	3
k AA p ER f IY l d z	copperfield's/copperfields/copperfields'	3
k AA p IY	coppee/copy/kopy	3
k AA p l IH n	coplin/koplin/kopplin	3
k AA r OW	caro/carro/karow	3
k AA r d z	card's/cards/cards'	3
k AA r g OW z	cargo's/cargoes/cargos	3
k AA r l	carl/carll/karl	3
k AA r l AY l	carlile/carlisle/carlyle	3
k AA r l IY	carley/carli/carly	3
k AA r m EY k ER z	carmaker's/carmakers/carmakers'	3
k AA r n	carn/carne/karn	3
k AA s IH k	cosic(3)/kasick/kasik	3
k AA t l ER	cotler(2)/kotler(2)/kottler	3
k AA t s	cots/kaatz/kotz	3
k AA z	cars(2)/cause/coz	3
k AE CH	catch/kach/tkach	3
k AE CH ER	catcher/kachur/katcher	3
k AE TH l IY n	cathleen/kathleen/kathlene	3
k AE TH r IH n z	catharines/catherine's/catherines	3
k AE b IY	cabbie/cabby/kabi	3
k AE l AH f	calaf/caliph/khalaf	3
k AE l AH h AE n	calahan/callaghan/callahan	3
k AE l AH l	kalil/kallal/khalil	3
k AE l AH n d ER	calendar/calender/callander	3
k AE l IH f	calef/calif/califf	3
k AE l IH s	callis/kalis/kallis	3
k AE l IY	cali(2)/calley/cally	3
k AE m ER ER	camerer/kamerer/kammerer	3
k AE m IY	cammie/cammy/kamei	3
k AE m b ER	camber/cambre/kamber	3
k AE m p	camp/kamp/kampe	3
k AE n AH	cana/kana/khanna	3
k AE n AH n	cannan/cannon/canon	3
k AE n d AH d EY t s	candidate's/candidates/candidates'	3
k AE n d IY	candee/candie/candy	3
k AE n z AH n z	kansan's/kansans/kansans'	3
k AE p	cap/capp/kapp	3
k AE p ER	capper/kapper/kapur	3
k AE p l AH n	caplan/kaplain/kaplan	3
k AE r IH k ER	cariker/carriker/karriker	3
k AE s	cas/cass/kass	3
k AE s k EY d z	cascade's/cascades/cascades'	3
k AE s l ER	casler(2)/kasler(2)/kassler	3
k AE s n ER	casner/kasner/kassner	3
k AE s t	cast/caste/kast	3
k AE s t AH n	casten/caston/kasten	3
k AE s t ER	caster/castor/kaster	3
k AE v AH n AO	cavanaugh/kavanagh/kavanaugh	3
k AH CH	kuch/kutch/kutsch	3
k AH CH ER	cutcher/kutcher/kutscher	3
k AH k	kuc/kuck/kuk	3
k AH l EH k t ER z	collector's/collectors/collectors'	3
k AH l ER	color/colour/culler	3
k AH l IH n s k IY	kalinske/kalinski/kolinski	3
k AH l IY	culley/cully/kully	3
k AH m	come/cum/kumm	3
k AH m IH n s k IY	cominsky/kaminski/kaminsky	3
k AH m IH t IY z	committee's/committees/committees'	3
k AH m b IY	cumbee/cumbie/cumby	3
k AH m p AH n IY z	companies/companies'/company's	3
k AH m p j UW t ER z	computer's/computers/computers'	3
k AH n	can(2)/kuhne/kun	3
k AH n EY d IY AH n z	canadian's/canadians/canadians'	3
k AH n s AH l t AH n t s	consultant's/consultants/consultants'	3
k AH n s ER n z	concern's/concerns/concerns'	3
k AH n s UW m ER z	consumer's/consumers/consumers'	3
k AH n t EY n ER z	container's/containers/containers'	3
k AH n t r IY z	countries/countries'/country's	3
k AH n z	kuns/kunz/kunze	3
k AH p AH l z	couple's/couples/cupples	3
k AH p s	cup's/cupps/cups	3
k AH s EH t	cassette/cosette/cossette	3
k AH s t AH m ER z	customer's/customers/customers'	3
k AH t s	cuts/cutts/kutz	3
k AO TH AH n	cauthen/cauthon/cawthon	3
k AO TH ER n	cauthorn/cawthorn/cawthorne	3
k AO d AH l	caudal(2)/caudill/caudle	3
k AO l ER	caller/collor(2)/color(2)	3
k AO l IY	callie/cauley/cawley	3
k AO r AH n	caughron/coren/koren	3
k AO r EH l	corel/corell/korell	3
k AO r IH k	choric/corrick/couric	3
k AO r IH n	corinn/corrin/currin	3
k AO r d z	chords/cordes/cords	3
k AO r n	corn/corne/korn	3
k AO r n ER	corner/koerner/korner	3
k AO r n IY	corney/cornie/corny	3
k AO r p ER EY SH AH n	corp(2)/corp.(2)/corporation	3
k AO r p s	corp's/corp.'s/corpse	3
k AO r s ER	coarser/corser/courser	3
k AO r t EH z	cortes/cortez/corteze	3
k AO r t r AY t	cortright/courtright/courtwright	3
k AO s	cos/coss/koss	3
k AW b OY z	cowboy's/cowboys/cowboys'	3
k AW l IH NG z	cowling's/cowlings/cowlings'	3
k AW n s AH l	council/counsel/counsell	3
k AW n s AH l ER	councilor/counsellor/counselor	3
k AW n s AH l ER z	councilors/counsellors/counselors	3
k AW r IY	khouri/khoury/koury	3
k AY k ER	keicher/kiker/kyker	3
k AY l	kile/kyl/kyle	3
k AY s ER	keiser/kyser/kysor	3
k AY t	kight/kite/kyte	3
k AY z	chi's/kise/kyes	3
k EH l IH h ER	keleher/kelleher/kelliher	3
k EH l v AH n	kelvan/kelven/kelvin	3
k EH n AH d IY z	kennedy's/kennedys/kennedys'	3
k EH n j AH n	kenyan/kenyen/kenyon	3
k EH r AH	cara/kara/kera	3
k EH r AH l AY n	caroline/carolyne(2)/karoline	3
k EH r AH t s	carats/carrots(2)/karatz	3
k EH r IY AH n	carrian/carrion/kerien	3
k EH r IY ER z	carrier's(2)/carriers'/carriers(2)	3
k EH r z	care's/cares/kehres	3
k EH s AH n	caisson(2)/kessen/kesten	3
k EH s l ER	keslar/kesler(2)/kessler	3
k ER IY	currey/currie/curry(2)	3
k ER IY z	curries/curry's(2)/currys(2)	3
k ER k	kirch/kirk/kurk	3
k ER k h AO f	kerkhoff/kirchhoff/kirchoff	3
k ER k m AH n	kerkman/kirchman/kirkman	3
k ER k n ER	kerchner/kirchner/kirkner	3
k ER l IH n	curlin/kerlin/kirlin	3
k ER n	kearn/kern/kirn	3
k ER n AH l z	colonel's/colonels/kernels	3
k ER n AH n	kernan/kernen/kirnan	3
k ER n IY	kearney/kearny/kerney	3
k ER s	curse/kearse/kerce	3
k ER s t	cursed/kerst/kirst	3
k EY OW	kao(2)/kayo/keio	3
k EY l IY	caley/kaley/kaylie	3
k EY m AH n	caman/cayman/kaman	3
k EY s	caisse/case/cayce	3
k EY s t AH l	castel/castell/kastel	3
k EY t AH n	cayton/katen/katyn(2)	3
k EY t s	cates/kate's/kates	3
k EY v AH n	cavan/caven/kavan	3
k IH NG z	king's/kings/kings'	3
k IH b AH l	kibbel/kibble/kibell	3
k IH b IY	kibbee/kibbey/kibby	3
k IH l m AH n	killman/killmon/kilman	3
k IH m	kim/kimm/kym	3
k IH m AH l	kimel/kimmel/kimmell	3
k IH m CH IY	kimche/kimchee/kimchi	3
k IH m b AH l	kimball/kimbel/kimble	3
k IH n IY	kinney/kinnie/kinny	3
k IH n z IY	kinsey/kinzey/kinzie	3
k IH r	kear/kier/kir	3
k IH t AH l	kittel/kittell/kittle	3
k IH t s	kits/kitts/kitz	3
k IY CH	keach/keech/keetch	3
k IY TH	keath/keeth/keith	3
k IY TH l IY	keathley/keithley/keithly	3
k IY g AA l IY	keegali/kigale/kigali	3
k IY g AA l IY z	keegali's/kigale's/kigali's	3
k IY n AH n	keenan/kenan/kienan	3
k IY n IY	keaney/keeney/keeny	3
k IY p ER	keeper/keiper/kieper	3
k IY t AH n	keaton/keeton/keyton	3
k IY t ER	keator/keeter/keiter	3
k IY t s	keats/keatts/keitz	3
k IY z l ER	keasler/keesler/kiesler	3
k IY z l IH NG	keasling/keesling/kiesling	3
k OW AH n	cohen/cowen(2)/kohen	3
k OW b IY	cobey/coby/koby	3
k OW d	coad/code/coed(2)	3
k OW l AH n	colan/colen/colon	3
k OW l s AH n	coalson/coleson(2)/colson	3
k OW l t ER	colter/coulter/kolter	3
k OW m	comb/combe/kolm	3
k OW s IY	cosi/koci/kosy	3
k OW s t	coast/coste/khost	3
k OW t	coat/cote/kote	3
k OW t s	coat's/coats/cotes	3
k OW z IY	cosey/cosy/cozy	3
k OY l	coil/coile/coyle	3
k UW IY	couey/kooi/kooy	3
k UW g l ER	coogler(2)/koogler/kugler(2)	3
k UW l	cool/coole/kool	3
k UW l IY	cooley/coolly/coulee	3
k UW l m AH n	coolman/kuhlman/kuhlmann	3
k UW m z	coombes(2)/coombs/coomes	3
k UW n t s	coontz/koonts/koontz	3
k UW p	coop/coupe/koop	3
k UW p ER	cooper/cowper(2)/kuiper	3
k UW p ER z	cooper's/coopers/kuipers	3
k UW p m AH n	coopman/koopman/koopmann	3
k UW p s	coupes/koop's/koops	3
k j UW l IH k	kulich/kulick/kulik	3
k l AA n t s	clonts/clontz/klontz	3
k l AA r	claar/clar/klar	3
k l AA r k s	clark's/clarke's/clarks	3
k l AA s AH n	claassen/closson/klaassen	3
k l AE m ER	clamor/clamour/klammer	3
k l AE n z	clans/klan's/klans	3
k l AE p	clap/clapp/klapp	3
k l AE s	class/klas/klass	3
k l AH m p	clump/klump/klumpp	3
k l AO d	claud/claude/clawed	3
k l AY AH n t s	client's/clients/clients'	3
k l EH m AH n	clemen/kleman/klemann	3
k l EY	clay/klay/kley	3
k l IH f	clif/cliff/cliffe	3
k l IH f s	cliff's/cliffs/cliffs'	3
k l IH m	clim/klim/klym	3
k l IH n t	clint/klindt/klint	3
k l IH n t AH n z	clinton's/clintons/clintons'	3
k l IH r	clear/cleere/kleer	3
k l IY v	cleave/cleve/kleve	3
k l OW z	close(2)/clothes(2)/klose	3
k l UW z	clews/clues/kloos	3
k r AA m	crom/krom/kromm	3
k r AA p	crop/cropp/kropp	3
k r AA t s	crotts/kraatz/krotz	3
k r AE f t	craft/krafft/kraft	3
k r AE f t s	craft's/crafts/kraft's	3
k r AE g	crag/cragg/kragh	3
k r AE k	crack/krack/kracke	3
k r AE m ER	crammer/kramar/krammer	3
k r AE m p	cramp/kramp/krampe	3
k r AE n d AH l	crandall/crandell/krandall	3
k r AE n z	crans/krans/kranz	3
k r AE s	crass/kras/krass	3
k r AH l	crull/krul/krull	3
k r AW t	crout/kraut/krout	3
k r AY ER	crier/cryer/krier	3
k r AY g ER	kreiger/kriger/kryger	3
k r AY m z	crime's/crimes/crymes	3
k r AY n ER	criner/kreiner/kriner	3
k r AY z	cries/crise/krise	3
k r EH p s	creps/krepps/kreps	3
k r EH s	cress/kress/kresse	3
k r EH s IY	cresci/cressey/cressy	3
k r EY	cray/kray/krey	3
k r EY n ER	craner/cranor/kraner	3
k r EY n z	crain's/crane's/cranes	3
k r IH b z	cribbs/cribs/kribs	3
k r IH m	crim/crimm/krim	3
k r IH m AH n AH l z	criminal's/criminals/criminals'	3
k r IH s CH AH n s AH n	christiansen/christianson/kristiansen	3
k r IH s m AH n	chrisman/crisman/crissman	3
k r IH s t	chryst/crist/krist	3
k r IH s t AH	christa/crista/krista	3
k r IH s t AH b EH l	christabelle/cristabel/cristobel	3
k r IH s t AH l z	crystal's/crystals/kristol's	3
k r IH s t IY AA n	christiaan/christiane/christianne	3
k r IH s t IY n AH	christina/cristina/kristina	3
k r IH t IH k s	critic's/critics/critics'	3
k r IY AH n z	korean's/koreans'(2)/koreans(2)	3
k r IY g	creagh/kreig/krieg	3
k r IY s IY	creasey/creasy/creecy	3
k r IY z	crees/kreis/kriese	3
k r OW EY SH AH n z	croatian's/croatians/croatians'	3
k r OW g ER z	kroeger's/kroegers/kroger's	3
k r OW k ER	croaker/croker/kroeker	3
k r OW n AH n	cronan/cronen/kronen	3
k r OY	croix/croy/kroy	3
k r UW z AH n	crusan/cruzan/cruzen	3
k r UW z ER	cruiser/cruser/kreuzer	3
k w AO NG	cuong/kwong/quang	3
k w EH s CH AH n z	question's/questions/questions'	3
k w EY l	quail/quale/quayle	3
k w IH l AH n	quillan/quillen/quillon	3
l AA k ER	laugher/locher/locker	3
l AA k l ER	locklair/locklar/locklear	3
l AA l IY	lolley/lolli/lolly	3
l AA m AH z	lama's/lamas/llamas	3
l AA r IY	lauri(2)/laurie(2)/lohrey	3
l AA r s AH n	larsen/larson/larsson	3
l AA t IY	lahti/lottie/lotty	3
l AA t OW	lato/lotto/lotto(2)	3
l AE b r AH t AO r IY z	laboratories/laboratories'/laboratory's	3
l AE b z	lab's/labs/labs'	3
l AE k	lac/lack/lak	3
l AE k s	lac's/lacks/lax	3
l AE l IY	lalley/lalli/lally	3
l AE m p	lamp/lampe/lampp	3
l AE n	lahn/lan/lann	3
l AE n AH	lana/lanna/llana	3
l AE n AH m	lanham/lannom/lanum	3
l AE n AH n	lannan/lannen/lannon	3
l AE n f IH r	lanphear/lanphere/lanphier	3
l AE p	lap/lapp/lappe	3
l AE p s	lapps/laps/lapse	3
l AH d k IY	ludcke/ludke/ludtke	3
l AH f EY b ER	lefeber/lefebre/lefebvre	3
l AH f EY v ER	lafavre/lefever/lefevre	3
l AH k	luck/lucke/luk	3
l AH k IY	luckey/luckie/lucky	3
l AH k r AO s	la-crosse/lacross/lacrosse	3
l AH m	lum/lumb/lumm	3
l AH n	luhn/lun/lunn	3
l AH p IH n s k IY	lapinski/lapinsky/lupinski	3
l AH v ER z	lover's/lovers/lovers'	3
l AH v z	love's/loves/luvs	3
l AH w IH n s k IY	lewinski(2)/lewinsky(2)/lowinsky	3
l AO j ER z	lawyer's/lawyers/lawyers'	3
l AO m EY k ER z	lawmaker's/lawmakers/lawmakers'	3
l AO r AH l z	laurel's/laurels/loral's	3
l AO r IY n	laureen/laurene/lorene	3
l AO r IY n OW	laureano/laurino/lorino	3
l AO r IY z	laurie's/lori's/lorries	3
l AO r d z	lord's/lords/lourdes	3
l AO r m AH n	lohrman/lohrmann/lorman	3
l AO z	law's/lawes/laws	3
l AW	lao/lau/lough	3
l AW m AH n	lauman/laumann/loughman	3
l AY d	lide/lied/lyde	3
l AY d AH n	leyden/liden/lyden	3
l AY k AH n z	lichens/likens/lykens	3
l AY l z	liles/lyle's/lyles	3
l AY m AH n	leiman/liman/lyman	3
l AY n	line/lyne/lysne	3
l AY n ER z	liner's/liners/liners'	3
l AY t AH l	lightle/litle/lytle	3
l AY t ER	leiter/lighter/lyter	3
l AY t m AH n	leitman/lighmtan/lightman	3
l AY t s	light's/lights/lites	3
l EH d AH n	leaden/ledden/ledonne	3
l EH f l ER	leffler/lefler/leflore	3
l EH g	leg/legg/legge	3
l EH g IH t	leget/leggett/leggitt	3
l EH g z	l'eggs/leg's/legs	3
l EH k	lech/leck/lek	3
l EH k l ER	lechler/leclair/leclere	3
l EH m AH n z	lemans/lemmons/lemons	3
l EH m ER	lehmer/lemere/lemmer	3
l EH n	lehn/lehne/len	3
l EH n d ER z	lender's/lenders/lenders'	3
l EH n t IY n IY	lentine/lentini/leontine	3
l EH n t s	lents/lentz/lentzsch	3
l EH p ER	leper/lepper/lepre	3
l EH p ER d	leopard/lepard/leppard	3
l EH r	lair/lare/lehr	3
l EH r m AH n	lehrman/lehrmann/lerman	3
l EH s l IY	lesley/leslie/lessley	3
l EH v IH t s	levitt's/levitte's/levitz	3
l EH v IY z	levees/levies/levy's	3
l ER EH t	lerette/lirette/lurette	3
l ER UW	laroux/larue/leroux	3
l EY b ER	laber/labor/labour	3
l EY d IY z	ladies/ladies'/lady's	3
l EY k s	lake's/lakes/lakes'	3
l EY m IY	lamey/lamie/lamy	3
l EY n z	lane's/lanes/llanes	3
l EY z ER	laser/lazar/lazer	3
l IH d IH k	liddick/lydic/lydick	3
l IH k ER	licker/liqueur/liquor	3
l IH l	lil/lill/lille	3
l IH l IY z	lilies/lilly's/lily's	3
l IH m	lim/limb/limn	3
l IH m IH t IH d	limited(2)/ltd/ltd.	3
l IH n s k IY	linskey/linsky/lynskey	3
l IH n z	lins/linz/lynn's	3
l IH n z IY	linsey/linzey/linzy	3
l IH p	lip/lipp/lippe	3
l IH p m AH n	lipman/lippman/lippmann	3
l IH p s	lipps/lips/lips'	3
l IH s IY	lissie/lissy/lyssy	3
l IH t AH l	littell/little/lyttle	3
l IH t AH n	litten/litton/lytton	3
l IH t ER AH l	literal/litteral/littoral	3
l IH t m AH n	litman/littman/littmann	3
l IH t s	lits/litts/litz	3
l IH z IY	lizhi/lizzie/lizzy	3
l IY CH IH z	leach's/leaches/leeches	3
l IY TH	leath/leeth/leith	3
l IY b m AH n	leibman/liebman/liebmann	3
l IY d ER	leader/leeder/lieder	3
l IY d ER z	leader's/leaders/leaders'	3
l IY f	leaf/leif/lief	3
l IY g z	league's/leagues/leagues'	3
l IY l IY AH	lealia/leilia/lilia	3
l IY m IH NG	leaming/leeming/leming	3
l IY n z	leans/leins/liens	3
l IY p	leap/leep/lepe	3
l IY s ER	leaser/leeser/lieser	3
l IY t	leet/leete/leite	3
l IY v ER	leaver/leever/lever(2)	3
l OW IY	loewy/lowey/lowy	3
l OW d ER	loader/loder/lowder	3
l OY d z	lloyd's/lloyds/lloyds'	3
l UH r IH NG	luehring/luhring/luring	3
l UH r z	luehrs/luhrs/lures	3
l UW AH n	leeuwen/lewan/luane	3
l UW IH s IH z	lewis's/louis'(3)/louis's	3
l UW k AH	luca/lucca/luka	3
l UW k AH s	lucas/lucas'/lucus	3
l UW k r IY SH AH	lucrecia/lucretia/lucrezia	3
l UW t AH n	lewton/luten/luton	3
l UW t ER	lewter/looter/luter	3
m AA b z	mob's/mobbs/mobs	3
m AA d AH l z	model's/models/models'	3
m AA l	mahl/moll/molle	3
m AA l OW	mallo/malo/mollo	3
m AA m	malm/mam/mom	3
m AA m AH	mama/mamma/momma	3
m AA m UW d	mahmood(2)/mahmoud(2)/mahmud(2)	3
m AA n	mohn/mon(2)/monn	3
m AA r JH ER IY	margery/marjorie/marjory	3
m AA r OW	maro/marro/morrow	3
m AA r SH	marche/marsch/marsh	3
m AA r SH AH l d	marshaled/marshalled/martialed	3
m AA r g OW	margaux/margo/margot	3
m AA r k AH l	markel/markell/markle	3
m AA r k AH n	marcon/markan/marken	3
m AA r k AH s	marcus/markkas/markus	3
m AA r k AH t ER z	marketer's/marketers/marketers'	3
m AA r k AH v IH CH	markiewicz/markovich/markowicz	3
m AA r k OW s IH z	marcos'(2)/marcoses/marcoses'	3
m AA r k m AH n	marchman/marcmann/markman	3
m AA r l AH n	marlen/marlin/marlon	3
m AA r l AH n z	marlens/marlins/marlins'	3
m AA r l IY n	marleen/marleene/marlene	3
m AA r l OW	marlo/marlow/marlowe	3
m AA r s EH k AH	marceca/marseca/marseka	3
m AA r s IY	marci/marcy/marsee	3
m AA r s OW	marceau/marceaux/marso	3
m AA r t	mahrt/mart/marte	3
m AA r t AH n	marten/martin/marton	3
m AA r t EH l	martel/martell/martelle	3
m AA r t IY	marti/martie/marty	3
m AA r t s	mart's/marts/martz	3
m AA s IY	masi/mosie/mossey	3
m AA t ER	mahtar/mater/motter	3
m AA t OW	mato/moto(2)/motto	3
m AE CH	mache/match/matsch	3
m AE NG k	mahnke/mank/manke	3
m AE TH IH s	mathes/mathis/matthis	3
m AE TH IY z	mathies/matthies/matthys	3
m AE TH j UW	mathew/mathieu/matthew	3
m AE TH j UW z	mathews/matthew's/matthews	3
m AE d AH k	maddock/madoc/madock	3
m AE d AH k s	maddocks/maddox/maddux	3
m AE d ER	madar/madder/madere	3
m AE g AH z IY n z	magazine's/magazines/magazines'	3
m AE g n AH s AH n	magnuson/magnussen/magnusson	3
m AE k AH b IY	maccabee/mcabee(2)/mccabe(2)	3
m AE k AH l h EY n IY	mcelhaney/mcelhany/mcelheney	3
m AE k AH l h IH n IY	mcelhiney/mcelhinney/mcelhinny	3
m AE k AH l r AE TH	mcelrath/mcelreath/mcilrath	3
m AE k AH n t AY r	macintyre/mcentire/mcentyre	3
m AE k IY	macchi/mackey/mackie	3
m AE l k AH m	malcolm/malcom/malcomb	3
m AE m UW d	mahmood/mahmoud/mahmud	3
m AE n IH JH m AH n t s	management's/managements/managements'	3
m AE n d IY	mandi/mandie/mandy	3
m AE n s ER	manser/mansour/mansur	3
m AE s	mass/mass./masse	3
m AE s ER	massar/masser/masur	3
m AE s t ER z	master's/masters/masters'	3
m AE t	mat/matt/matte	3
m AE v ER IH k s	maverick's/mavericks/maverix	3
m AH CH	much/mutch/mutsch	3
m AH g AA n AH g AH l	mcgonagle/mcgonigal/mcgonigle	3
m AH g AH f IY	mcguffee/mcguffey/mcguffie	3
m AH g AO	mcgagh/mcgaugh/mcgaw	3
m AH g AW AH n	macgowan/mcgowan/mcgowen	3
m AH k AA n AH l	macconnell/mcconnel/mcconnell	3
m AH k AA r d AH l	mcardle/mccardell/mccardle	3
m AH k AA r t AH n	mccartan/mccarten/mccartin	3
m AH k AE f IY	mcafee(2)/mcaffee(2)/mchaffie	3
m AH k AH CH AH n	mccutchan/mccutchen/mccutcheon	3
m AH k AO r k AH l	mccorkel/mccorkell/mccorkle	3
m AH k AO r m AH k	maccormack/mccormac/mccormack	3
m AH k AW AH n	mccowan/mccowen/mckowen	3
m AH k EH l ER	mackellar/mckellar/mckeller	3
m AH k EH n d r IY	mcendree/mckendree/mckendry	3
m AH k EY	mackay/mccay/mckay	3
m AH k IH b AH n	mckibben/mckibbin/mckibbon	3
m AH k IH n l IY	mackinley/mckinlay/mckinley	3
m AH k b EH TH	macbeth/mcbeath/mcbeth	3
m AH k b r AY d	macbride/mcbride/mcbryde	3
m AH k d AA n AH l d z	macdonald's/mcdonald's/mcdonalds	3
m AH k d AH f IY	mcduffee/mcduffie/mcduffy	3
m AH k d AW AH l	macdowell/mcdowall/mcdowell	3
m AH k d UW g AH l z	mcdougal's/mcdougals/mcdougals'	3
m AH k f AO l	mcfall/mcfaul/mcphaul	3
m AH k f ER s AH n	macpherson/mcphearson/mcpherson	3
m AH k j UW n	mccuen/mccune/mckune	3
m AH k l AE CH IY	mcclatchey/mcclatchy/mcklatchy	3
m AH k l AE f ER t IY	mcclafferty/mcclaugherty/mclafferty	3
m AH k l EH l AH n d	mcclelland/mcleland/mclelland	3
m AH k l EH r AH n	maclaren/mclaren/mclerran	3
m AH k l EY	maclay/mcclay/mclay	3
m AH k l IH r IY	mccleary/mccleery/mcleary	3
m AH k l UW r	mccluer/mcclure/mclure	3
m AH k m AE n	macmahon/mcmahon(2)/mcmann	3
m AH k m AE n AH s	mcmanis/mcmannis/mcmanus	3
m AH k m AH l AH n	macmullen/mcmullan/mcmullin	3
m AH k m ER IY	macmurray/mcmurrey/mcmurry	3
m AH k n AE b	macnab/mcnab/mcnabb	3
m AH k n IY s	mcneece/mcneese/mcneice	3
m AH k p IY k	mcpeak/mcpeake/mcpeek	3
m AH k r AE n IY	mccraney/mcrainey/mcraney	3
m AH k r AO r IY	mccrorey/mccrory/mcrorie	3
m AH k r AY t	mccright/mcright/mcwright	3
m AH k r IY	mccree/mckree/mcree	3
m AH k v EY	mcvay/mcveigh/mcvey	3
m AH k v IH k ER	macvicar/mcvicar/mcvicker	3
m AH k w EY d	mcquade/mcquaid/mcquaide	3
m AH k w IH l AH n	mcquillan/mcquillen/mcquillin	3
m AH l AH n	mullan/mullane/mullen	3
m AH n IY z	money's/moneys/monies	3
m AH n r OW	monroe/munro/munroe	3
m AH n z	munns/muns/munz	3
m AH s AH l	muscle/mussel/mussell	3
m AO NG	hmong/maung/mong	3
m AO d	maud/maude/mod	3
m AO r AH	maura/mora/morra	3
m AO r AH s	maurus/morris/morris'	3
m AO r ER	maurer/mourer/mowrer	3
m AO r IH NG	moehring/mohring/moring	3
m AO r IH t s	mauritz/moretz/moritz	3
m AO r IY AH	morea/moria/moriya	3
m AO r IY n IY	maurine/morine/morini	3
m AO r g AH n	morgan/morgen/morgun	3
m AO r z	moore's(2)/mor's/morze	3
m AO s	mauss/mos/moss	3
m AY k AH	majka/mica/micah	3
m AY k AH l	michael/micheal/michel(3)	3
m AY n h AA r t	meinhardt/meinhart/minehart	3
m AY n z	mine's/mines/mines'	3
m AY r	meir(2)/mire/myre	3
m EH d AH l	medal/meddle/medel	3
m EH h IH t AH b AH l	mehitabel/mehitabel(2)/mehitabelle	3
m EH l AH n	mellen/mellon/melon	3
m EH l AH n z	mellon's/mellons/melons	3
m EH l IH NG	mehling/meling/melling	3
m EH l OW	mello/mellow/melo	3
m EH l m AH n	mehlman/mellman/melman	3
m EH l n IH k	melnick/melnik/melnyk	3
m EH m b ER z	member's/members/members'	3
m EH n	men/menn/menne	3
m EH n d AH l s AH n	mendelsohn/mendelson/mendelssohn	3
m EH r IH d IH TH	meredith/merideth/meridith	3
m EH r IH t s	maritz/merits(2)/merritts	3
m EH r IY AE n	marianne/maryann/maryanne	3
m EH r IY AH n	marian/marion/merion	3
m EH t AH l z	metal's/metals/metals'	3
m ER	mer(2)/murr/myrrh	3
m ER CH AH n t s	merchant's/merchants/merchants'	3
m ER IY n z	marine's/marines/marines'	3
m ER OW n IY	maroney/moroney/moroni	3
m ER d AA k s	murdoch's/murdock's/murdocks	3
m ER s EY d IY z	mercedes/mercedes's/mercedeses(2)	3
m ER t AH l	mertle/mirtle/myrtle	3
m ER t AH n	merten/merton/murton	3
m ER t IY	mirti/mirti(2)/murty	3
m EY JH ER z	major's/majors/majors'	3
m EY b IY	mabey/maybe/maybee	3
m EY d	made/maid/mayde	3
m EY d AH	maida/mayda/meda	3
m EY d IY	madey/mady/maidie	3
m EY d z	maid's/maids/maids'	3
m EY g AH n	magan/megan/meighan	3
m EY k ER z	maker's/makers/makers'	3
m EY m	maim/mame/mayme	3
m IH CH	mich/mitch/mitsch	3
m IH CH AH l z	michals/michel's(2)/mitchell's	3
m IH NG k	minc/mink/minke	3
m IH SH EH l	michel/michele/michelle	3
m IH SH EH l z	michel's/michelle's/michels	3
m IH SH OW	michaud/michaux/micheaux	3
m IH k AH l z	mickels/mickles/mikels	3
m IH l	mil/mill/mille	3
m IH l AH m	milam/milem/milum	3
m IH l h AW s	milhous/milhouse/millhouse	3
m IH l k AH n z	milken's/milkens/milkens'	3
m IH m z	mimbs/mimms/mims	3
m IH n	mihn/min/minh	3
m IH n AH t s	minute's/minutes/minutes'	3
m IH n ER AH l z	mineral's/minerals/minerals'	3
m IH n IH s t ER z	minister's/ministers'/ministers(2)	3
m IH n OW	mineau/minnow/minow	3
m IH n r AH l z	mineral's(2)/minerals'(2)/minerals(2)	3
m IH n t s	mint's/mints/mintz	3
m IH s AH l	missal/missel/missile	3
m IH s AH l z	missile's/missiles/missiles'	3
m IH s IY	missey/missie/missy	3
m IH s t	midst(2)/missed/mist	3
m IH s t ER	mister/mr/mr.	3
m IH t AH n	mittan/mitten/mitton	3
m IY CH AH m	meacham/meachum/meecham	3
m IY d z	mead's/meads/medes	3
m IY l ER	mealer/mealor/meeler	3
m IY t	meat/meet/mete	3
m IY t IY	meaty/miti(2)/miti(3)	3
m IY t s	meats/meets/meitz	3
m IY z	mease/mees/meis	3
m OW b AH l z	mobil's/mobile's/mobiles	3
m OW d IY	modi/mody/mowdy	3
m OW g AH l	mogel/mogle/mogul	3
m OW k	moacq/moak/moke	3
m OW k AH	moca/mocha/moka	3
m OW l ER	moeller/mohler/moler	3
m OW l t AH n	molten/molton/moulton	3
m OW s AH l	mosel/mosle/mosul	3
m OW t ER z	motor's/motors/motors'	3
m OW z ER	moeser/moser/mozer	3
m OW z l IY	moseley/mosely/mosley	3
m UH r	moor/moore/muhr	3
m UH r z	moore's/moores/moors	3
m UW	moo/moue/mu	3
m j UW z	meuse/mewes/muse	3
m j UW z IH SH AH n z	musician's/musicians/musicians'	3
m j UW z IY AH m z	museum's/museums/museums(2)	3
n AA	na/nah/naw	3
n AA b IY	knobby/nabi/nabil	3
n AA t s IY z	nazi's/nazis/nazis'	3
n AE k	knack/nack/nacke	3
n AE n IY	nanney/nanni/nanny	3
n AE p	knapp/nap/napp	3
n AE t AH l IY	natalie/nathalie/nattily	3
n AH t AH l	nuttal/nuttall/nuttle	3
n AH v IH t s k IY	novicki/novitski/novitsky	3
n AO f	knauf/knauff/knoff	3
n AO r	knorr/nohr/nor	3
n AO r d	nord/nored/norred	3
n AO r v AH l	norvel/norvell/norvil	3
n AO z	gnaws/knaus/naus	3
n AY	nie(2)/nigh/nye	3
n AY l AH n d	niland/nyland/nylund	3
n AY n t IY z	nineties/nineties'/ninety's	3
n AY n z	neyens/nine's/nines	3
n AY s	gneiss/nice/nyce	3
n AY t	knight/night/nite	3
n AY z	knies/nies/nuys	3
n EH k s	necks/nex/next(2)	3
n EH l IY	nelli/nellie/nelly	3
n EH l z	nehls/nelles/nels	3
n EH r	knerr/nair/ne'er	3
n EH s	kness/nes/ness	3
n EH s l ER	nesler(2)/nessler/nestler(2)	3
n EH t w ER k s	network's/networks/networks'	3
n ER s IH z	nurse's/nurses'(2)/nurses(2)	3
n EY SH AH n z	nation's/nations/nations'	3
n EY b ER	naber/neighbor/neighbour	3
n EY l	nail/naill/nale	3
n IH k AH l AH s	nicholas/nicholas'/nicolas	3
n IH k AH m	niccum/nickum/nycum	3
n IH k OW l	nichole/nicole/nicolle	3
n IH l	knill/nil/nill	3
n IH l s AH n	nilsen/nilson/nilsson	3
n IH p	knipp/nip/nipp	3
n IY d AH l	nedel/needle/neidl	3
n IY f	knief/naef/neef	3
n IY k OW z	neco's/nikko's/niko's	3
n IY l d	neeld/neild/nield	3
n IY s AH n	neeson/nessen/niesen	3
n OW AH	noa/noaa/noah	3
n OW d	knode/knowed/node	3
n OW m	gnome/noam/nome	3
n OW t s	note's/notes/notes'	3
n OW v IY	novey/novi/novy	3
n UW b EH r IY	newberry/newbery/newbury	3
n UW b ER n	new-bern/newbern/newburn	3
n UW l AH n	newlan/newlon/newlun	3
n UW z AH m	newsom/newsum/nuzum	3
n UW z p EY p ER z	newspaper's/newspapers/newspapers'	3
p AA l AH s IY h OW l d ER z	policyholder's/policyholders/policyholders'	3
p AA l AH t IH SH AH n z	politician's/politicians/politicians'	3
p AA l IH t	pollet/pollett/pollitt	3
p AA l IY	polley/polly/poly	3
p AA r	paar/par/parr	3
p AA r d IY	pardee/pardi/pardy	3
p AA r k	parc/park/parke	3
p AA r l ER	parler/parlor/parlour	3
p AA r t IY	partee/parti/party	3
p AA r t n ER SH IH p s	partnership's/partnerships/partnerships'	3
p AA r t n ER z	partner's/partners/partners'	3
p AA r t s	part's/parts/parts'	3
p AA t s	pot's/pots/potts	3
p AE JH IH t	padget/padgett/padgitt	3
p AE n AH l z	panel's/panels/panels'	3
p AE n IH k	panek/panic/panik	3
p AE n TH ER z	panther's/panthers/panthers'	3
p AE s AH n JH ER z	passenger's/passengers/passengers'	3
p AE s k	pasch/pask/pasque	3
p AE s t ER	paster/pastor/pasztor	3
p AE t AH n z	patons/patten's/patton's	3
p AE t s	pat's/pats/patz	3
p AH b l IH SH ER z	publisher's/publishers/publishers'	3
p AH b l IH k EY SH AH n z	publication's/publications/publications'	3
p AH b l IH k s	public's/publics/publix	3
p AH l AE n s k IY	palansky/polanski/polansky	3
p AO l IH k	paulick/paulik/pawlik	3
p AO r t s	port's/ports/portz	3
p AO r z	poors(2)/pores/pours	3
p AW ER z	power's/powers/powers'	3
p AW l s AH n	paulsen/poulsen/poulson	3
p AW n d z	lbs/pound's/pounds	3
p AW t ER	pouter/poutre/powter	3
p AY AH t	piatt/pyatt/pyeatt	3
p AY f ER	peifer/peiffer/pifer	3
p AY l z	piles/pyle's/pyles	3
p AY p l AY n z	pipeline's/pipelines/pipelines'	3
p EH d AH l d	pedaled/pedalled/peddled	3
p EH l	pehl/pell/pelle	3
p EH l z	pell's/pels/pelz	3
p EH n	pen/penh/penn	3
p EH n IY	penney/pennie/penny	3
p EH n IY z	penney's/pennies/penny's	3
p EH r	pair/pare/pear	3
p EH r AH n t s	parent's/parents/parents'	3
p EH r EH z	peres/peres'/perez	3
p EH r IH SH	parish(2)/parrish/perish	3
p EH r IH s	paris/paris'/parris	3
p EH r z	pairs/pares/pears	3
p EH t ER	petr/petre/petter	3
p EH t ER s AH n	pettersen/petterson/pettersson(2)	3
p EH t r IH k	petrich/petrick/petrik	3
p EH t s	pet's/pets/petz	3
p EH t w EY	petteway/pettway/petway	3
p ER CH AH s ER z	purchaser's/purchasers/purchasers'	3
p ER EH r AH	pereira/perera/pereyra	3
p ER d AH k SH AH n z	production's(3)/productions'(3)/productions(3)	3
p ER d AH m	purdham/purdom/purdum	3
p ER d UW	perdew/perdue/purdue	3
p ER k	perc/perk/purk	3
p ER k AH l	percle/pirkl/pirkle	3
p ER l s t AY n	pearlstein/pearlstine/perlstein	3
p ER r IH t	perret/perrett/perritt	3
p ER r OW	perreault/perro/perrow	3
p ER s AH l	persall/pursel/pursell	3
p ER t	peart/pert/purt	3
p ER t AH l	pirtle/purtell/purtle	3
p EY	pay/paye/pei	3
p EY ER z	payer's/payers/payers'	3
p EY SH AH n t s	patient's/patients/patients'	3
p EY k OW	paco/payco/peco	3
p EY l	pail/paille/pale	3
p EY p ER z	paper's/papers/papers'	3
p EY t AH n	paighton/payton/peyton	3
p IH CH	piche/pitch/pitsch	3
p IH k	pic/pick/pik	3
p IH k CH ER z	picture's/pictures/pictures'	3
p IH k ER AH l	pickeral/pickerel/pickerell	3
p IH l z	pill's/pills/pilz	3
p IH r OW	pierro/piro/pirro	3
p IH r s	pearce/peirce/pierce	3
p IH r s AH n	pearson/peerson/pierson	3
p IY CH	peach/piech/pietsch	3
p IY k IH NG	peaking/peeking/peking	3
p IY k t	peaked/peeked/piqued	3
p IY r IY	peary/peery/pieri	3
p IY s	peace/pease(2)/piece	3
p IY t ER s AH n	petersen/peterson/pettersson	3
p OW	po/poe/poh	3
p OW z	poe's/pose/pows	3
p OW z ER	poser/poseur/poseur(2)	3
p UW l	pool/poole/poul	3
p j UW	peugh/pew/pugh	3
p j UW z	pews/pugh's/pughs	3
p l AA t s	plots/plotts/plotz	3
p l AE k	plack/placke/plaque	3
p l AE k s	plack's/plaques/plax	3
p l AE n ER z	planner's/planners/planners'	3
p l AE n z	plan's/plans/plans'	3
p l AE s	plas/plass/plasse	3
p l EY ER z	player's/players/players'	3
p l EY n ER	plainer/planar/planer	3
p l EY n IH f s	plaintiff's(2)/plaintiffs'(2)/plaintiffs(2)	3
p l EY n t IH f s	plaintiff's/plaintiffs/plaintiffs'	3
p l IY z	pleas/please/plese	3
p r AA k t ER	prockter/procter/proctor	3
p r AH d AH k SH AH n z	production's(2)/productions/productions'	3
p r AH d UW s ER z	producer's/producers/producers'	3
p r AH f EH s ER z	professor's/professors/professors'	3
p r AY d	pride/pried/pryde	3
p r AY s	preiss/price/pryce	3
p r EH d AH s EH s ER z	predecessor's/predecessors/predecessors'	3
p r EH m IH r z	premier's/premieres/premiers	3
p r EH s	press/press'/presse	3
p r EH s l ER	presler(2)/pressler/preszler	3
p r EH s l IY	presley/pressley/pressly	3
p r EH s n AH l	presnall/presnell/pressnell	3
p r EH z IH d AH n t s	president's/presidents'/presidents(2)	3
p r EY z	praise/prays/preys	3
p r IH n s AH p AH l z	principal's/principals/principles	3
p r IH z AH n ER z	prisoner's/prisoners/prisoners'	3
p r IH z n ER z	prisoner's(2)/prisoners'(2)/prisoners(2)	3
p r OW d AH k SH AH n z	production's/productions'(2)/productions(2)	3
p r OW g r AE m z	program's/programs/programs'	3
p r OW t EH s t ER z	protesters/protesters'/protestors	3
r AA b AH n s AH n z	robinson's/robinsons/robinsons'	3
r AA b AH n z	robin's/robins/robins'	3
r AA b ER t s	robert's/roberts/roberts'	3
r AA b IH SH OW	robichaud/robichaux/robicheaux	3
r AA b IH n	robbin/robin(2)/robyn	3
r AA b IY	rabi/robbie/robby	3
r AA d	raad/rod/rodd	3
r AA k s	rock's/rocks/rox	3
r AA l IH s AH n	rolison/rollison/rollyson	3
r AA m	rahm(2)/rom/romm	3
r AA n IY	rani/ronnie/ronny	3
r AA n d AH	randa/rhonda/ronda	3
r AA s	ross/ross'/rosse	3
r AA t m AH n	rotman/rottman/rottmann	3
r AA t s	raatz/rots/rotz	3
r AE NG k	ranck/rank/ranke	3
r AE SH	rasch/rasche/rash	3
r AE f AH l	raffel/raffle/raphel	3
r AE g	rag/rague(2)/wragg	3
r AE k	rack/rak/wrack	3
r AE m	rahm/ram/ramm	3
r AE m b OW	rambeau(2)/rambo/rambow	3
r AE m s IY z	ramesses(2)/ramses/ramseys(2)	3
r AE m z IY	ramsay/ramsey/ramzi	3
r AE p t	rapped/rapt/wrapped	3
r AE t l IH f	rateliff/ratliff/ratliffe	3
r AH NG k	ruhnke/runck/runk	3
r AH NG k AH l	runckel/runkel/runkle	3
r AH SH	rusch/rusche/rush	3
r AH SH AH n z	russian's/russians/russians'	3
r AH d AH l	ruddell/ruddle/rudell	3
r AH f	rough/ruf/ruff	3
r AH f ER	refer/rougher/ruffer	3
r AH n d AH l	rundall/rundell/rundle	3
r AH n j AH n	runnion/runyan/runyon	3
r AH s	rus/russ/russe	3
r AH s AH l	russel/russell/rustle	3
r AH t g ER z	rutger's/rutgers/rutgers'	3
r AH t s	ruts/rutts/rutz	3
r AO l	rall/raul/rawl	3
r AO l IY	raleigh/rawley/rollie(2)	3
r AO l z	ralls/rawles/rawls	3
r AO r	roar/roehr/rohr	3
r AO r ER	rhorer/rohrer/rorer	3
r AO r IH k	roehrich/rohrich/rorick	3
r AO r z	roars/roehrs/rohrs	3
r AY	rye/wry/wrye	3
r AY d ER z	rider's/riders/ryder's	3
r AY k	reich/reiche/rike	3
r AY k AH l	reichel/reichl/reichle	3
r AY k ER	reicher/riker/ryker	3
r AY l z	rials/riles/ryles	3
r AY m AH n	reiman/reimann/ryman	3
r AY s	reiss/rice/wrice	3
r AY t ER z	writer's/writers/writers'	3
r AY v AH l z	rival's/rivals/rivals'	3
r AY z ER	riser/rizer/rizor	3
r EH b AH l z	rebel's/rebels/rebels'	3
r EH d AH l	reddell/redel/redell	3
r EH d AY z	red-eye's/red-eyes/redeyes	3
r EH d IH NG ER	readinger/reddinger/redinger	3
r EH d IH k	reddick/redic/redick	3
r EH d IY	ready/reddy/redi	3
r EH f	ref/reff/reph	3
r EH g j AH l EY t ER z	regulator's/regulators/regulators'	3
r EH k ER d z	record's/records'/records(2)	3
r EH k s r OW d	rexroad/rexrode/rexrodt	3
r EH m IY	remi/remmy/remy	3
r EH n CH	rench/rentsch/wrench	3
r EH s t ER AA n t s	restaurant's/restaurants/restaurants'	3
r EH s t r AA n t s	restaurant's(2)/restaurants'(2)/restaurants(2)	3
r EH z IH d AH n t s	resident's/residents/residents'	3
r EH z n IH k	resnick/reznick/reznik	3
r EY d ER z	raider's/raiders/raiders'	3
r EY g AH n z	reagan's/reagans/reagans'	3
r EY l IY	railey/reiley/reilley	3
r EY l r OW d z	railroad's/railroads/railroads'	3
r EY m AH n	raman/rayman/reyman	3
r EY m AH n d	raimond/raymond/raymund	3
r EY m ER	raimer/ramer/raymer	3
r EY m OW	raimo/ramo/raymo	3
r EY n ER	rainer/rayner/raynor	3
r EY n IH NG	raining/reigning/reining	3
r EY n JH ER z	ranger's/rangers/rangers'	3
r EY n d	rained/reigned/reined	3
r EY t	rait/raitt/rate	3
r EY z ER z	raisers/razor's/razors	3
r IH CH	rich/riche/ritch	3
r IH CH ER d z	richard's/richards/richards'	3
r IH NG	ring/ringe/wring	3
r IH NG k	rinck/rink/rinke	3
r IH d AH l	riddell/riddle/rydell	3
r IH f AY n ER z	refiner's/refiners/refiners'	3
r IH g z b IY	riggsbee/rigsbee/rigsby	3
r IH k	ric/rick/ricke	3
r IH k AH l z	rickels/rickles/rickles'	3
r IH k s	rick's/ricks/rix	3
r IH n OW	renaud/reneau/ryno	3
r IH n t EH l z	rintel's/rintels/rintels'	3
r IH p	rip/ripp/rippe	3
r IH p AO r t ER z	reporter's/reporters/reporters'	3
r IH p AO r t s	report's(2)/reports/reports'	3
r IH p IY	rippee/rippey/rippy	3
r IH r d AH n	rearden/reardon/riordan	3
r IH s	riss/risse/rys	3
r IH s IH p IY AH n t s	recipient's/recipients/recipients'	3
r IH s k	risc/risk/riske	3
r IH z AO r t s	resort's/resorts/resorts'	3
r IY AA d	riad/riyad/riyadh(2)	3
r IY b AH	reba/rebbe/riba	3
r IY b z	reeb's/reebs/reebs'	3
r IY d IY	reedy/reidy/riedy	3
r IY g AH n	reagan(2)/reagen/regan	3
r IY g AH n z	reagan's(2)/reagans'(2)/regan's	3
r IY g ER	reagor/reger/rieger	3
r IY k ER	recur(2)/reker/rieker	3
r IY m ER	reamer/remer/riemer	3
r IY m z	reames/reams/reims	3
r IY n IY	reaney/reny/rini	3
r IY p	reap/reep/riepe	3
r IY p AH b l IH k AH n z	republican's/republicans'(2)/republicans(3)	3
r IY p AO r t s	report's/reports'(2)/reports(2)	3
r IY s ER CH ER z	reseachers/researchers/researchers'	3
r IY s JH OW n z	reesjones/reesjones'/rhys-jones	3
r IY t EY l ER z	retailer's/retailers/retailers'	3
r IY t s	raetz/reetz/rietz	3
r OW AH n	rohan/rowan/rowen	3
r OW CH	roach/roache/roche	3
r OW b AH k	robak/robuck/roebuck	3
r OW b AH l	robel/roble/wrobel	3
r OW b IY	robey/robie/roby	3
r OW d AH	rhoda/roda/rohde(2)	3
r OW d AH n	rhoden/roden/rowden	3
r OW k AH	roca/rocha/roka	3
r OW l AH n	rolan/rolen/rolon	3
r OW l AH n d z	rolland's/rowland's/rowlands	3
r OW l EH t	rolette/rollet/rowlette	3
r OW l f s	rohlfs/rolfes/rolfs	3
r OW m AH n	rohman/roman/romann	3
r OW m ER	roemer/rohmer/romer	3
r OW m z	roams/rome's/romes	3
r OW n AH	roanna/rona/wrona	3
r OW t	roat/rote/wrote	3
r OW z IY	rosey/rosie/rosy	3
r OY	roi/roy/roye	3
r OY AH l z	royal's/royals/royals'	3
r UW TH AE n	ruth-ann/ruth-anne/ruthann	3
r UW d IY z	rudi's/rudis/rudy's	3
r UW m ER	rumer/rumor/rumour	3
r UW s EH l	roussel/roussell/rousselle	3
r UW s t	reust/roost/ruest	3
r UW t s	roots/routes/ruetz	3
s AA b AH t IY s t AH z	sabatista's/sabatistas/sabatistas'	3
s AA k s	sachs(2)/socks/sox	3
s AA l AA z	salas/salaz/sallas	3
s AA n	sohn/sonn/sonne	3
s AA r IY	saari/sari/sorry	3
s AA v r AH n z	sovereigns/sovran's/sovrans	3
s AE NG k SH AH n z	sanction's/sanctions/sanctions'	3
s AE f r AH n	saffran/saffron/safran	3
s AE k	sac/sack/sak	3
s AE m AH n	salman/salmon/sammon	3
s AE m AH n z	salmans/salmons/sammons	3
s AE m IY	sami/sammie/sammy	3
s AE m z	sam's/samms/sams	3
s AE n d IY	sandi/sandie/sandy	3
s AE n d OW z	sandos/sandose/sandoz	3
s AE n z	sannes/sans/sanz	3
s AE s	sas/sass/sasse	3
s AH b s IH d IY EH r IY z	subsidiaries/subsidiaries'/subsidiary's	3
s AH b s k r AY b ER z	subscriber's/subscribers/subscribers'	3
s AH k	suc/suck/suk	3
s AH l IY n	celine/saline/selene	3
s AH l IY n AH s	salinas/salinas'/selinas(2)	3
s AH n d EY z	sundae's/sunday's/sundays	3
s AH p l AY ER z	supplier's/suppliers/suppliers'	3
s AO d IY	saudi/sawdey/sawdy	3
s AO l s b EH r IY	salsberry/saulsberry/saulsbury	3
s AO l t ER	psalter/salter/saulter	3
s AO l t ER z	psalters/salter's/salters	3
s AO l t s b ER g	saltzburg/salzberg(2)/salzburg(2)	3
s AO l z	salls/salz/sauls	3
s AO r d	soard/soared/sword	3
s AO z	saus/sause/saws	3
s AW	sao/sow/tsao(2)	3
s AW ER z	sauers/souers/sours	3
s AY AH n s IH z	science's/sciences'/sciences(2)	3
s AY AH n t IH s t s	scientist's/scientists/scientists'	3
s AY d ER	cider/seider/sider	3
s AY d z	side's/sides/sides'	3
s AY f ER	cipher/cypher/seifer	3
s AY f ER t	cyphert/seifert/seiffert	3
s AY f ER z	cyphers/scifres/sifers	3
s AY l ER	seiler/siler/syler	3
s AY m	seim/sime/syme	3
s AY n	sein/sign/sine	3
s AY n z	sign's/signs/sines	3
s AY t	cite/sight/site	3
s AY t IH NG	citing/sighting/siting	3
s AY t IH d	cited(2)/sighted/sited	3
s AY z	sighs/size/tsai's(2)	3
s EH SH AH n z	session's/sessions/sessions'	3
s EH d l AH k	sedlack/sedlak/sedlock	3
s EH k	cech/sec/seck	3
s EH l IY	celie/selie/selley	3
s EH l m AH n	sellman/selman/selmon	3
s EH n	sen/senn/senne	3
s EH n AH t	senate/sennet/sennott	3
s EH n AH t ER z	senator's/senators/senators'	3
s EH n ER z	center's(2)/centers'(2)/centers(2)	3
s EH n s ER	censer/censor/sensor	3
s EH n s ER z	censors/sensor's/sensors	3
s EH n t	cent/scent/sent	3
s EH n t s	cents/scents/sentz	3
s EH p	cep/sep/sepp	3
s EH r AH z	sara's/sarah's/serra's	3
s ER AA f IY n IY	serafine/serafini/seraphine	3
s ER EH t	sarette/surette/surrette	3
s ER b z	serb's/serbs/serbs'	3
s ER f	cerf/serf/surf	3
s ER m AH n z	sermons/sirmans/sirmons	3
s ER v EY	servais/survey/survey(2)	3
s ER v IH s	service(2)/servis/serviss	3
s ER v IH s IH z	service's/services'/services(2)	3
s EY b ER	saber/sabir/sabre	3
s EY b ER t EH k	sabertech/sabortech/sabretech	3
s EY k IY	saiki/seiki/seki	3
s EY n t s	saint's/saints/saints'	3
s EY v IH NG z	savings/savings'/savings's	3
s IH NG z	sing's/singh's/sings	3
s IH d AH l	siddall/siddell/siddle	3
s IH k AH l	sichel/sickel/sickle	3
s IH k j UH r AH t IY z	securities/securities'/security's	3
s IH l AH	scilla/scylla/sylla	3
s IH l ER	cihlar/ciller/siller	3
s IH l v AH	cilva/silva/sylva	3
s IH l v EH s t ER	silvester/sylvester/sylvestre	3
s IH m	sim/simm/sym	3
s IH m AH n d z	simmonds/symmonds/symonds	3
s IH m IY AH n	simeon/simeone/simian	3
s IH m b AH l z	cymbals/symbol's/symbols	3
s IH m k OW	simco/simcoe/simko	3
s IH m p s AH n z	simpson's/simpsons/simpsons'	3
s IH n	sin/sinn/syn	3
s IH r	cyr/sear/sere	3
s IH r IY z	ceres/series/series'	3
s IH r z	sears/sears'/sears's(2)	3
s IH s IY	cissie/sissie/sissy	3
s IH s t AH m z	system's/systems/systems'	3
s IH t IY k AO r p s	citicorp's/citicorps/citicorps'	3
s IH t IY z	cities/cities'/city's	3
s IH t s	sits/sitts/sitz	3
s IH v ER t s AH n	sivertsen/sivertson/syvertsen	3
s IY b ER	seber/seeber/sieber	3
s IY b OW l d	seabold/seebold/siebold	3
s IY d ER	cedar/ceder/seader	3
s IY d z	cedes/seed's/seeds	3
s IY g AH l z	seagull's/seagulls/siegel's	3
s IY g ER z	seegars/seegers/segers	3
s IY g r AH m z	seagram's/seagrams/seagrams'	3
s IY k s	seeks/seix/sikhs	3
s IY l z	seal's/seales/seals	3
s IY m	seam/seem/siem	3
s IY m z	seams/seems/siems	3
s IY r z	seers/seres/siers	3
s IY t AH n	seaton/seeton/seton	3
s IY v ER	seaver/seever/siever	3
s IY v ER z	seavers/seevers/sievers	3
s IY v IY	cv/seavey/sevy	3
s IY z ER z	caesar's/caesars/caesars'	3
s OW d ER	soder/soeder/sowder	3
s OW f IY AH	sofia/sophia/sophia(2)	3
s OW l IY	soley/soli/solie	3
s OW l JH ER z	soldier's/soldiers/soldiers'	3
s OW v IY EH t s	soviet's/soviets/soviets'	3
s UH r	suhr/suhre/suire	3
s UW n IY	suni/sunni/suny	3
s UW p ER v AY z ER z	supervisor's/supervisors/supervisors'	3
s UW z	soos/sous/sues	3
s UW z AE n	susann/susanne/suzanne	3
s UW z IY	susie/susy/suzy	3
s k AA r f	scarf/scarff/scharfe	3
s k AA t s	scots/scott's/scotts	3
s k AE g z	scaggs/scags/skaggs	3
s k AH t	schutte/scutt/skutt	3
s k IH n z	skin's/skins/skins'	3
s k IY t	skeat/skeet/skeete	3
s k UW l z	school's/schools/schools'	3
s k UW t	schuett/schuette/scoot	3
s k r IH p s	scripp's/scripps/scripts(2)	3
s l AE t AH n	slaton/slatten/slatton	3
s l AY	sligh/sly/slye	3
s l EY n	slain/slaine/slane	3
s l EY t ER	slater/slayter/sleator	3
s l OW n	sloan/sloane/slone	3
s m AH g l ER z	smuggler's/smugglers/smugglers'	3
s m OW k ER z	smoker's/smokers/smokers'	3
s n AY d ER	sneider/snider/snyder	3
s n AY p ER z	sniper's/snipers/snipers'	3
s p AA n	spahn/spawn/spohn	3
s p AA r	spahr/spar/spohr	3
s p AO r t s	sport's/sports/sports'	3
s p AY k ER	speicher/spiker/spyker	3
s p IH r	spear/speer/speir	3
s p IH v AH k	spivack/spivak/spiwak	3
s p IY l m AH n	speelman/spielman/spielmann	3
s t AA k b r OW k ER z	stockbroker's/stockbrokers/stockbrokers'	3
s t AA k s	stock's/stocks/stocks'	3
s t AA l	staal/stahl/stolle	3
s t AA r	staar/star/starr	3
s t AA r k	starck/stark/starke	3
s t AA r k s	stark's/starkes/starks	3
s t AA t s	staats/stotts/stotz	3
s t AE NG k	stahnke/stank/stanke	3
s t AE t AH n	staten/staton/statton	3
s t AH f s	stouffs/stuff's/stuffs	3
s t AH m p	stump/stumpe/stumpp	3
s t AO r IY	storey/storie/story	3
s t AO r k	storch/storck/stork	3
s t AO r m z	storm's/stormes/storms	3
s t AO r t s	storts/stortz/stuart's(3)	3
s t AY ER	steier/stier/styer	3
s t AY g ER	staiger/steiger/stiger	3
s t AY n	stein/stine/styne	3
s t AY n m AH n	steinman/steinmann/stineman	3
s t AY n z	stein's/steines/stines	3
s t EH f AH n	steffan/steffen/stephan	3
s t EH f AH n z	steffens/stephans/stephens(2)	3
s t EH k	stec/stech/steck	3
s t EH l m AH k	stellmach/stelmach/stelmack	3
s t EH p	step/stepp/steppe	3
s t ER n z	stearns/stern's/sterns	3
s t EY SH AH n z	station's/stations/stations'	3
s t EY d	stade/staid/stayed	3
s t EY k s	stake's/stakes/steaks	3
s t EY s IY	stacey/stacie/stacy	3
s t EY t s	state's/states/states'	3
s t IH r	stear/steer/steere	3
s t IY b ER	steber/steeber/stieber	3
s t IY g	steeg/steig/stieg	3
s t IY l IY	stealey/steeley/steely	3
s t IY l z	steals/steel's/steels	3
s t IY v z	steeves/steve's/steves	3
s t OW l t	stoldt/stolt/stolte	3
s t OW n s AY f ER	stonecipher/stonecypher(2)/stonesifer	3
s t OW n z	stone's/stones/stones'	3
s t UW	stew/stu/stuewe	3
s t UW ER t s	stewart's/stuart's/stuarts	3
s t UW d AH n t s	student's/students/students'	3
s t UW d IY OW z	studio's/studios/studios'	3
s t r AE s b ER g	strasberg/strasburg/strassburg	3
s t r AY k ER z	striker's/strikers/strikers'	3
s t r AY k s	strike's/strikes/strikes'	3
s t r IY t	st/street/streett	3
s t r IY t ER	streater/streeter/strieter	3
s t r OW b AH l	strobel/stroble/stroebel	3
s t r OW l	strohl/strole/stroll	3
s t r OW m AY ER	strohmaier/strohmeier/strohmeyer	3
s w EY l z	swailes/swails/swales	3
s w EY n	swain/swaine/swayne	3
s w IH n d AH l	swindall/swindell/swindle	3
s w IH s	suess/suisse/swiss	3
s w IY z IY	sweazy/sweezey/sweezy	3
t AA m AH s AH n	thomason(2)/thomassen(2)/thomasson(2)	3
t AA m AH s IH z	thomas'/thomas's/thomases	3
t AA m p s AH n	thompsen/thompson/tompson	3
t AA m s AH n z	thompson's(2)/thompsons(2)/thomson's	3
t AA n j AH	tania/tanya/tonya	3
t AA r t	tart/tarte/tartt	3
t AE g	tag/tagg/tagge	3
t AE k s IH z	tax's/taxes'/taxes(2)	3
t AE k s p EY ER z	taxpayer's/taxpayers/taxpayers'	3
t AE l b AH t s	talbot's/talbots/talbott's	3
t AE m IY	tami/tammie/tammy	3
t AE n z IY	tansey/tansy/tanzi	3
t AE p	tap/tapp/tappe	3
t AH f t	toughed/tuft/tufte	3
t AH k OW m AH z	tacoma's/takoma's/takomas	3
t AH k s	tucks/tuks/tux	3
t AH m b l ER z	tumbler's/tumblers/tumblr's	3
t AO l	tall/taul/tol	3
t AO r AH l	tearle/turrell/turrill	3
t AO r n EY d OW z	tornado's/tornadoes/tornados	3
t AW ER z	tower's/towers/towers'	3
t AW n z	town's/townes/towns	3
t AY ER z	tires/tyers/tyres	3
t AY g ER z	tiger's/tigers/tigers'	3
t AY k	teich/tike/tyke	3
t AY m z	time's/times/times'	3
t AY s AH n z	thyssen's/tyson's/tysons	3
t AY z	thai's/thais/ties	3
t EH k n AA l AH JH IY z	technologies/technologies'/technology's	3
t EH l AH k AA m z	telecom's/telecoms/telekom's	3
t EH l f ER	telfer/telfor/telfour	3
t EH n AH n t	tenant/tennant/tennent	3
t EH n AH n t s	tenant's/tenants/tenants'	3
t EH n ER	tener/tenner/tenor	3
t EH r AH n s	terence/terrance/terrence	3
t EY l ER	tailor/tayler/taylor	3
t EY l ER z	tailors/taylor's/taylors	3
t IH b IY	tibbie/tibby/tibi	3
t IH l	'til/til/till	3
t IH l IY	tilley/tillie/tilly	3
t IH m	tim/timm/timme	3
t IH p IH t	tippett/tippit/tippitt	3
t IY CH ER z	teacher's/teachers/teachers'	3
t IY g	teague/teig/tigue	3
t IY m s t ER z	teamster's/teamsters/teamsters'	3
t IY n IY	teaney/teenie/teeny	3
t IY t ER	teater/teeter/teter	3
t IY t ER z	teeter's/teeters/teters	3
t IY t s	teats/teets/tietz	3
t OW	toe/tow/towe	3
t OW b IY	tobey/tobie/toby	3
t OW d	toad/toed/towed	3
t OW l z	toles/tolles/tolls	3
t OY z	toy's/toys/toys'	3
t UW n	toon/toone/tune	3
t UW t	toot/toote/tuite	3
t r AE k	trac/track/trak	3
t r AE k s	track's/tracks/trax	3
t r AE k t	tracht/tracked/tract	3
t r AE m AH l	tramel/trammel/trammell	3
t r AE n s f ER d	transfered/transferred/transferred(2)	3
t r AE p	trap/trapp/trappe	3
t r AH k s	truck's/trucks/trucks'	3
t r AH s t IY z	trustee's/trustees/trustees'	3
t r AH s t s	trust's/trusts/trusts'	3
t r AW t m AH n	trautman/trautmann/troutman	3
t r AY	tri/trie/try	3
t r EH ZH ER IY z	treasuries/treasury's/treasurys	3
t r EH m AH l	tremel/treml/tremmel	3
t r EY	tray/tre/trey	3
t r EY d ER z	trader's/traders/traders'	3
t r EY n ER	trainer/trainor/traynor	3
t r IH CH	triche/tritch/tritsch	3
t r IH b AH l	tribble/trible/tribull	3
t r IH g	trig/trigg/trygg	3
t r IH p	trip/tripp/trippe	3
t r IH p AH l	triple/trippel/tripple	3
t r IH p s	trip's/tripp's/trips	3
t r IY z	trease/trees/treese	3
t r UW p	troop/troup/troupe	3
t r UW p ER z	trooper's/troopers/troopers'	3
v AA l k EY n OW z	volcano's/volcanoes/volcanos	3
v AA s b ER g	vosberg/vosburg/vosburgh	3
v AA s k OW	vasko/wasko/waskow	3
v AE n IY	vanni/vannie/vanny	3
v AE n w IY	vanwey/vanwhy/vanwie	3
v AE s ER	vassar/vasser/vasseur	3
v AO n	vaughan/vaughn/von	3
v AO n z	vaughan's/vaughn's/vaughns	3
v AY	vi/vie/vy	3
v EH n CH ER z	venture's/ventures/ventures'	3
v EH n d ER z	vendor's/vendors/vendors'	3
v EH s AH l	vesel/vessel/vessell	3
v EH t ER AH n z	veteran's/veterans/veterans'	3
v ER d AH n	verdon(2)/verdun/virden	3
v ER s AH z	verses/versus(2)/vs.	3
v EY l z	vales/valles/veils	3
v IH k	vic/vick/vik	3
v IH k t IH m z	victim's(2)/victims'/victims(2)	3
v IH n IH k	vinick/vinik/vinnick	3
v IH n IH k s	vinick's/vinik's/vinnick's	3
v IH v IY AH n	vivian/vivien/vivienne	3
v IH z IH t ER z	visitor's/visitors/visitors'	3
v IY CH	veach/veatch/veech	3
v IY z IY	veasey/veazey/veazie	3
v OW l k ER	voelker/volcker/volker	3
v OW l t s	voeltz/volts/voltz	3
v OW l z	voelz/voles/volz	3
v OW t ER z	voter's/voters/voters'	3
v OY t	voight/voigt(2)/voit	3
v j UW ER z	viewer's/viewers/viewers'	3
w AA	wa/waah/wah	3
w AA NG k	wank/wanke/wonk	3
w AA d IY	waddie/waddy/wadi	3
w AA k	waack/walk(2)/wok	3
w AA n AH	juana/wanna/wanta(2)	3
w AA t s	watt's/watts/watz	3
w AA z	waas/wah's/was	3
w AE k OW	wacko/wako/whacko	3
w AE k s	wacks/wax/whacks	3
w AH n z	one's/ones/ones'	3
w AO l AH k	wallach/wallack/walloch	3
w AO l d	wald/walde/walled	3
w AO l d r AH p	waldrep/waldrip/waldrup	3
w AO l t ER z	walter's/walters/walters'	3
w AO r d AH n z	warden's/wardens/wardens'	3
w AO r n	warn/warne/worn	3
w AO r n ER	warner/woerner/worner	3
w AO r n IH k	warnecke/warneke/warnick	3
w AO r z	war's/wars/wars'	3
w AO s AH l	wasil/wassel/wassell	3
w AY AH n	wian/wion/wyan	3
w AY ER	why're/wire/wyer	3
w AY d	why'd/wide/wyden	3
w AY k	weich/wike/wyke	3
w AY k ER	weicker/weiker/wiker	3
w AY l AH n d	weiland/wiland/wyland	3
w AY l ER	weiler/wiler/wyler	3
w AY l d AH n	whilden/wilden/wildon	3
w AY l d m AH n	wildeman/wildman/wildmon	3
w AY l d z	wilde's/wildes/wilds	3
w AY m ER	weimer/wimer/wymer	3
w AY n	whine/wine/wyne	3
w AY n IH NG ER	weininger/wineinger/wininger	3
w AY n OW n AH	wynnona/wynona/wynonna	3
w AY n b ER g	weinberg/weyenberg/wineberg	3
w AY n m AH n	weinman/weinmann/wineman	3
w AY t	white/whyte/wight	3
w AY z ER	wiser/wisor/wyser	3
w EH DH ER b IY	weatherbee/weatherby/wetherbee	3
w EH NG k	wenck/wenk/wenke	3
w EH b ER	webber/weber/webre	3
w EH b ER z	webber's/weber's(2)/webers	3
w EH b z	webb's/webbs/webs	3
w EH d	wed/wedd/wehde	3
w EH l AH n	wehlan/wellen/whelan	3
w EH n t	wendt/went/wente	3
w EH p AH n z	weapon's/weapons/weapons'	3
w EH r IH NG	wareing/waring/wearing	3
w EH t s AH l	wetsel/whetsel/whetsell	3
w EH t s t AY n	wetstein(2)/wettstein/wetzstein	3
w ER d z	word's/words/words'	3
w ER k	werk/werke/work	3
w ER k ER z	worker's/workers/workers'	3
w ER k s	work's/works/works'	3
w ER n IH k	wernecke/wernick/wernicke	3
w ER r AH l	worrall/worrel/worrell	3
w ER s t	werst/worst/wurst	3
w EY n	wain/wane/wayne	3
w EY s t s	waists/waste's/wastes	3
w IH CH	which/wich/witch	3
w IH CH ER	which're/whitcher/witcher	3
w IH CH IH z	which's/witch's/witches(2)	3
w IH NG k AH l m AH n	winkelman/winkelmann/winkleman	3
w IH NG z	wing's/wings/wings'	3
w IH TH	with(2)/with(3)/withe	3
w IH d OW z	widdows/widow's/widows	3
w IH g	whig/wig/wigg	3
w IH g z	whigs/wiggs/wigs	3
w IH k l AH n d	wickland/wicklund/wiklund	3
w IH k l IH f	wickliff/wickliffe/wycliff	3
w IH k s	wickes/wicks/wix	3
w IH l IH t s	willets/willetts/willits	3
w IH l f ER d	wilford/willeford(2)/willford	3
w IH l j AH m z	william's/williams/williams'	3
w IH l k AA k s AH n	wilcoxen/wilcoxon/wilcoxson	3
w IH l m AH n	willman/willmann/willmon	3
w IH l m z	willms/wilmes/wilms	3
w IH l s IY	willse/willsey/wilsey	3
w IH l t s	wilts/wiltse/wiltz	3
w IH l z	wil's/will's/wills	3
w IH n ER z	winner's/winners/winners'	3
w IH n IH k	winick/winik/winnick	3
w IH n b ER n	winborn/winborne/winburn	3
w IH n d AH m	windham/windom/wyndham	3
w IH n d z	wind's/windes/winds	3
w IH n z ER	windsor/winsor/winzer	3
w IH s	wis/wiss/wyss	3
w IH s m AH n	whisman/wissman/wissmann	3
w IH s n ER	whisner/wisner/wissner	3
w IH t m ER	whitmer/witmer/wittmer	3
w IH t n AH s IH z	witness's/witnesses'/witnesses(2)	3
w IY d	we'd/weed/wied	3
w IY d AH n	weeden/weedon/wieden	3
w IY g AH l	weigl/weigle/wiegel	3
w IY l	we'll/weil(2)/wheel	3
w IY l AH n	wheelan/wheelon/whelan(4)	3
w IY l d	weild(2)/wheeled/wield	3
w IY n	wean/wein/wien	3
w IY z m AH n	weseman/wesemann/wiesman	3
w OW	whoa/wo/woe	3
w OW k	woke/wolk/wouk(2)	3
w UH d AH l	wooddell/woodell/woodle	3
w UW p IY	whoopee/whoopi/whoopie	3
w UW z	woo's/woos/wu's	3
z AA l m AH n	zalman/zollman/zolman	3
z AE k	zach/zack/zak	3
z AE k ER IY	zachary/zachery/zackery	3
z EH l	zel/zell/zelle	3
z EH n ER	zehner/zenner/zenor	3
z EH r IH NG	zaring/zehring/zeringue	3
z EY n OW	zaino/zeno/zeyno	3
z IH l AH	zilla/zillah/zyla	3
z IH l k AH	zilka/zilkha/zylka	3
z IH r OW z	zero's/zeroes/zeros	3
z OW IY	zoe/zoey/zooey	3
z UW z	zoo's/zoos/zue's	3
AA NG g EH l OW n IY	angelone/angeloni	2
AA UW l EH t	ouelette/ouellette	2
AA b l EY t	oblate/oblate(2)	2
AA b r UW t s EY z IY	abbruzzese/abruzzese	2
AA b s AH l IY t	obsolete/obsolete(2)	2
AA d AA m IY	adame/adami	2
AA d AH m CH IH k	adamcik/adamczyk	2
AA d IY	oddi/oddy	2
AA d IY AH	adia/odea	2
AA d IY AH n s AH z	audience's/audiences	2
AA d IY OW	addeo/audio	2
AA d r IY AH	adrea/adria	2
AA g	og/ogg	2
AA g b ER n	ogborn/ogburn	2
AA h AA	aha/ahah	2
AA k ER	aaker/ocker	2
AA k s	ochs/ox	2
AA k s AH d AY t IH v	oxidative/oxydative	2
AA k s f ER d z	oxford's/oxfords	2
AA k s n ER	ochsner/oxner	2
AA l AH	alla/allah	2
AA l AH n d	oland/olund	2
AA l EH n d ER	allender(2)/olender	2
AA l ER	ollar/oller	2
AA l IH NG ER	olinger/ollinger	2
AA l IH f	oliff/olliff	2
AA l IH n IH k	olenick/olenik	2
AA l IH s AH n	oleson/ollison	2
AA l IY z	ali's/ollie's	2
AA l OY s IY AH	aloisia/aloysia	2
AA l d IH s	aldis/aldus	2
AA l k w IH s t s	ahlquist's/ahlquists	2
AA l m AH n	ahlman/almon	2
AA l t s h AY m ER	altzheimer/alzheimer(2)	2
AA m AH n s AH n z	ahmanson's/ahmansons	2
AA m b r OW s IY n IY	ambrosine/ambrosini	2
AA n ER AH b AH l	honorable/honourable	2
AA n ER AH b l IY	honorably/honourably	2
AA n ER EH r IY	honorary/honourary	2
AA n ER d	honored/honoured	2
AA n s k r IY n	on-screen/onscreen	2
AA n t OW n IY	antone/antoni	2
AA n t r AH p r AH n ER z	entrepreneur's/entrepreneurs	2
AA n t r EY	entre/entree	2
AA p	op/opp	2
AA p AH n h AY m ER z	oppenheimer's/oppenheimers	2
AA p AH z IH SH AH n z	opposition's/oppositions	2
AA p ER EY t ER z	operator's/operators	2
AA p ER m AH n	opperman/oppermann	2
AA p r AH z	opera's/operas	2
AA p s	op's/ops	2
AA r AH n	ahren/aren	2
AA r CH ER z	archer's/archers	2
AA r EH t AH	areta/aretta	2
AA r IH s t IY d	aristede/aristide	2
AA r IH s t IY d z	aristede's/aristide's	2
AA r IY AE n AH	ariana/arianna	2
AA r IY EH l AH	ariela/ariella	2
AA r IY OW l AH	ariola/arriola	2
AA r JH AH n t IY n AH z	argentina's/argentinas	2
AA r TH ER z	arthur's/arthurs	2
AA r b AH t r EY t ER z	arbitrator's/arbitrators'	2
AA r b ER	arbor/arbour	2
AA r b IH t r AA ZH ER	arbitrager/arbitrageur	2
AA r b IH t r AA ZH ER z	arbitragers/arbitragers'	2
AA r d IY n	ardeen/ardene	2
AA r d OY n	ardoin/ardoyne	2
AA r g	aargh/argh	2
AA r g AA n	argon/argonne	2
AA r g AH n AO t s	argonaut's/argonauts	2
AA r g AY l	argyle/argyll	2
AA r g j AH m AH n t s	argument's/arguments	2
AA r k	arc/ark	2
AA r k AH n s AA z	arkansas'/arkansas's	2
AA r k AH t EH k CH ER z	architecture's/architectures	2
AA r k AH t EH k t s	architect's/architects	2
AA r k IY AA l AH JH IY	archaeology/archeology	2
AA r k IY AH l AA JH IH k AH l	archaeological/archeological	2
AA r k OW	arco/arko	2
AA r k OW z	arco's/arcos	2
AA r k UW l EH t AH	archuleta/archuletta	2
AA r k s	arcs/arx	2
AA r l AY n	arline/arlyne	2
AA r l IY	arley/arlie	2
AA r l IY n	arleen/arlene	2
AA r m AH n d	armand/armond	2
AA r m AH n t r AW t	armantrout/armentrout	2
AA r m IH s t EH d	armested/armistead	2
AA r m IY	armey/army	2
AA r m t EH k	armtec/armtek	2
AA r n AH l d z	arnold's/arnolds	2
AA r n EH t	arnett/arnette	2
AA r n IY	arney/arnie	2
AA r n OW l d IY	arnoldi/arnoldy	2
AA r n t	aren't(2)/arndt	2
AA r s	arce/arse	2
AA r t IH k AH l z	article's/articles(2)	2
AA r t IY z	artes/arty's	2
AA s	aase/os	2
AA s AH	asa/ossa	2
AA s AH n	aasen/osten	2
AA s b AH n	osbon/osbun	2
AA s l AH n d	osland/oslund	2
AA s m AH n d	osmond/osmund	2
AA s t AH	asta/hasta(2)	2
AA s t ER h AW t	osterhoudt/osterhout	2
AA s t ER m AH n	osterman/ostermann	2
AA s t ER m AY ER	ostermeier/ostermeyer	2
AA s t r AH m	ostrom/ostrum	2
AA t	ott/otte	2
AA t AH n z	otten's/ottens	2
AA t ER z	otter's/otters	2
AA z	ahs/oz	2
AA z IY	ozzie/ozzy	2
AA z m AH n	osmun/ozmun	2
AE CH AH s AH n z	acheson's/achesons	2
AE CH IH s AH n	atcheson/atchison	2
AE NG k ER	anchor/anker	2
AE NG k ER z	anchor's/anchors	2
AE NG k r AH m	ankrom/ankrum	2
AE SH AH z	ashe's/ashes	2
AE SH IY	ashey/ashy	2
AE SH l IH NG	aisling(2)/aislinn(2)	2
AE SH v IH l	asheville/ashville	2
AE TH AH n z	athans/athens	2
AE b AH t	abbot/abbott	2
AE b AH t s t AW n	abbotstown/abbottstown	2
AE b d AE l AH	abdalla/abdallah	2
AE b s AH l AH m	absalom/absolom	2
AE b s AH l UW t	absolut/absolute	2
AE b s AH l UW t s	absolut's/absolutes	2
AE b s t r AE k t	abstract/abstract(2)	2
AE b z	abbs/abs(2)	2
AE d	ad/add	2
AE d AH l t s	adults'(2)/adults(2)	2
AE d IY	addie/addy	2
AE d k IH s AH n	adkison/adkisson	2
AE d l ER z	adler's/adlers	2
AE d m AH n	adman/admen	2
AE d m ER AH l z	admiral's/admirals	2
AE d m IH n IH s t r EY t ER z	administrator's/administrators	2
AE d v AH k AH t s	advocate's/advocates	2
AE d v AY z ER	adviser/advisor	2
AE d v ER s	adverse/adverse(2)	2
AE d v ER t AY z d	advertised/advertised(2)	2
AE f g AE n AH s t AE n z	afghanistan's/afghanistans	2
AE f g AE n IY z	afghani's/afghanis	2
AE f l IH k	affleck/afflik	2
AE f r AH d AY t IY z	aphrodite's/aphrodites	2
AE f r IH k AA n IH s t s	africanist's/africanists	2
AE f t ER n UW n z	afternoon's/afternoons	2
AE g AE CH AH z	agache's/agaches	2
AE g AH l AA r	aguilar/aguillar	2
AE g n EH l IY z	agnelli's/agnellis	2
AE g n ER	agner/agnor	2
AE k	ack/akc	2
AE k ER l IY	ackerley/ackerly	2
AE k ER s AH n	ackerson/akerson	2
AE k ER z	accor's/acker's	2
AE k SH AH n z	action's/actions	2
AE k j ER AH z	acura's/acuras	2
AE k l AH m EY SH AH n	acclamation/acclimation	2
AE k n AA l IH JH m AH n t	acknowledgement/acknowledgment	2
AE k n AA l IH JH m AH n t s	acknowledgements/acknowledgments	2
AE k s AH d AH n t s	accident's/accidents	2
AE k s AH l	axel/axle	2
AE k t AA v AH z	actava's/actavas	2
AE k t AH n	actin/acton	2
AE k t ER	actor/akhtar	2
AE k t IH v IH s t s	activists'/activists(2)	2
AE k t IH v z	active's/actives	2
AE k t r AH s IH z	actress's/actresses	2
AE k t s	act's/acts	2
AE k w AH z IH SH AH n z	acquisition's/acquisitions	2
AE k w IH t EY n	acquitaine/aquitaine	2
AE k z OW z	akzo's/akzos	2
AE l	al/al.	2
AE l AH b AE m AH	al.(2)/alabama	2
AE l AH g EH n IY z	alleghenies(2)/allegheny's(2)	2
AE l AH g EY n IY	alleghany/allegheny	2
AE l AH g EY n IY z	alleghenies/allegheny's	2
AE l AH k s	alex/alexs	2
AE l AH k s AE n d ER	aleksander/aleksandr	2
AE l AH k w IH p AH z	aliquippa's/aliquippas	2
AE l AH m	allum/alum	2
AE l AH m EY n	al-amein/alamein	2
AE l AH m z	allums/alums	2
AE l AH s AH z	alice's/alices	2
AE l CH UW l ER	altschuler(2)/altshuler(2)	2
AE l CH j UW l ER	altschuler/altshuler	2
AE l EH l UW j AA	alleluia/alleluja	2
AE l ER JH AH n	allergan/allergen	2
AE l ER JH AH s t s	allergist's/allergists	2
AE l ER t	allardt/allert	2
AE l EY JH IH s	allegis/allegis'	2
AE l IH g z AE n d ER z	alexander's(2)/alexanders	2
AE l IH k	alec/allick	2
AE l IH s t ER	alister/allister(2)	2
AE l JH IY	algae/algy	2
AE l b AA k	albach/allebach(2)	2
AE l b AH m z	album's/albums	2
AE l b ER g	aalburg/alberg	2
AE l b ER t s	albert's/alberts	2
AE l b ER t s AH n	albertsen/albertson	2
AE l b r IH t AA n	albritton/allbritton	2
AE l f AA n s OW	alfonso/alphonso	2
AE l f AH	alfa/alpha	2
AE l f AH z	alfa's/alpha's	2
AE l f IH n	alfin/alphin	2
AE l f r IH d s AH n	alfredson/alfredsson	2
AE l f r IY	alfre(2)/alfrey	2
AE l g AY ER	allgaier/allgeier	2
AE l k AH t r AE z	alcatraz/alcatraz(2)	2
AE l s AH p	allsup/alsup	2
AE l t AH s	aeltus/altus	2
AE l w IH n	alwin/alwyn	2
AE l z	al's/als	2
AE m AH k ER	amacher/amacker	2
AE m AH z AA n z	amazon's/amazons	2
AE m ER IH l OW z	amarillo's/amarillos	2
AE m ER m AH n	amerman/ammerman	2
AE m b AE s AH d ER z	ambassador's/ambassadors	2
AE m b ER z	amber's/ambers	2
AE m b IY AH n s	ambiance/ambience	2
AE m d EH k	amdec/amdek	2
AE m f AH TH IY EY t ER	amphitheater/amphitheatre	2
AE m k AO r	amcor/amcore	2
AE m p AH l	ampal/ample	2
AE m t r AE k	amtrack/amtrak	2
AE n AH	ana(2)/anna	2
AE n AH b AH l	annabelle/annable	2
AE n AH l	annal/annul	2
AE n AH l AO g	analog/analogue	2
AE n AH n	annan/annen	2
AE n AH n d EY l	anandale/annandale	2
AE n AH s	anas/anise	2
AE n AH s TH EH t IH k	anaesthetic/anesthetic	2
AE n AH s TH EH t IH k s	anaesthetics/anesthetics	2
AE n AH s TH IY z IY AA l AH JH IY	anaesthesiology/anesthesiology	2
AE n AH s t AH n	aniston/anniston	2
AE n AH t EY t IH NG	annotating/annotating(2)	2
AE n AH t EY t s	annotates/annotates(2)	2
AE n AH t OW l IY	anatoli/anatoly	2
AE n AH z	anna's/annas	2
AE n CH OW v IY	anchovy/anchovy(2)	2
AE n CH OW v IY z	anchovies/anchovies(2)	2
AE n IH m AH s	animous/animus	2
AE n IY	annie/anny	2
AE n IY s AH	anisa/annissa	2
AE n IY z	annie's/annis	2
AE n JH AH l IY n OW	angeleno(2)/angelino	2
AE n JH EH l IH k AH	angelica/angelika	2
AE n OW	anno/ano	2
AE n d AH l	andal/andel	2
AE n d IY z	andes/andy's	2
AE n d r IY	andrey/andry	2
AE n d r IY AH	andrea/andria	2
AE n d r UW	andreu/andrew	2
AE n j UH r IH z AH m	aneurism/aneurysm	2
AE n s AH n	ansohn/anson	2
AE n s ER z	answer's/answers	2
AE n t	ant/aunt	2
AE n t AH l	antal/antle	2
AE n t EH n AH z	antenna's/antennas	2
AE n t IH g AH n IY z	antigone's/antigones	2
AE n t IH s AH p EY SH AH n	anticipation/anticipation(2)	2
AE n t IH s AH p EY SH AH n z	anticipations/anticipations(2)	2
AE n t IY w AO r	anti-war/antiwar(2)	2
AE n t OW n IY OW z	antonio's/antonios	2
AE n w IH l	anwyl/anwyll	2
AE n z	ann's/anne's	2
AE p AH l EY SH AH n	appalachian(2)/appellation	2
AE p AH l EY SH AH n z	appalachians(2)/appellations	2
AE p AH l b AW m	appelbaum/applebaum	2
AE p AH l b IY	applebee/appleby	2
AE p AH l m AH n	appelman/appleman	2
AE p AH l z	apple's/apples	2
AE p AH t AY t	apatite/appetite	2
AE p AH t AY t s	apatites/appetites	2
AE p l IH k AH n t s	applicant's/applicants	2
AE p l IH n	aplin/applin	2
AE r AH b IY	arabie/araby	2
AE r AH b z	arabs/arabs'	2
AE r IH k	aric/arrick	2
AE r OW z	arrow's/arrows	2
AE s EH t s	assets/assets'	2
AE s p AH n z	aspen's/aspens	2
AE s t ER	aster/astor	2
AE s t ER OY d z	asteroid's/asteroids	2
AE s t ER z	asters/astor's	2
AE s t r AH n AO t s	astronauts/astronauts'	2
AE t ER b EH r IY	atterberry/atterbury	2
AE t b EH r IY	atteberry/attebury	2
AE t l AE n t IH s	atlantis/atlantis'	2
AE t l AE n t IH s IH z	atlantis'(2)/atlantis's	2
AE t l AH s IH z	atlas's/atlases(2)	2
AE t l IY	atley/attlee	2
AE t w UH d	attwood/atwood	2
AE v AH n UW z	avenue's/avenues	2
AE v ER EH t	averett/averette	2
AE v r IH JH IH z	average's/averages	2
AH DH ER	other/uther(2)	2
AH NG g ER	ungar/unger	2
AH NG k AH l z	uncle's/uncles	2
AH TH AO r IH t IY z	authorities'/authority's	2
AH b AE d IY	abadi/abadie	2
AH b EH t	abbett/abet	2
AH b JH EH k SH AH n z	objection's/objections	2
AH b UW d	abboud/abood	2
AH b r AE k s AH z	abraxa's/abraxas	2
AH b z ER v AH t AO r IY z	observatories/observatory's	2
AH d AA m IH k	adamec/adamik	2
AH d AE p t ER	adapter/adaptor	2
AH d AE p t ER z	adapters/adaptors	2
AH d AH l t s	adults/adults'	2
AH d EH l z	adele's/adell's	2
AH d IH SH AH n	addition/edition	2
AH d IH n	adin/uddin	2
AH d OW l f	odolf/udolf	2
AH d UW	adieu/ado	2
AH d v AE n s AH z	advance's/advances	2
AH d v AE n s IH z	advance's(2)/advances(2)	2
AH f EH k t	affect/effect(3)	2
AH f EH r z	affair's/affairs	2
AH f IH l IY EY t s	affiliate's/affiliates(2)	2
AH g l OW	aglo/aglow	2
AH g r IY m AH n t s	agreement's/agreements	2
AH h OW l d z	ahold's/aholds	2
AH k AE d AH m IY z	academies/academy's	2
AH k AO r d	accord/acord	2
AH k AO r d z	accord's/accords	2
AH k AW n t s	account's/accounts	2
AH k ER IH NG	occuring/occurring	2
AH k IH l IY z	achilles/achilles'	2
AH k UW t ER m AH n t	accouterment/accoutrement	2
AH k UW t ER m AH n t s	accouterments/accoutrements	2
AH k l EY m z	acclaim's/acclaims	2
AH k w AY ER ER z	acquirer's/acquirers	2
AH l	uhl/ul(2)	2
AH l AA r m z	alarm's/alarms	2
AH l AA t	allot/alot	2
AH l AA t IH d	alloted/allotted	2
AH l AH m	alum(2)/ullom	2
AH l AW d	allowed/aloud	2
AH l AY	alai/ally(2)	2
AH l AY AH n s IH z	alliance's/alliances(2)	2
AH l AY AH s AH n	eliason/eliassen	2
AH l AY n	align/aline	2
AH l AY n z	aligns/alines	2
AH l AY z	allies(2)/ally's	2
AH l EY	allais/allay	2
AH l IH s AH	alissa/alyssa	2
AH l IH s IY AH	alicea/alysia	2
AH l IY n	aleen/alene	2
AH l IY s AH	alisa/elisa	2
AH l b AO	albaugh/allbaugh	2
AH l r IH k	ulric/ulrick	2
AH l t r AH n AE SH AH n AH l AH s t s	ultranationalist's/ultranationalists	2
AH m AA l j AH	amalia/amalya	2
AH m AE n d AH z	amanda's/amandas	2
AH m AH k	amok/amuck	2
AH m EH n d m AH n t s	amendment's/amendments	2
AH m EH r AH k AE n AH z	americana's/americanas	2
AH m EH r AH k AH z	america's/americas	2
AH m EH r IH k AH	america(2)/amerika	2
AH m EH r IH k AO r	americorp/americorps	2
AH m EH r IY	ameri/omary	2
AH m IY l IY OW	amelio/emilio	2
AH m IY n	ameen/ammeen	2
AH m b AH l	umbel/umble	2
AH m b r EH l AH	umbrella/umbrella(2)	2
AH m j UW z m AH n t s	amusements/amusements'	2
AH n AW n s m AH n t	announcement/announcment	2
AH n SH EY k AH b AH l	unshakable/unshakeable	2
AH n d	and/und	2
AH n d ER l AY	underlie/underly	2
AH n d UW	undo/undue	2
AH n f EH r	unfair/unfair(2)	2
AH n p l AH g d	unplugged/unplugged(2)	2
AH n r IY d AH b AH l	unreadable/unreadable(2)	2
AH n r UW	unrue/unruh	2
AH n s EH t	unset/unset(2)	2
AH n s ER v AH s AH b AH l	unserviceable/unserviceable(2)	2
AH n s EY l AH b AH l	unsalable/unsaleable	2
AH n s k AA m	anscom/anscomb	2
AH n w EH l	anwell/unwell	2
AH p	up/upp	2
AH p AA l AH JH AY z	apologise/apologize	2
AH p AA l AH JH AY z IH NG	apologising/apologizing	2
AH p AA l AH JH AY z IH z	apologises/apologizes	2
AH p AA l AH JH AY z d	apologised/apologized	2
AH p AA r t m AH n t s	apartment's/apartments	2
AH p AE CH IY z	apache's/apaches	2
AH p OY n t IY	appointee/appointee(2)	2
AH p OY n t IY z	appointees/appointees(2)	2
AH p d AY k	updike/updyke	2
AH p d EY t	update/update(2)	2
AH p d EY t IH NG	updating/updating(2)	2
AH p d EY t IH d	updated/updated(2)	2
AH p d EY t s	updates/updates(2)	2
AH p f r AH n t	up-front/upfront	2
AH p g r EY d	upgrade/upgrade(2)	2
AH p g r EY d IH NG	upgrading/upgrading(2)	2
AH p g r EY d IH d	upgraded/upgraded(2)	2
AH p g r EY d z	upgrades/upgrades(2)	2
AH p r AY t	upright/upright(2)	2
AH p r AY z	apprise/uprise	2
AH p r AY z IH NG	uprising/uprising(2)	2
AH p s	up's/ups	2
AH p s EH t	upset/upset(2)	2
AH p s EH t s	upsets/upsets(2)	2
AH p s w IH NG	upswing/upswing(2)	2
AH p t ER n	upturn/upturn(2)	2
AH s AE s AH n z	assassin's/assassins	2
AH s AY n m AH n t s	assignment's/assignments	2
AH s EH m b l IY z	assemblies/assembly's	2
AH s EH n d AH n s IY	ascendancy/ascendency	2
AH s EH n t	ascent/assent	2
AH s EH t IH k	acetic/ascetic	2
AH s EY l AH n t s	assailant's/assailants	2
AH s OW SH IY EY SH AH n z	association's/associations(2)	2
AH s r IY	usrey/usry	2
AH s t r AW s k IY	ostroski/ostrowsky	2
AH v IH l AH	avila/avilla	2
AH z EH l	ezell/ozelle	2
AO	aw/awe(2)	2
AO NG	aung/ong	2
AO TH ER	auther/author	2
AO d	aud/awed	2
AO d IH t ER z	auditor's/auditors'	2
AO d IY AH n s AH z	audience's(2)/audiences(2)	2
AO d r IY	audrey/audry	2
AO f AH n	offen/often	2
AO f AH s IH z	office's/offices(2)	2
AO f ER IH NG z	offering's/offerings	2
AO f ER m AH n	offerman/offermann	2
AO f ER z	offer's/offers	2
AO f l AY n	off-line/offline	2
AO f l IH m IH t s	off-limits/offlimits	2
AO f r IH NG z	offering's(2)/offerings(2)	2
AO f s	off's/offs	2
AO f s EH t	offset/offset(2)	2
AO f s EH t IH NG	offsetting/offsetting(2)	2
AO g ER	auger/augur	2
AO g ER z	augers/augurs	2
AO k SH AH n z	auction's/auctions(2)	2
AO l ER	aller/allor	2
AO l b IY	albie/allbee	2
AO l b r AY t	albright/allbright	2
AO l d w IH n	aldwin/aldwyn	2
AO l m AH n	allman/allmon	2
AO l s AA p	allsop/allsopp	2
AO l s t AH n	allston/alston	2
AO l t AH n	allton/alton	2
AO l t AY m	all-time/alltime	2
AO l t ER	altar/alter	2
AO l t ER z	altars/alters	2
AO l z	all's/alls	2
AO m AH n	auman/aumann	2
AO n	aune/on(2)	2
AO n l AY n	on-line/online	2
AO p ER EY t ER z	operators'/operators(2)	2
AO r AA n	oran/orran	2
AO r AE NG AH t AA n z	orangutan's(2)/orangutans(2)	2
AO r AE NG AH t AE n z	orangutan's/orangutans	2
AO r AH	aura/ora	2
AO r AH k AH l z	oracle's/oracles	2
AO r AH n	oren/orren	2
AO r AH n d	aurand/orand	2
AO r IH k	orick/orrick	2
AO r IH k s	orix/oryx	2
AO r IH n	orin/orrin	2
AO r IY OW l z	orioles/orioles'	2
AO r TH AH d AA n t AH s t s	orthodontist's/orthodontists	2
AO r b AH n	orban/orben	2
AO r d	oared/ord	2
AO r d ER z	order's/orders	2
AO r g AH n IH z AH m z	organism's/organisms	2
AO r g AH n IH z EY SH AH n z	organisations/organization's	2
AO r k AH s t r AH z	orchestra's/orchestras	2
AO r k AH t	orcutt/orkut	2
AO r l IH k	orlich/orlick	2
AO r l IY n z	orlean's(2)/orleans(2)	2
AO r m AH n d z	ormand's/ormond's	2
AO r m z b IY	ormsbee/ormsby	2
AO r n	orn/orne	2
AO r n EH l AH z	ornella's/ornellas	2
AO r s b ER n	orsborn/orsburn	2
AO r t	ohrt/ort	2
AO r t AH n	orten/orton	2
AO r t m AH n	ortman/ortmann	2
AO r z	oars/ores	2
AO r z b ER n	orsborn(2)/orsburn(2)	2
AO s k ER	oscar/oskar	2
AO s k ER z	oscar's/oscars	2
AO s t AH n	austin/auston	2
AO s t r EY l j AH n z	australian's/australians	2
AO t AH m OW b IY l	automobile/automobile(2)	2
AO t AH m OW b IY l z	automobiles/automobiles(2)	2
AO t OW z	auto's/autos	2
AO z b AO r n	osborn/osborne	2
AW	aue/ow(2)	2
AW AH n	aoun/auen	2
AW d IY z	audi's(2)/audis(2)	2
AW n b IY	ownbey/ownby	2
AW r	hour(2)/our(2)	2
AW s l IY	ousley/owsley	2
AW s t AH l	austell/austill	2
AW t b AO r d z	outboard's/outboards	2
AW t l AE s	outlasts(3)/outlasts(4)	2
AW t l AE s t	outlast/outlast(2)	2
AW t l AE s t IH NG	outlasting/outlasting(2)	2
AW t l AE s t IH d	outlasted/outlasted(2)	2
AW t l AE s t s	outlasts/outlasts(2)	2
AW t l EH t s	outlet's/outlets	2
AW t m OW d	out-mode/outmode	2
AW t m OW d IH d	out-moded/outmoded	2
AW t s	out's/outs	2
AY AH d AY d z	iodide's/iodides	2
AY ER z	ayers/i'ers	2
AY IY d AH	aida/uyeda	2
AY SH AH	aiesha/aisha	2
AY d AH l z	idles/idols	2
AY d AH n	eiden/iden	2
AY d IY AH z	idea's/ideas	2
AY d IY l z	ideal's/ideals	2
AY k AA n z	icahn's/icons	2
AY k AH l	aichele/eichel	2
AY k ER	aicher/eicher	2
AY k h AO r s t	eichhorst/eichorst	2
AY k m AH n	eichman/eichmann	2
AY k s	ickes(3)/ike's	2
AY k s t AE t	eichstadt/eichstaedt	2
AY l AH n d	eiland/island	2
AY l AH n d z	island's/islands	2
AY m AE k s	imax/imax'	2
AY m AH n	aiman/iman	2
AY p AE d z	ipad's/ipads	2
AY r	eir/ire	2
AY r AE k IY z	iraqi's(3)/iraqis(3)	2
AY r AH z	ira's/iras	2
AY r EY n IY AH n z	iranians/iranians'	2
AY r IY n	ireene/irene	2
AY r l AH n d z	ireland's/irelands	2
AY s AH l	eisel/eisele	2
AY s AH n	eisen/eisin	2
AY s OW m EH d IH k s	isomedix/isomedix's(2)	2
AY s l ER	eisler/eissler(2)	2
AY t EH k	eyetech/itek	2
AY v AH n	ivan/iven	2
AY v ER	iver/ivor	2
AY v ER IY	ivery/ivory	2
AY z AH n b ER g	eisenberg/isenberg	2
AY z AH n h AW ER	eisenhauer/eisenhower	2
AY z AH n h AW ER z	eisenhower's/eisenhowers	2
AY z AH n m AH n	eisenman/eisenmann	2
AY z AH n s t AE t	eisenstadt/eizenstat	2
AY z IH k	isaac(2)/issac(2)	2
AY z l IY	isaly/isley	2
CH AA p ER z	chopper's/choppers	2
CH AA p s UW IY	chop-suey/chopsuey	2
CH AA r AH l z	charles'(2)/charles(2)	2
CH AA r d	chard/charred	2
CH AA r l IY	charley/charlie	2
CH AA r l IY z	charley's/charlie's	2
CH AA r m IY AH n	charmian/charmion	2
CH AA r n IY	charney/czarny	2
CH AA r t ER z	charter's/charters	2
CH AA z	chas/chazz(2)	2
CH AE d	chad/chadd	2
CH AE f IH n	chaffin/chafin	2
CH AE l AH n JH ER z	challenger's/challengers	2
CH AE m p IY AH n SH IH p s	championship's/championships	2
CH AE m p IY AH n z	champion's/champions	2
CH AE n AH l	channel/channell	2
CH AE n AH l z	channel's/channels	2
CH AE n s AH l ER z	chancellor's/chancellors	2
CH AE n s IY	chancey/chancy	2
CH AE n t s	chants/tschantz	2
CH AE p	chap/chapp	2
CH AE t AH n UW g AH	chattanooga/chattanuga	2
CH AE t m AH n	chatman/chatmon	2
CH AE v IH s	chavis/chavis'	2
CH AE z	chaz/chazz	2
CH AH n	chun/chunn	2
CH AO n s IY	chauncey/chauncy	2
CH AW CH EH s k j UW	ceaucescu/ceausescu	2
CH AW s	chaus/chausse	2
CH AY	chae/chai	2
CH AY l d z	child's/childs	2
CH AY r AH n	chiron/chyron	2
CH AY r AH n z	chiron's/chyron's	2
CH EH CH IH n z	chechen's/chechens	2
CH EH CH n IY AH n z	chechnyan's/chechnyans	2
CH EH k AH p	check-up/checkup	2
CH EH n	chen/chien	2
CH EH r AH k IY z	cherokee's/cherokees	2
CH EH r AH n	charren/charron	2
CH EH r AH t IY z	charities/charity's	2
CH EH r IH t IY z	charities'/charities(2)	2
CH EH r IY	cherry/chery	2
CH EH r IY z	cherries/cherry's	2
CH EH s	ches/chess	2
CH EH s l AH k	cheslock/cieslak	2
CH EH s t n AH t	chestnut(2)/chestnutt	2
CH EH v IY z	chevies/chevy's(2)	2
CH ER CH IH z	churches/churches'	2
CH ER CH m AH n	churchman/churchmen	2
CH ER OW n IY	cerone/cerrone	2
CH ER UW t IY	cerruti/cerutti	2
CH ER m AH k	cermak/chermak	2
CH ER v IY n IY	cerveny/cervini	2
CH EY m b ER l IH n	chamberlain(2)/chamberlin	2
CH EY n	chain/cheyne	2
CH EY s	chace/chase	2
CH EY s IH z	chase's/chases(2)	2
CH EY s t	chased/chaste	2
CH EY v IH s	chavis'(2)/chavis(2)	2
CH IH h AO f s k IY	cichowski/czechowski	2
CH IH k s	chick's/chicks	2
CH IH l d	childe/chilled	2
CH IH l k AH t	chilcott/chilcutt	2
CH IH l k OW t	chilcoat/chilcote	2
CH IH p AH d EY l	chippendale/chippendales	2
CH IH s AH m	chisam/chisom	2
CH IH z EH k	chizek/cizek	2
CH IH z m ER	chismar/chizmar	2
CH IY	chea/chee	2
CH IY f t AH n z	chieftain's/chieftains	2
CH IY m IY n OW	cimino/cimmino	2
CH IY n IY	cheaney/cini	2
CH IY n OW	chino/cino	2
CH IY t AH	cheetah/chita	2
CH IY t AH m	cheatham/cheatum	2
CH IY z m AH n	cheeseman/cheesman	2
CH OW	cho/choe	2
CH OW t	choat/choate	2
CH OW z AH n	chosen/chosun	2
CH OY	choi/choy	2
CH OY s	choice/choyce	2
CH UW d IY	chudy/tschudy	2
CH UW l AH	chula/ciulla	2
DH AH	the/the(2)	2
DH EH r z	theirs/there's	2
DH IH s AH l	this'll/this'll(2)	2
DH IY	the(3)/thee	2
DH IY z	thee's/these	2
DH OW	tho/though	2
EH JH AH k EY SH AH n z	education's/educations	2
EH JH j UW k EY SH AH n z	education's(2)/educations(2)	2
EH JH m AH n	edgemon/edgmon	2
EH NG g AH l m AH n	engelman/engelmann	2
EH NG g IH b r IH t s AH n	engebretsen/engebretson	2
EH NG k	enck/enke	2
EH SH AH l m AH n	eshelman/eshleman	2
EH SH b AA k	eschbach/eshbach	2
EH TH AH l	ethel/ethyl	2
EH TH ER t AH n	eatherton/etherton(2)	2
EH b	eb/ebb	2
EH b AH l	ebel/eble	2
EH b AH l IH NG	ebeling/ebling	2
EH b ER t	ebbert/ebert	2
EH b ER z	ebbers/ebers	2
EH b IY	ebby/ebey	2
EH d AH n b ER OW	edinboro/edinburgh	2
EH d AH t AO r IY AH l z	editorial's/editorials	2
EH d IH NG ER	eddinger/edinger	2
EH d IH NG t AH n	eddington/edington	2
EH d IH s AH n z	edison's/edisons	2
EH d IY z	eddie's/eddies	2
EH d l IH n	edlin/edlyn	2
EH d m AH n d	edmond/edmund	2
EH d m AH n d s AH n	edmondson/edmundson	2
EH d m IH s AH n	edmison/edmisten	2
EH d w AA r d OW	edoardo/eduardo	2
EH d w ER d	eduard/edward	2
EH d z	ed's/edds	2
EH f	f/f.	2
EH f ER t s	effertz/efforts	2
EH f IY	effie/effy	2
EH f s	f's/f.'s	2
EH g	egg/egge	2
EH g ER t	egert/eggert	2
EH g h EH d z	egghead's/eggheads	2
EH g n ER	egner/egnor	2
EH g z EH k j AH t IH v z	executive's/executives'	2
EH k	eck/ek	2
EH k AH l	eckel/eckl	2
EH k ER d	eckard/eckerd	2
EH k ER t	eckardt/eckert	2
EH k ER t s	eckardt's/eckert's	2
EH k b ER g	eckberg/ekberg	2
EH k s AH k j UW SH AH n ER z	executioner's/executioners	2
EH k s ER p t	excerpt/excerpt(2)	2
EH k s ER p t s	excerpts/excerpts(2)	2
EH k s b OY f r EH n d	ex-boyfriend/exboyfriend	2
EH k s b r OW k ER z	exbroker's/exbrokers	2
EH k s p l AO r EY SH AH n z	exploration's(2)/explorations(2)	2
EH k s p l ER EY SH AH n z	exploration's/explorations	2
EH k s p l OY t	exploit/exploit(2)	2
EH k s t r AH	extra/xtra	2
EH k s t r AH m	eckstrom/ekstrom	2
EH k w AH d AO r IY AH n	ecuadorean/ecuadorian	2
EH l AH	ela/ella	2
EH l AH n AO r	eleanor/eleanore	2
EH l AH n b ER g	ellenberg/ellenburg	2
EH l AH n z	ellan's/ellen's	2
EH l AH t ER	elater/eletr	2
EH l EH s	ellesse/ls	2
EH l ER	ehler/eller	2
EH l ER IY	ellerey/ellery	2
EH l ER t	ehlert/ellert	2
EH l ER z	ehlers/ellers	2
EH l IH JH	eledge/elledge	2
EH l IH NG ER	ehlinger/ellinger	2
EH l IH NG s AH n	ellingsen/ellingson	2
EH l IH n	ellyn/elyn	2
EH l IH n ER	elenore/elinor	2
EH l IH s	ellice/ellis	2
EH l IY AH t s	eliot's/elliott's	2
EH l d ER z	elders/elders'	2
EH l f r IY d AH	elfrida/elfrieda	2
EH l g ER	elgar/elger	2
EH l k	ehlke/elk	2
EH l k OW	elco/elko	2
EH l k s	elkes/elks	2
EH l m z	elmes/elms	2
EH l s AH n	elsen/elson	2
EH l s IH z	else's/elses	2
EH l s IY	elsey/elsie	2
EH l v IH s	elvis/elvis'	2
EH l v IY	elvie/elvy	2
EH l w IH n	elwin/lwin(2)	2
EH l w UH d	ellwood/elwood	2
EH l z b EH r IY	elsberry/elsbury	2
EH l z b ER g	ellsberg/ellsburg	2
EH l z w ER TH	ellsworth/elsworth	2
EH m AH l	emel/emmel	2
EH m AH l IY	emelie/emilie	2
EH m AH n	ehman/ehmann	2
EH m ER AH t s	emirates/emirates'	2
EH m ER EY t s	emirates'(2)/emirates(2)	2
EH m ER IY z	emery's/emory's	2
EH m ER s AH n	emerson/emmerson	2
EH m ER t	emert/emmert	2
EH m IH k	emick/emmick	2
EH m IH l AY n	emeline/emelyne	2
EH m IY z	emmy's/emmys	2
EH m b AH s IY z	embassies/embassy's	2
EH m b r IY	embrey/embry	2
EH m d IY	m.d./md	2
EH m p AY ER z	empire's/empires	2
EH m p ER ER z	emperor's/emperors	2
EH m p IY	empey/empie	2
EH m r IH k	emrich/emrick	2
EH m s IY	emcee/mc(2)	2
EH m t IY	empty(2)/mt(2)	2
EH n CH AE n ER z	enchanter's(3)/enchanters(3)	2
EH n CH AE n t ER z	enchanter's/enchanters	2
EH n ER JH IY z	energies/energy's	2
EH n ER t EY n ER z	entertainer's(2)/entertainers(2)	2
EH n ER t EY n m AH n t s	entertainment's(2)/entertainments(2)	2
EH n IH s	enis/ennis	2
EH n IY AH	enea/ennea	2
EH n IY w AH n	anyone/anyone(2)	2
EH n JH AH n IH r z	engineers/engineers'	2
EH n JH AH n z	engine's/engines	2
EH n d	end/ende	2
EH n d AW	endow/ndau	2
EH n d AW m AH n t s	endowment's/endowments	2
EH n d ER z	enders/endres	2
EH n d OW k r AH n AA l AH JH AH s t s	endocrinologist's/endocrinologists	2
EH n f AO r s m AH n t s	enforcement's/enforcements	2
EH n h OW l m	enholm/enholme	2
EH n k AA r t AH	encarta/encarta(2)	2
EH n k AA t AH	encata/encata(2)	2
EH n k AA t AH z	encata's/encata's(2)	2
EH n t ER t EY n ER z	entertainer's/entertainers	2
EH n t ER t EY n m AH n t s	entertainment's/entertainments	2
EH n t IH t IY z	entities/entities'	2
EH n t r IH k IH n	entrekin/entrikin	2
EH n v AY r AH n m EH n AH l IH s t s	environmentalists'(2)/environmentalists(2)	2
EH p AH k j UH r IY AH n	epicurean/epicurean(2)	2
EH p AH l	eppel/epple	2
EH p IH k s	epic's/epics	2
EH p l ER	epler/eppler	2
EH p l IY	epley/eppley	2
EH p s	eppes/epps	2
EH r AH	era/erra	2
EH r AH l	erol/errol	2
EH r AH l z	erol's/errol's	2
EH r AH n s AH n	aaronson/aronson	2
EH r IH NG	airing/erring	2
EH r IH k s	eric's/erik's	2
EH r IH k s AH n z	ericsson's/erikson's	2
EH r IH s m AH n	ehresman/erisman	2
EH r IH t	ehret/errett	2
EH r IY AH	area/erria	2
EH r IY AH z	area's/areas	2
EH r IY z	aires/aries	2
EH r OW s m IH TH	aerosmith/arrowsmith(2)	2
EH r OW s m IH TH s	aerosmith's/arrowsmith's(2)	2
EH r OW s t AA r z	aerostar's/aerostars	2
EH r OW s t AE t s	aerostat's/aerostats	2
EH r OW z	arrow's(2)/arrows(2)	2
EH r f AO r s	air-force/airforce	2
EH r k AH n d IH SH AH n IH NG	air-conditioning/airconditioning	2
EH r k r AE f s	aircraft's(2)/aircrafts(2)	2
EH r k r AE f t s	aircraft's/aircrafts	2
EH r l AY n ER z	airliner's/airliners	2
EH r p AO r t s	airport's/airports	2
EH r p l EY n z	airplane's/airplanes	2
EH s AH n	essen/esson	2
EH s EY	essay/essay(2)	2
EH s EY z	essays/essays(2)	2
EH s TH EH t IH k	aesthetic/esthetic	2
EH s TH EH t IH k l IY	aesthetically/esthetically	2
EH s TH EH t IH k s	aesthetics/esthetics	2
EH s TH IY t s	aesthete's/aesthetes	2
EH s j UW v IY z	suv's/suvs	2
EH s k AO r t	escort/escort(2)	2
EH s k r OW	escrow/escrow(2)	2
EH s p IY	espey/espy	2
EH s t AE b l IH SH m AH n t s	establishment's/establishments	2
EH s t AH l	estel/estell	2
EH s t ER	ester/esther	2
EH s t EY	estai/este	2
EH s t IH p	estep/estepp	2
EH s t r AH s	estrous/estrus	2
EH t IY	ettie/etty	2
EH t n AH	aetna/etna	2
EH v AH l IH n	eveline/evelyn(2)	2
EH v AH n	evan/evon	2
EH v AH n z	evans/evans'	2
EH v ER IH JH	everage/everidge	2
EH v ER g l EY d z	everglades/everglades'	2
EH v ER h AA r t	everhardt/everhart	2
EH v ER l IY	everley/everly	2
EH v ER t s	evarts/everts	2
EH v ER z	evers/evers'	2
EH v IH n s AH n	evensen/evenson	2
EH v IH t	evett/evitt	2
EH v IH t s	evetts/evitts	2
EH v r IY TH IH NG z	everything's/everythings	2
EH z OW	ezoe/ezzo	2
ER AE p AH h OW	arapaho/arapahoe	2
ER EY n AH	eirena/urena	2
ER IH z OW n AH n	arizonan/arizonan(2)	2
ER IH z OW n AH n z	arizonans/arizonans(2)	2
ER IY AH	orea/urrea	2
ER IY n AH	arena/erina	2
ER IY n AH z	arena's/arenas	2
ER TH k w EY k s	earthquake's/earthquakes	2
ER TH s	earth's/earths	2
ER b EY n	urbain/urbane	2
ER b IY	erby/irby	2
ER d m AH n	erdman/erdmann	2
ER g AH t s	ergot's/ergots	2
ER g OW	ergo/urgo	2
ER h AA r t	erhardt/erhart	2
ER l AY n	earline/erline	2
ER l IH k m AH n	ehrlichman/erlichman	2
ER l IY n	earlene/erlene	2
ER m AH	erma/irma	2
ER m AH z	erma's/irma's	2
ER n AH s t s	ernest's/ernests	2
ER n IH NG z	earnings/earnings'	2
ER n IH s t	earnest/ernest(2)	2
ER s IY	ursie/ursy	2
ER s OW	ourso/urso	2
ER v IH NG	erving/irving	2
ER w AH n	irwin/urwin	2
ER w IH n	erwin/irwin(2)	2
EY CH	h/h.	2
EY CH IH z	h's/h.'s	2
EY EH m	a.m./am(2)	2
EY ER z	ayars/ayers(2)	2
EY JH ER z	agers/agers'	2
EY JH IH z	age's/ages(2)	2
EY JH IY	agee/eiji	2
EY b AH l z	abels/ables	2
EY b ER	aber/aybar	2
EY b IY s IY z	abc's/abcs	2
EY b r AH m z	abram's/abrams	2
EY d AH n	adan/aden	2
EY d AH z	ada's/adas	2
EY d EH n	aiden/aidenn	2
EY g AH n	agan/aygen(2)	2
EY k	ache/ake	2
EY k AO r n z	acorn's/acorns	2
EY k ER z	acres/akers	2
EY k IH n z	aikens/akins(2)	2
EY k IY	achy/aikey	2
EY k s	aches/aix(2)	2
EY l	ail/ale	2
EY l IH NG	ailing/ayling	2
EY l IY AH s	alias/allais(2)	2
EY l m AH n	aleman/alleman	2
EY n JH	ainge(2)/ange	2
EY n JH AH l	angel/angell	2
EY p EH k s	apec's/apex	2
EY s IY	ac/acey	2
EY s k j UW	ayscue/escue	2
EY s t	aced/aist	2
EY t AH n	aten/eyton	2
EY t IY n	eighteen/eighteen(2)	2
EY t IY n TH	eighteenth/eighteenth(2)	2
EY t IY n z	eighteen's/eighteens	2
EY t IY z	eighties/eighty's	2
EY v AH	ava/eva	2
EY v IY EY SH AH n	aviacion/aviation	2
IH CH	ich/itch	2
IH NG	ing/ng(2)	2
IH NG AH l h AA r t	englehardt/englehart	2
IH NG g AH l z	ingels/ingles	2
IH NG g l AH n d z	england's/englands	2
IH NG g r AH m	ingram/ingrum	2
IH NG k s	inc.'s/inks	2
IH SH	isch/ish	2
IH SH IY	ishee/ishi	2
IH SH UW ER z	issuer's/issuers	2
IH SH UW z	issue's/issues	2
IH SH m EY l	ishmael(2)/ishmail	2
IH d	id/ihde	2
IH d IH SH AH n z	edition's/editions	2
IH f	if/if(2)	2
IH f s	if's/ifs	2
IH g z AE m IH n ER z	examiners/examiners'	2
IH g z IH b AH t s	exhibit's/exhibits	2
IH k AA n AH m IH s	economist's(3)/economists(2)	2
IH k AA n AH m IY z	economies/economy's	2
IH k ER d	ikard/ikerd	2
IH k IY	ikey/ikie	2
IH k IY z	ickes/ickes'(2)	2
IH k s CH EY n JH IH z	exchange's/exchanges(2)	2
IH k s EH l z	excel's/excels	2
IH k s p AE n CH AH n z	expansion's(2)/expansions(2)	2
IH k s p AE n SH AH n z	expansion's/expansions	2
IH k s p EH r AH m AH n t s	experiment's/experiments	2
IH k s p l IH s AH t	explicit/explicite	2
IH k s p r EH s	express/express'	2
IH k s p r EH s IH z	express's/expresses(2)	2
IH k w IH p m AH n t s	equipment's/equipments	2
IH l	il/ill	2
IH l AE l AH s	ilalis/ilalis'	2
IH l EH k SH AH n z	election's/elections	2
IH l EH k t ER AH t s	electorate's/electorates	2
IH l EH k t r AA n	electron/elektron	2
IH l EH k t r AA n IH k s	electronics/electronics'	2
IH l EH k t r IH SH AH n z	electricians/electricians'	2
IH l EH k t r IH k s	electric's/electrics	2
IH l EH k t s	elect's/elects	2
IH l EH v AH n z	eleven's/elevens	2
IH l IH n OY z	illinois'/illinois's	2
IH l IH z AH b IH TH	elisabeth/elizabeth(2)	2
IH l UW ZH AH n AH s t s	illusionist's/illusionists	2
IH l UW s IH v	elusive/illusive	2
IH l g	ilg/illg	2
IH m AE n j UW AH l	emanuel/emmanuel	2
IH m AH g r AH n t s	immigrant's/immigrants	2
IH m AH l	imel/immel	2
IH m AH n AH n s	immanence/imminence	2
IH m AH n AH n t	immanent/imminent	2
IH m ER s	emerse/immerse	2
IH m ER s t	emersed/immersed	2
IH m b EH d	embed/imbed	2
IH m p AE k s	impacts(3)/impacts(4)	2
IH m p AE k t	impact/impact(2)	2
IH m p AE k t IH d	impacted/impacted(2)	2
IH m p AE k t s	impacts/impacts(2)	2
IH m p AE n AH l	empanel/impanel	2
IH m p AE n AH l d	empaneled/impaneled	2
IH m p AE s	impasse/impasse(2)	2
IH m p AH l s	impulse/impulse(2)	2
IH m p AH l s IH z	impulses/impulses(2)	2
IH m p AO r t	import/import(2)	2
IH m p AO r t ER z	importers/importers'	2
IH m p AO s t ER	imposter/impostor	2
IH m p l AE n t	implant/implant(2)	2
IH m p l AE n t s	implants/implants(2)	2
IH m p l OY IY z	employee's(2)/employees(2)	2
IH m p r AH v AY z	improvise/improvise(2)	2
IH m p r AH v AY z AH z	improvises/improvises(2)	2
IH m p r EH s	impress/impress(2)	2
IH m p r IH n t	imprint/imprint(2)	2
IH n AH n d EY t IH NG	inundating/inundating(2)	2
IH n CH	in.(2)/inch	2
IH n CH AE n ER z	enchanter's(4)/enchanters(4)	2
IH n CH AE n t ER z	enchanter's(2)/enchanters(2)	2
IH n CH AH z	inches/inches'	2
IH n CH AO n	incheon/inchon	2
IH n CH IH z	inches'(2)/inches(2)	2
IH n ER n AE SH AH n AH l	international(2)/internatonal(2)	2
IH n IH SH AH l IH NG	initialing/initialling	2
IH n SH UH r	ensure(2)/insure	2
IH n SH UH r AH n s IH z	insurance's/insurances	2
IH n SH UH r IH NG	ensuring(2)/insuring	2
IH n SH UH r d	ensured(2)/insured	2
IH n SH UH r z	ensures(2)/insures	2
IH n b AW n d	inbound/inbound(2)	2
IH n d AH s t r IY AA l IY	industriale/industriali	2
IH n d AH v IH JH AH w AH l z	individual's/individuals	2
IH n d AY t	indict/indite	2
IH n d AY t IH d	indicted/indited	2
IH n d EH k s IH z	index's/indexes	2
IH n d EH t IH d	indebted/indebted(2)	2
IH n d EH v ER	endeavor/endeavour	2
IH n d IH k	indic/indyk	2
IH n d IY	indie/indy	2
IH n f AE n t r IY m AH n	infantryman/infantrymen	2
IH n f AO r m EY SH AH n z	information's(2)/informations(2)	2
IH n f ER m EY SH AH n z	information's/informations	2
IH n f IH n IH t IY	infiniti/infinity	2
IH n f OW m ER SH AH l z	infomercial's/infomercials	2
IH n f j UH r IY EY t IH d	infuriated/infuriated(2)	2
IH n h AW s	in-house/inhouse	2
IH n j UW EH n d OW z	innuendoes/innuendos	2
IH n k AH m b AH n t s	incumbent's/incumbents	2
IH n k AO r p ER EY SH AH n z	incorporation's/incorporations	2
IH n k AO r p ER EY t IH d	incorporated/incorporated(2)	2
IH n k l AY n	incline/incline(2)	2
IH n k l AY n z	inclines/inclines(2)	2
IH n k l OW ZH ER	enclosure(2)/inclosure	2
IH n k r IY s	increase/increase(2)	2
IH n k r IY s AH z	increases/increases(3)	2
IH n k r IY s t	increased/increased(2)	2
IH n k w AY r ER	enquirer/inquirer	2
IH n k w AY r IY	enquiry/inquiry	2
IH n m AH n	inman/inmon	2
IH n m EY t s	inmate's/inmates	2
IH n s AH l t	insult/insult(2)	2
IH n s AH l t s	insults/insults(2)	2
IH n s AY d	inside/inside(2)	2
IH n s AY d z	insides/insides(2)	2
IH n s AY k l AH p IY d IY AH	encyclopaedia/encyclopedia	2
IH n s AY k l OW p IY d IY AH	encyclopaedia(2)/encyclopedia(2)	2
IH n s AY t	incite/insight	2
IH n s AY t s	incites/insights	2
IH n s EH k t s	insect's/insects	2
IH n s EH n s	incense/incense(2)	2
IH n s ER JH AH n t s	insurgents/insurgents'	2
IH n s ER t	insert/insert(2)	2
IH n s ER t s	inserts/inserts(2)	2
IH n s k OW	inscoe/insko	2
IH n s t IH t UW t s	institute's/institutes'	2
IH n t EH n d IH d	intended/intended(2)	2
IH n t ER b r UW	interbrew/interbrew(2)	2
IH n t ER b r UW z	interbrew's/interbrew's(2)	2
IH n t ER n AE SH AH n AH l z	international's/internationals	2
IH n t ER s t EY t s	interstate's/interstates	2
IH n t IH f AA d AH	intefadeh(2)/intifada	2
IH n t UW	into/into(2)	2
IH n t r IY g	intrigue/intrigue(2)	2
IH n t r IY g d	intrigued/intrigued(2)	2
IH n t r IY g z	intrigues/intrigues(2)	2
IH n v AH n t AO r IY z	inventories/inventory's	2
IH n v AY r AH n m AH n t s	environment's/environments	2
IH r AA n	eron/iran	2
IH r AE k IY z	iraqi's/iraqis	2
IH r AH z	era's(2)/eras	2
IH s AH	issa/issah	2
IH s IY	issie/issy	2
IH s l AA m	islam/islam(3)	2
IH s l AA m z	islam's/islam's(2)	2
IH s m EY l	ismael/ismail	2
IH s t EY t s	estate's/estates	2
IH t	it/it(2)	2
IH v AA n AH	ivana/ivanna	2
IH v EH n t s	event's/events	2
IH z	is/is(2)	2
IH z AH b EH l	isabel/isabelle	2
IH z AH n t	isn't/isn't(2)	2
IH z ER d	izard/izzard	2
IH z IY	izzi/izzy	2
IY AA n AH k OW n IY	iannaccone/iannacone	2
IY AH n	eon/ian	2
IY b AH	eba/iba	2
IY d	eade/ede	2
IY d AH	eda/iida	2
IY d AH n	edan/eden	2
IY d OW	edo/ido	2
IY g AH l z	eagle's/eagles	2
IY k AA n AH m IH s	economist's(4)/economists(3)	2
IY k AA n AH m IH s t s	economist's(2)/economists'(2)	2
IY k AA n AH m IY z	economies(2)/economy's(2)	2
IY l AH	ila/isla	2
IY l AY	eli/ely	2
IY l EH v AH n z	eleven's(2)/elevens(2)	2
IY l z	eales/eels	2
IY m EY l	e-mail/email	2
IY m EY l IH NG	e-mailing/emailing	2
IY m EY l d	e-mailed/emailed	2
IY m EY l z	e-mails/emails	2
IY r AE k IY z	iraqi's(2)/iraqis(2)	2
IY s t s	east's/eastes	2
IY t IY AA l AH JH IY	etiology/etiology(2)	2
IY t OW z	ito's/ito's(2)	2
IY t m AH n	eatman/eatmon	2
IY v AH	eva(2)/iva	2
IY v AH l s AY z ER	evilsizer/evilsizor	2
IY v EH n t s	event's(2)/events(2)	2
IY v n IH NG z	evening's/evenings	2
IY v z	eaves/eves	2
JH AA NG	giang(2)/jiang	2
JH AA k IH m	jochem/jochim	2
JH AA l IH f	jolliff/jolliffe	2
JH AA n IY z	johnnie's/johnny's	2
JH AA n OW t IY	giannotti/gianotti	2
JH AA r	jahr/jar	2
JH AA r d	giard(2)/jarred	2
JH AA r m AH n	jarman/jarmin	2
JH AA r v IY	jarvi/jarvie	2
JH AA s AH n	johson/josten	2
JH AA s IH l AY n	josceline/joscelyne	2
JH AA s IH l IH n	joscelyn/josselyn	2
JH AA s l IH n	josleyn/joslin	2
JH AE NG k AH	janca/janka	2
JH AE NG k OW	janco/janko	2
JH AE g ER	jaegar/jagger	2
JH AE g ER z	jagger's/jaggers	2
JH AE g w AA r z	jaguar's/jaguars	2
JH AE k AH t	jacket/jacot	2
JH AE k IH t	jacket(2)/jackett	2
JH AE k s AH n z	jackson's/jacksons	2
JH AE m	jam/jamb	2
JH AE m z	jam's/jams	2
JH AE n AH	jana/janna	2
JH AE n IH k	janick/janicke	2
JH AE n IH s	janice(2)/janis	2
JH AE n j UW EH r IY	jan.(2)/january	2
JH AE s	jas/jass	2
JH AE s IH n TH	jacinth/jacinthe	2
JH AE s p ER z	jasper's/jaspers	2
JH AE z m AH n	jasmine/jazzmen	2
JH AH JH m AH n t	judgement/judgment	2
JH AH JH m AH n t s	judgements/judgments	2
JH AH JH m EH n t AH l	judgemental/judgmental	2
JH AH NG g AH l z	jungels/jungles	2
JH AH NG k	juhnke/junk	2
JH AH NG k IY	junkie/junky	2
JH AH b AA r	jabar/jabbar	2
JH AH d s AH n	judsen/judson	2
JH AH k AA r t AH	djakarta/jakarta	2
JH AH k AA r t AH z	djakarta's/jakarta's	2
JH AH n AA t AH	janata/jannotta	2
JH AH n EH l IY	gianelli/giannelli	2
JH AH n EH r OW	janeiro/janiero	2
JH AH n IY n IY	gianini/giannini	2
JH AH p AE n z	japan's/japans	2
JH AH s t AH n	justen/justin	2
JH AH s t AH s	justice/justus	2
JH AO r JH IH z	george's(2)/georges(2)	2
JH AO r JH IY OW	georgio/giorgio	2
JH AO r JH IY n	georgene/georgine	2
JH AO r d AH n z	jordan's/jordans	2
JH AO r g IH n s AH n	jorgensen/jorgenson	2
JH AY b	gibe/jibe	2
JH AY b z	gibes/jibes	2
JH AY n z	gines/jines	2
JH EH NG	geng/jeong	2
JH EH NG k AH n z	jenkens/jenkins	2
JH EH NG k s	jencks/jenks	2
JH EH d IY	geddie/jedi	2
JH EH f ER	geffre/jeffer	2
JH EH f ER IY	jefferey/jeffery	2
JH EH f ER IY z	jefferies'/jefferys	2
JH EH f k OW t	jefcoat/jeffcoat	2
JH EH f s	jeff's/jeffs	2
JH EH h AH l	gehle/jehle	2
JH EH k	geck/jech	2
JH EH k AH l	jekel/jekyll	2
JH EH l IY	jelley/jelly	2
JH EH l IY z	jellies/jelly's	2
JH EH l t AH n	gjelten/jelton	2
JH EH l z	gelles/gels	2
JH EH m IY	jemie/jemmie	2
JH EH n AH v IY z	genovese/genovise	2
JH EH n ER AH l z	general's/generals	2
JH EH n ER EY SH AH n z	generation's/generations	2
JH EH n ER EY t ER z	generator's/generators	2
JH EH n IH s AH n	jenison/jennison	2
JH EH n k AO r	gencor/gencorp(2)	2
JH EH n r AH l z	general's(2)/generals(2)	2
JH EH n t	gent/jent	2
JH EH n t AY l z	gentile's/gentiles	2
JH EH r AH n	geran/geron	2
JH EH r IH k	gericke/gerrick	2
JH EH r IH k OW	jericho/jerrico	2
JH EH r IH t s	gerrits/jerritts	2
JH EH r IY z	gerry's/jerry's	2
JH EH r OW	gero/gerow	2
JH EH s	gess/jess	2
JH EH s AH m IH n	jessamine/jessamyn	2
JH EH s AH n	jessen/jesson	2
JH EH s k	geske/jeske	2
JH EH s p ER s AH n	jespersen/jesperson	2
JH EH s t	gest/jest	2
JH EH s t ER z	jester's/jesters	2
JH EH t l AY n ER z	jetliner's/jetliners	2
JH EH t s t r IY m z	jetstream's/jetstreams	2
JH ER AA CH IY	gerace/geraci	2
JH ER AA r d	gerard/girard	2
JH ER d	gjerde/jerde	2
JH ER g AH n	juergen(2)/jurgen	2
JH ER m	germ/germe	2
JH ER m AH n	german/jerman	2
JH ER m AH n IY z	germany's/germanys	2
JH ER n AH l z	journal's/journals	2
JH ER n IY	journey/jurney	2
JH ER t IY	gertie/gerty	2
JH ER z IY	jersey/jerzy	2
JH ER z IY z	jersey's/jerseys	2
JH EY d AH n	jayden/tjaden	2
JH EY k AH b s AH n	jacobsen/jacobson	2
JH EY k s	jake's/jakes	2
JH EY l z	jail's/jails	2
JH EY m IH s AH n	jamieson/jamison	2
JH EY m IY z	jamie's/jaymes	2
JH EY m z	james/james'	2
JH EY n IY	janey/janie	2
JH IH NG	ging/jing	2
JH IH NG g AH l z	gingles/jingles	2
JH IH b	gibb/jib	2
JH IH b AH n IY	gibboney/giboney	2
JH IH l	jil/jill	2
JH IH l IY AH n	gillian/jillian	2
JH IH l j AH n	jillian(2)/jillion	2
JH IH m	gym/jim	2
JH IH m ER s AH n	jimerson/jimmerson	2
JH IH n IY	ginnie/ginny	2
JH IH p	gipp/gyp	2
JH IH s t	gist/just(2)	2
JH IY AA NG	giang/jiang(2)	2
JH IY AA n	geon/gian	2
JH IY OW v AA n IY z	g'vanni's/giovanni's	2
JH IY l	giel/jheel	2
JH IY n AH z	gina's/ginas	2
JH IY n OW	geno/gino	2
JH IY p s	jeep's/jeeps	2
JH IY s	gees/giese	2
JH IY s IY	giesey/gisi	2
JH IY t ER	jeeter/jeter	2
JH IY z AH s	jesus/jesus'	2
JH OW AE n	joann/joanne	2
JH OW b	job(2)/jobe	2
JH OW b z	job's(2)/jobes	2
JH OW h AE n IH s AH n	johannesen/johannessen	2
JH OW k AA r	dzhokhar/dzokhar	2
JH OW l s AH n	joelson/jolson	2
JH OW n	joan/jone	2
JH OW n IY	joanie/joni	2
JH OW n z IH z	jones's/joneses	2
JH OW s AH f	josef/joseph	2
JH OW v AA n EH t IY	giovanetti/giovannetti	2
JH OW z AH f	joseph(2)/jozef	2
JH OW z AH f IY n AH	josefina(2)/josephina(2)	2
JH OW z IY	josey/josie	2
JH OY	joy/joye	2
JH OY n ER	joiner/joyner	2
JH OY n t	joint/joynt	2
JH OY s	joice/joyce	2
JH OY z	joy's/joys	2
JH UH r AH z	jura's/juras	2
JH UW AH l	jewel/juul	2
JH UW IH t	jewett/jewitt	2
JH UW b AH l IY	jubilee/jubilee(2)	2
JH UW d IY	judi/judy	2
JH UW k s	jewkes/jukes	2
JH UW l IH n	juhlin/julin	2
JH UW l IY	juli/julie	2
JH UW l IY AA n OW	giuliano/juliano	2
JH UW l IY AA r d	juilliard/julliard	2
JH UW l IY AH n	julian/julien	2
JH UW l IY EH t	juliet/juliette	2
JH UW l IY OW	giulio/julio	2
JH UW l j AH n	julian(2)/juliann(2)	2
JH UW n	joon/june	2
JH UW n OW	juneau/juno	2
JH UW n j ER	jr/junior	2
JH UW n j ER z	junior's/juniors	2
JH UW n z	june's/junes	2
JH UW t	juett/jute	2
JH UW v AH n AH l z	juvenile's/juveniles	2
JH UW v AH n AY l z	juvenile's(2)/juveniles(2)	2
OW AH n z	owen's/owens	2
OW SH AA n IH s IY	o'shaughnessy/oshaughnessy	2
OW SH AH n z	ocean's/oceans	2
OW SH EY	o'shea/oshea	2
OW b AA r	o'barr/obarr	2
OW b AA r AH	o'bara/obara	2
OW b AE n AH n	o'bannon/obannon	2
OW b AE n j AH n	o'banion/obanion	2
OW b AH	oba/ohba	2
OW b EH r IY	o'berry/oberry	2
OW b ER AH l	o'berle/oberle	2
OW b ER g	o'berg/oberg	2
OW b ER m AY ER	obermeier/obermeyer	2
OW b IH t	obit/obit(2)	2
OW b IH t s	obits/obits(2)	2
OW b OY l	o'boyle/oboyle	2
OW b r AE d AH v IH CH	o'bradovich/obradovich	2
OW b r AY IH n	o'brien/obrien	2
OW b r EH n AH v IH CH	o'brenovich/obrenovich	2
OW b r IH NG ER	o'bringer/obringer	2
OW b r IH n s k IY	o'brinsky/obrinsky	2
OW d	ode/owed	2
OW d AA n AH h UW	o'donoghue/odonoghue(2)	2
OW d AA n AH l d	o'donald/odonald	2
OW d AA n AH v AH n	o'donovan/odonovan	2
OW d AH m	odom/odum	2
OW d AH n	oden/odin	2
OW d AW d	o'dowd/odowd	2
OW d EH l	o'dell/odell	2
OW d EH l IY	o'deli/odele	2
OW d IY AH n	odeon/odiaun	2
OW d OW ER t IY	o'doherty(2)/odoherty(2)	2
OW d r IH s k AA l	o'driscoll/odriscoll	2
OW f AE l AH n	o'fallon/ofallon	2
OW f AE r AH l	o'farrell/ofarrell(2)	2
OW f l EY ER t IY	o'flaherty(2)/oflaherty(2)	2
OW f l EY h ER t IY	o'flaherty/oflaherty	2
OW f l IH n	o'flynn/oflynn	2
OW g AO r m AH n	o'gorman/ogorman	2
OW g UW IY n	o'guin/oguin	2
OW g r EY d IY	o'grady/ogrady	2
OW g w IH n	o'guinn/oguinn	2
OW h AA SH IY	o'hashi/ohashi	2
OW h AE n l AH n	o'hanlon/ohanlon	2
OW h AH n EH ZH IH n	o'hanesian/ohanesian	2
OW h EH r AH	o'hara/ohara	2
OW h EH r AH n	o'herron/oherron	2
OW h EH r AH z	o'hara's/ohara's	2
OW h ER AH	o'harra/oharra	2
OW h EY g AH n	o'hagan(2)/ohagan(2)	2
OW h EY n IY AH n	o'hanian/ohanian	2
OW h EY v ER	o'haver/ohaver	2
OW k	oak/olk	2
OW k AA n AH l	o'connell/oconnell	2
OW k AE l AH g AH n	o'callaghan/ocallaghan	2
OW k AE l AH h AE n	o'callahan/ocallahan	2
OW k AE m p OW	o'campo/ocampo	2
OW k AE n AH	o'cana/ocana	2
OW k AE n AH z	o'canas/ocanas	2
OW k AE r AH l	o'carroll/ocarroll	2
OW k EH r AH l	o'carroll(2)/ocarroll(2)	2
OW k EY	ok/okay	2
OW k EY n	o'kane/okane	2
OW k l EH r	auclair/eau-claire	2
OW k l ER	o'clair/oclair	2
OW k w IY n	oquin/oquinn	2
OW l AH	ola/olah(2)	2
OW l AO k l IH n	o'laughlin/olaughlin	2
OW l AW k l IH n	o'loughlin/oloughlin	2
OW l EY	olay/ole(2)	2
OW l IH m p AH s	olympus/olympus'	2
OW l IH m p IY AE d	olympiad/olympiads	2
OW l IH n	ohlin/olin	2
OW l IH r	o'lear/olear	2
OW l IH r IY	o'leary/oleary	2
OW l SH EH f s k IY	olshefski/olszewski	2
OW l d	old/olde	2
OW l d f AE SH AH n d	old-fashioned/oldfashioned	2
OW l d z	old's/olds	2
OW l d z m OW b IY l z	oldsmobile's/oldsmobiles	2
OW l r IH k	oelrich/ohlrich	2
OW l s AH n z	olsen's/olson's	2
OW l t	oldt/olt	2
OW l t m AH n	oltman/oltmann	2
OW m	oehme/ohm	2
OW m AA r	omaar/omar	2
OW m AA r s k AH	o'marska/omarska	2
OW m AE l IY	o'malley/omalley	2
OW m AH n z	oehmens/omens	2
OW m AO r IY	o'mori/omori	2
OW m ER	ohmer/omer	2
OW m IY r AH	o'meara/omeara	2
OW m z	ohm's/ohms	2
OW n	oanh/own	2
OW n AA s IH s	onassis'(2)/onassis(2)	2
OW n AE s IH s	onassis/onassis'	2
OW p AH l z	opal's/opel's	2
OW s AA k IY	osake/osaki	2
OW s IH l AH	o'cilla/ocilla	2
OW t IH s	oatis/otis	2
OW t IY	ot(2)/otey	2
OW t s	oates/oats	2
OW v ER AE k t IH d	overacted/overacted(2)	2
OW v ER IY	ovary/overy	2
OW v ER b IY	overbey/overby	2
OW v ER d UW	overdo/overdue	2
OW v ER f l OW	overflow/overflow(2)	2
OW v ER l IY	overley/overly	2
OW v ER n AY t	overnight/overnite	2
OW v ER s IY	oversea/oversee	2
OW v ER s IY z	overseas/oversees	2
OW v ER t	overt/overt(2)	2
OW v IH t s	ovitt's/ovitz	2
OY l z	oil's/oils	2
SH	sh/shh	2
SH AA IY n m AH n	schoeneman/schoenemann	2
SH AA TH	sha'ath/shaath	2
SH AA b ER t	schobert/shobert	2
SH AA d	schaad/shod	2
SH AA k ER	shakur/shocker	2
SH AA m b ER g	schomberg/schomburg	2
SH AA p k IY p ER z	shopkeeper's/shopkeepers	2
SH AA r AH	shara/sharaa	2
SH AA r ER	scharrer/sharrer	2
SH AA r IY	shari/sharry	2
SH AA r b AH n OW	charboneau/charbonneau	2
SH AA r m EY n	charmain/charmaine	2
SH AA r p IY	sharpie/sharpy	2
SH AA r p IY z	sharpies/sharpy's	2
SH AA r p SH UW t ER	sharpshooter/sharpshooter(2)	2
SH AA r p l IY	sharpley/sharply	2
SH AA r p s	sharp's/sharps	2
SH AA s t AH k	shostak/szostak	2
SH AE NG k AH l	shankel/shankle	2
SH AE NG k AH n	shangkun/shanken	2
SH AE d AH k	shaddock/shadduck	2
SH AE d AH l	schadel/shadel	2
SH AE d AH n	schaden/shadden	2
SH AE f	schaff/shaff	2
SH AE f l ER	schaeffler/schaffler	2
SH AE f n ER	schaffner/shaffner	2
SH AE k AH l t AH n z	shackleton's/shackletons	2
SH AE l IY	challis/shali	2
SH AE l OW	schalow/shallow	2
SH AE m AH l	schamel/shamel	2
SH AE m p	schamp/shamp	2
SH AE m p UW	champoux/shampoo	2
SH AE n AH	shana/shanna	2
SH AE n AH h AE n	shanahan/shannahan	2
SH AE n t IY	shanti/shanty	2
SH AE n t s	schantz/shantz	2
SH AE p AH l	schappell/shappell	2
SH AE r AH n	sharon/sharron	2
SH AE t	schadt/shatt	2
SH AE t n ER	schattner/shatner	2
SH AE t s	schatz/shatz	2
SH AH NG k	schunk/shunk	2
SH AH f	schuff/shuff	2
SH AH g AA r t	shugart/shughart	2
SH AH k s	shucks/szucs	2
SH AH l t	schult/schulte	2
SH AH l t s	schultes/shults	2
SH AH m p ER t	schumpert/shumpert	2
SH AH m s k IY	shumsky/szumski	2
SH AH p	schupp/shupp	2
SH AH p IH r OW	shapero/shapiro	2
SH AH p IH r OW z	shapiro's/shapiros	2
SH AH t AH l z	shuttle's/shuttles	2
SH AH t ER	schutter/shutter	2
SH AO b	schaub/shaub	2
SH AO f	schoff/shoff	2
SH AO l ER	schaller/shawler	2
SH AO n AH	shauna/shawna	2
SH AO n z	sean's/shawn's	2
SH AO r n	schorn/shorn	2
SH AO r t	short/shortt	2
SH AO r t l AY v d	short-lived/shortlived(2)	2
SH AO r t s AY t IH d	short-sighted/shortsighted	2
SH AO r t t ER m	short-term/shortterm	2
SH AW ER	schauer/shower	2
SH AY	shai/shy	2
SH AY EH n z	cheyenne's/cheyennes	2
SH AY b	scheib/scheibe	2
SH AY d	scheid/shied	2
SH AY d AH l ER	scheidler/shidler	2
SH AY d l ER	scheidler(2)/shidler(2)	2
SH AY n ER	scheiner/shiner	2
SH AY n b ER g	scheinberg/sheinberg	2
SH EH NG k ER	schenker/shenker	2
SH EH d	shed/shedd	2
SH EH d AH l ER	schaedler/schedler	2
SH EH d l ER	schaedler(2)/schedler(2)	2
SH EH f l ER	scheffler(2)/sheffler	2
SH EH f s	chef's/chefs	2
SH EH h AH n	shehan/shehane	2
SH EH k AH l	scheckel/shekel	2
SH EH k s	sheck's/shek's	2
SH EH k t ER	schechter/schecter	2
SH EH l AE k	shellac/shellack	2
SH EH l AH n b ER g ER	schellenberger/shellenberger	2
SH EH l ER	sheller/shelor	2
SH EH l IY	shelley/shelly	2
SH EH l d AH n	shelden/sheldon	2
SH EH l h AH m ER	schellhammer/shelhamer	2
SH EH l h ER n	schellhorn/shellhorn	2
SH EH l m AH n	shellman/shelman	2
SH EH l z	shell's/shells	2
SH EH m AH l	schemel/schemmel	2
SH EH r AH d	sherod/sherrod	2
SH EH r AH f s	sheriff's/sheriffs	2
SH EH r AH n	sharon(2)/sherron	2
SH EH r ER d	sherard/sherrard	2
SH EH r IH NG	schering(2)/sharing	2
SH EH r IH f	sheriff(2)/sherriff	2
SH EH r IH k	sherick/sherrick	2
SH EH r IH n	sherin/sherrin	2
SH EH r IH t	sherrit/sherritt	2
SH EH r IY z	sherri's/sherry's	2
SH EH t ER	schetter/shetter	2
SH EH t l ER	schettler(2)/shetler	2
SH EH v r AH l EY z	chevrolet's/chevrolets	2
SH EH v r OW l EY z	chevrolet's(2)/chevrolets(2)	2
SH ER AA r	sharar/sharrar	2
SH ER AE n s k IY	sharansky/shcharansky	2
SH ER b UH r n	sherbourn/sherbourne	2
SH ER f	scherf/scherff	2
SH ER k	sherk/shirk	2
SH ER l IY n	shirleen/shirlene	2
SH ER t l IH f	shurtleff/shurtliff	2
SH EY b ER	schaber/shaber	2
SH EY d	schade/shade	2
SH EY d ER	schader/shader	2
SH EY d IY	shady/sze-di	2
SH EY k AH n	shaiken/shaken	2
SH EY m AH s	seamus/shamus	2
SH EY n ER	schaner/shaner	2
SH EY v	schave/shave	2
SH IH NG	shing/xing	2
SH IH NG k AH l	schinkel/shinkle	2
SH IH f	schiff/shiff	2
SH IH f ER	schiffer/shiffer	2
SH IH f l ER	schiffler(2)/shiffler	2
SH IH f m AH n	schiffman/shiffman	2
SH IH k	schick/shick	2
SH IH l	schill/shill	2
SH IH l ER	schiller/shiller	2
SH IH l IH NG	schilling/shilling	2
SH IH l t	schildt/schilt	2
SH IH l t s	schiltz/shilts	2
SH IH m AE n s k IY	shemanski/szymanski	2
SH IH m IH k	schimek/shimek	2
SH IH n d AH l	schindel/shindle	2
SH IH n d l ER	schindler/shindler	2
SH IH n d l ER z	schindler's/shindler's	2
SH IH p	ship/shipp	2
SH IH p ER	schipper/shipper	2
SH IH p j AA r d z	shipyard's/shipyards	2
SH IH r AH	shira/shirah	2
SH IH r EH l	shirell/shirelle	2
SH IH r IH n	shearin/sheerin	2
SH IH r d	sheard/sheared	2
SH IH t s	shit's/shits	2
SH IH v l IY	shiveley(2)/shivley	2
SH IY AH	shia/shiah	2
SH IY AH n	sheahan/sheehan	2
SH IY l d	schield/shield	2
SH IY l d z	shield's/shields	2
SH IY m AH n	schiemann/shimon(2)	2
SH IY m OW n	shimon/shimone	2
SH IY n z	sheen's/sheens	2
SH IY p s	sheep's/sheeps	2
SH IY r z	shear's/shears	2
SH OW b AA n AH	shobana/shobanna	2
SH OW b AA n AH z	shobana's/shobanna's	2
SH OW b AH l	schauble/schobel	2
SH OW b ER	schober/shober	2
SH OW b ER g	shoberg/sjoberg	2
SH OW f	shoaf/shoaff	2
SH OW f ER	chauffeur/chauffeur(2)	2
SH OW f ER d	chauffeured/chauffeured(2)	2
SH OW k	schoeck/szoke	2
SH OW l	schaul/scholle	2
SH OY ER m AH n	scheuerman/scheuermann	2
SH UH d	schuld/should	2
SH UH g ER z	sugar's/sugars	2
SH UH k	schook/shook	2
SH UH l	schul/schull	2
SH UW ER m AH n	schuerman/schuermann	2
SH UW IY	shuey/shui	2
SH UW b ER t	schubert/shubert	2
SH UW l AH n b ER g	schulenberg/schulenburg	2
SH UW m ER	schumer/shumer	2
SH UW m EY t	shoemate/shumate	2
SH UW n AH m AH n	schueneman/schuenemann	2
SH UW t ER z	shooter's/shooters	2
SH UW z	shoe's/shoes	2
SH l EH NG k ER	schlenker/shlenker	2
SH l EH s IH n JH ER	schlesinger/schlessinger	2
SH l IH k ER	schlicher/schlicker	2
SH l IH k t	schlicht/schlict	2
SH l IY	schlee/schlie	2
SH m AA l	schmahl/schmoll	2
SH m IH t s	schmidt's/schmitz	2
SH m UW z	schmooze/shmooze	2
SH m UW z IH NG	schmoozing/shmoozing	2
SH n AY ER	schneier/schnier	2
SH n EH l	schnell/schnelle	2
SH n ER	schnur/schnurr	2
SH n IY b ER g ER	schneberger/schneeberger	2
SH r AE NG k	schrank/shrank	2
SH r AE m IH k	shramek/sramek	2
SH r AH m	schrum/shrum	2
SH r AO f	schroff/shroff	2
SH r EH d ER	schraeder/shredder	2
SH r EH f l ER	schreffler(2)/shreffler	2
SH r EH m p	schremp/schrempp	2
SH r IY	shri/sri	2
SH r IY v	shreeve/shreve	2
SH r OW d ER z	schroders/schroeder's	2
SH r OY ER	schroyer/shroyer	2
SH r UW z b EH r IY	shrewsberry/shrewsbury(2)	2
SH t IH k	schtick/shtick	2
SH w AO l b	schwalb/schwalbe	2
SH w AO n	schwahn/schwan	2
SH w AO r t s k AO f	schwartzkopf(2)/schwarzkopf(2)	2
SH w AO r t s k AO p f	schwartzkopf/schwarzkopf	2
SH w AO r t s m AH n	schwartzman/schwarzman	2
SH w AY g ER	schwaiger/schweiger	2
SH w AY k ER t	schweickert/schweikert	2
SH w EH NG k	schwenk/schwenke	2
TH AA r p	tharp/tharpe	2
TH AE CH	thach/thatch	2
TH AE CH ER z	thatcher's/thatchers	2
TH AE NG k s	thank's/thanks	2
TH AE g ER d	thagard/thaggard	2
TH AE k s t AH n	thackston/thaxton	2
TH AH l	thul/thull	2
TH AO r OW	thoro/thorough(2)	2
TH AO r m AH n d	thormond/thormund	2
TH AO r n	thorn/thorne	2
TH AO r n b EH r IY	thornberry/thornbury	2
TH AO r n d IH k s	thorndike's/thorndikes	2
TH AO r n z	thorn's/thorns	2
TH AO r n z b EH r IY	thornsberry/thornsbury	2
TH AO r p	thorp/thorpe	2
TH AO r s AH n	thorsen/thorson	2
TH AY l	theil/theile	2
TH AY s AH n	theisen/theissen	2
TH EH r IY OW	theriault/therriault	2
TH ER OW	thoreau/thorough	2
TH ER d z	third's/thirds	2
TH ER m	therm/thurm	2
TH ER m AH n	thurman/thurmon	2
TH ER n ER	thurner/thurnher	2
TH ER s t AH n	thurstan/thurston	2
TH ER t IY z	thirties/thirty's(2)	2
TH ER z d EY z	thursday's(2)/thursdays	2
TH ER z d IY z	thursday's/thursdays(2)	2
TH EY ER z	thayer's/thayers	2
TH IH NG k IH n	thinkin/thinkin'	2
TH IH NG k s	think's/thinks	2
TH IH b AH d OW	thibodeau/thibodeaux	2
TH IH b ER t	thibert/thibert(2)	2
TH IH n z	thinnes/thins	2
TH IH r IY z	theories/theory's	2
TH IY AH t ER	theater/theatre	2
TH IY ER IY z	theories(2)/theory's(2)	2
TH IY d	thede/thiede	2
TH IY l m AH n	thielemann/thielman	2
TH IY m AH n	thieman/thiemann	2
TH IY s AH n	thiesen/thiessen	2
TH IY v z	thieves/thieves'	2
TH OW l	thoele/thole	2
TH OW n	thoen/thone	2
TH UW m AH n	thuman/thumann	2
TH r IH f s	thrifts'(2)/thrifts(2)	2
TH r IY t	threatt/threet	2
TH r IY z	three's/threes	2
TH r OW n	throne/thrown	2
TH r OW z	throes/throws	2
TH r UW w EY	throughway/thruway	2
UW l ER	uhler/uhlir	2
UW l m AH n	uhlman/uhlmann	2
UW n AH	oona/una	2
ZH AA ZH AA	zsa-zsa/zsazsa	2
ZH AA n b EH r t r AA n d	jean-bertrand/jeanbertrand(2)	2
ZH ER d z	gerdes/gerdes'	2
ZH IH b OW	gibeau/gibeault	2
ZH UW	zhou/zhu	2
b AA	ba(2)/bah	2
b AA CH	boche/botch	2
b AA NG g OW	bango/bongo	2
b AA SH	baasch/bosh	2
b AA SH AH	basha/bhatia	2
b AA b ER	bobber/bober	2
b AA b IH t	bobbett/bobbitt	2
b AA b IH t s	bobbitt's/bobbitts	2
b AA d IY z	bodies/body's	2
b AA g AH n	bogen/boggan	2
b AA h AH n AA n	bohannon/bohanon	2
b AA k AH s	baucus/bockus	2
b AA k ER	bachar/bacher	2
b AA k n ER	bachner/bochner	2
b AA k s	box/boxx	2
b AA k s ER z	boxer's/boxers	2
b AA l AH	bala/bolla	2
b AA l EH n t IY n IY	balentine/ballentine	2
b AA l ER	bahler/boller	2
b AA l b EH k	baalbek/baalbeq	2
b AA l d AA s AA r IY	baldassare/baldassari	2
b AA l m AH n	bollman/bollmann	2
b AA m ER z	bomber's/bombers	2
b AA m b ER g ER	baumberger(2)/bomberger	2
b AA m g AA r d n ER	baumgardner(2)/bomgardner	2
b AA m g AA r t	baumgardt(2)/baumgart(2)	2
b AA n ER	bahner/bonnor	2
b AA n IH b EH l	bonnibel/bonnibelle	2
b AA n IH t	bohnet/bonnett	2
b AA n d	bond/bonde	2
b AA n d IY	bondi/bondy	2
b AA n d h OW l d ER z	bondholders/bondholders'	2
b AA n j AH	banja/banya	2
b AA n t	bondt/bonte	2
b AA p	bop/bopp	2
b AA r AA t	bharat/bharath	2
b AA r AA t AH	baratta/bharata	2
b AA r AH	bara/barra	2
b AA r AH k	barack/barak	2
b AA r EH t OW	barreto/barretto	2
b AA r IY z	bari's/baris	2
b AA r SH	barsch/barsh	2
b AA r b	barb/barbe	2
b AA r b EH l	barbel/barbell	2
b AA r b ER IY	barbaree/barbary	2
b AA r b IH k j UW d	barbecued/barbequed	2
b AA r b IY z	barbie's/barbies	2
b AA r b OW	barbeau/barbo	2
b AA r b r AH	barbara(2)/barbra	2
b AA r b z	barb's/barbs	2
b AA r d	bard/barred	2
b AA r d AH l f	bardulf/bardulph	2
b AA r g m AH n	bargman/bargmann	2
b AA r k AH s	barcus/barkus	2
b AA r k d AH l	barkdoll/barkdull	2
b AA r k s	barkes/barks	2
b AA r l OW	barlow/barlowe	2
b AA r n EH t	barnett/barnette	2
b AA r n IY	barney/barny	2
b AA r n IY z	barney's/barneys	2
b AA r n h AA r t	barnhardt/barnhart	2
b AA r n z	barnes/barns	2
b AA r t AH k	bartak/bartok	2
b AA r t AH l z	bartels/bartles	2
b AA r t AH n	barten/barton	2
b AA r t OW	barto/bartow	2
b AA r t n IH k	bartnick/bartnik	2
b AA s AH l ER	bosler/bossler	2
b AA s t	bossed/bost	2
b AA t AH l	bottel/bottle	2
b AA t AH m z	bottom's/bottoms	2
b AA t ER f	bottorf/bottorff	2
b AA t IY	bhatti/bhatti(2)	2
b AA t IY s t IY	battiste/battisti	2
b AA t l ER z	bottlers/bottlers'	2
b AA z n IY AH n z	bosnian's/bosnians	2
b AA z n IY AH z	bosnia's/bosnias	2
b AE CH	bache/batch	2
b AE CH IH z	bache's/batches(2)	2
b AE CH l ER z	bachelor's(2)/bachelors	2
b AE JH ER z	badger's/badgers	2
b AE NG g AH l AO r	bangalor/bangalore	2
b AE NG k AA k	bangkok/bangkok(2)	2
b AE NG k AO r p	bancorp/bankcorp	2
b AE NG k OW	banco/banko	2
b AE NG k r AH p t s IY	bankrupcty/bankruptcy(2)	2
b AE NG l AH d EH SH IY z	bangladeshi's/bangladeshis	2
b AE SH	basch/bash	2
b AE SH AH m	basham/bassham	2
b AE b	bab/babb	2
b AE b AH l	babble/babel	2
b AE b AH t s	babbitt's/babbitts	2
b AE b IH n OW	babineau/babineaux	2
b AE b IH t	babbit/babbitt	2
b AE b UW n z	baboon's/baboons	2
b AE b z	babbs/babs	2
b AE d AE s	bad-ass/badass	2
b AE d l IY	badley/badly	2
b AE g IY	baggie/baggy	2
b AE g d AE d	bagdad/baghdad	2
b AE g l IY	baghli/bagley	2
b AE g n AH l	bagnall/bagnell	2
b AE g z	baggs/bags	2
b AE k AH p	back-up/backup	2
b AE k ER	backer/bakker	2
b AE k IH s	bacchus/bacus	2
b AE k s t	bakst/baxt	2
b AE k t AH l	bachtel/bachtell	2
b AE l AH s	balas/ballasts(2)	2
b AE l EY z	ballet's/ballets	2
b AE l IH n	balin/ballin	2
b AE l IY	balli/bally	2
b AE l TH AH s ER	balthasar/balthaser	2
b AE l k AH m	balcom/balkcom	2
b AE m	bahm/bam	2
b AE m b ER g	bamberg/bamburg	2
b AE n AH n	bannan/bannon	2
b AE n ER z	banner's/banners	2
b AE n IH s t ER	banister/bannister(2)	2
b AE n SH IY	banshee/banshee(2)	2
b AE n d	band/banned	2
b AE n d z	band's/bands	2
b AE n t AH m z	bantam's/bantams	2
b AE p t AY z d	baptized/baptized(2)	2
b AE r AH SH	barasch/barash	2
b AE r IH k	barich/barrick	2
b AE r IH t	barret/barrett	2
b AE r IY	barrie/barry	2
b AE s	bass/basse	2
b AE s IH t	basset/bassett	2
b AE s IH z	bass's(2)/basses	2
b AE s f ER d	basford/bassford	2
b AE s k	bask/basque	2
b AE s k AH t b AO l z	basketball's/basketballs	2
b AE s k s	basks/basques	2
b AE s t AH n	bastien/baston	2
b AE s t ER d z	bastard's/bastards	2
b AE s t IH l	bastille/bastille(2)	2
b AE t AH l z	battle's/battles	2
b AE t IH s AH n	bateson/battison	2
b AE t IY	battey/batty	2
b AE t s AH n	bateson(3)/batson	2
b AH CH k OW	buchko/butchko	2
b AH JH IH n s k IY	budzinski/budzynski	2
b AH JH IH t s	budget's/budgets	2
b AH NG k	bunk/bunke	2
b AH NG k AO f s k IY	bankowski/bonkowski	2
b AH SH m AH n	buschman/buschmann	2
b AH b	bub/bubb	2
b AH b AH	baba/bubba	2
b AH b IH n s k IY	babinski/bobinski	2
b AH b UW n z	baboon's(2)/baboons(2)	2
b AH d IY	buddie/buddy	2
b AH d IY z	buddies/buddy's	2
b AH d OW	badeau/badeaux	2
b AH d n IH k	budnick/budnik	2
b AH d n IY	budney/budny	2
b AH d r OW	budreau/budrow	2
b AH f AH l OW z	buffalo's/buffalos	2
b AH f AH t s	buffets/buffett's	2
b AH f ER d	buffered/bufford	2
b AH f k IH n	buffkin/bufkin	2
b AH f s	buff's/buffs	2
b AH g z	buggs/bugs	2
b AH k	buc/buck	2
b AH k AH l	buckel/buckle	2
b AH k AH l ER	buchler/buckler	2
b AH k AH l z	buckels/buckles	2
b AH k AH n	buchan/buchen	2
b AH k IY	buckey/bucky	2
b AH k h OW l t s	buchholtz/buckholtz	2
b AH k h OW l z	buchholz/buckholz	2
b AH k l ER	buchler(2)/buckler(2)	2
b AH k n ER	buchner/buckner	2
b AH k s b AW m	buchsbaum/buxbaum	2
b AH l IH JH ER AH n s	beligerence/belligerence	2
b AH l IH JH ER AH n t	beligerent/belligerent	2
b AH l OW n IY	baloney/bologna	2
b AH n CH	bunch/bunche	2
b AH n EY	b'nai/benet(2)	2
b AH n IY t OW	benito(2)/bonito	2
b AH n JH IY	bungee/bungey	2
b AH n d	bund/bunde	2
b AH n d IY z	bundy's/bundys	2
b AH n t	bunt/bunte	2
b AH n t AH n	bunten/bunton	2
b AH n t IH n	buntin/buntyn	2
b AH n t s	bunt's/buntz	2
b AH s AH l	bussell/bustle	2
b AH s IH NG	busing/bussing	2
b AH s b IY	busbee/busbey	2
b AH s k	busk/buske	2
b AH s t IY	busti/busty	2
b AH t	but/butt	2
b AH t ER f l AY z	butterflies/butterfly's	2
b AH t ER z	buttars/butters	2
b AH t l ER	butler/buttler	2
b AH t l ER z	butler's/butlers	2
b AH t n ER	butner/buttner	2
b AH t r IH k	butrick/buttrick	2
b AH t r IY	buttrey/buttry	2
b AH z	buzz/buzze	2
b AH z ER d z	buzzard's/buzzards	2
b AO ER	baugher/bawer	2
b AO b AH l	bauble/bobble	2
b AO b AH l z	baubles/bobbles	2
b AO d	baud/bawd	2
b AO g z	boggs/bogs(2)	2
b AO l	ball/bawl	2
b AO l ER	baller/ballor	2
b AO l d ER	balder/baldor	2
b AO m	baum/bomb(2)	2
b AO n	baughn/baun	2
b AO r AH	bora/borah	2
b AO r AH k	borak/boruch	2
b AO r AH n	bohren/boren	2
b AO r AO f	boroff/borroff	2
b AO r EH l IY	borelli/borrelli	2
b AO r EH l OW	borello/borrello	2
b AO r ER	bohrer/borer	2
b AO r IH k	borek/boric	2
b AO r d	board/bored	2
b AO r d AH	boarda/borda	2
b AO r d AH z	borda's/bordas	2
b AO r d EH n AA v	bordenave/bordenave(2)	2
b AO r d ER	boarder/border	2
b AO r d m AH n	boardman/bordman	2
b AO r g	borg/bourg	2
b AO r g ER	boerger/borger	2
b AO r g m AH n	borgman/borgmann	2
b AO r k	borck/bork	2
b AO r n ER	boerner/borner	2
b AO r n z	born's/borns	2
b AO r s	borse/bourse	2
b AO r s IH z	bourse's/bourses	2
b AO r t	boart/bort	2
b AO r t AH n	borten/borton	2
b AO r t s	boortz/bortz	2
b AO s	boss'/boss(2)	2
b AO s IY	bossie/bossy	2
b AO s h AA r t	bosshardt/bosshart	2
b AO t	bot/bought(2)	2
b AO t s	bautz/bots	2
b AW ER z	bauers/bowers	2
b AW m g AA r t	baumgardt/baumgart	2
b AW t	'bout/bout	2
b AW t AH n	boughton/bouton	2
b AW z	boughs/bows	2
b AY AH m	byam/byham	2
b AY ER l IY	byerley/byerly	2
b AY OW s f IH r z	biosphere's/biospheres	2
b AY OW t EH k n AA l AH JH IY z	biotechnologies/biotechnology's	2
b AY b AH l z	bible's/bibles	2
b AY b IY	biby/bybee	2
b AY d ER m AH n	biderman/biedermann	2
b AY d OW AH n z	baidoan's/baidoans	2
b AY d OW AH z	baidoa's/baidoas	2
b AY k ER	biker/byker	2
b AY l	bile/bille	2
b AY l ER	beiler/byler	2
b AY l z	biles/byles	2
b AY n z	bines/bynes	2
b AY p OW l ER	bi-polar/bipolar	2
b AY r AH l	beyerle/byrle	2
b AY r AH n	biron/byron	2
b AY r l AY n	beyerlein/byerlein	2
b AY s	bice/buysse	2
b AY s AH l	beisel/beissel	2
b AY t AH l ER	beitler/bitler	2
b AY t ER	beiter/biter	2
b AY t l ER	beitler(2)/bitler(2)	2
b AY t s	bites/bytes	2
b AY w IY k l IY	bi-weekly/biweekly	2
b EH NG g AH l	bengal/bengel	2
b EH NG k	behnke/benke	2
b EH TH AE n	bethann/bethanne	2
b EH TH AH l	bethel/bethell	2
b EH d IH NG f IY l d	beddingfield/bedingfield	2
b EH d OW	beddoe/beddow	2
b EH d n ER	bednar/bedner	2
b EH g	beg/begg	2
b EH g ER	beger/beggar	2
b EH g z	beggs/begs	2
b EH k AA	becca/bekaa	2
b EH k l ER	bechler/beckler	2
b EH k m AH n	beckman/beckmann	2
b EH k s	beck's/becks	2
b EH l AH m IY	bellamy/bellomy	2
b EH l AH n	belen/bellon	2
b EH l AH n d	beland/belland	2
b EH l IH NG	behling/belling	2
b EH l IH v OW	beliveau/belliveau	2
b EH l IY z	belize/bellies	2
b EH l OW t IY	bellotti/belote	2
b EH l OW z	bellow's/bellows	2
b EH l d AH n	belden/beldon	2
b EH l f l AW ER	belflower/bellflower	2
b EH l m AO r	bellmore/belmore	2
b EH l n AE p	belknap/belnap	2
b EH l v IH d IH r	belvedere(2)/belvidere	2
b EH l v IH l	bellville/belville	2
b EH m	behm/bem	2
b EH n AH	bena/bene	2
b EH n AH SH	benesch/benesh	2
b EH n AH d IH k	benedek/benedick	2
b EH n AH d IH k t	benedict/benedikt	2
b EH n AH d IH k t IY n z	benedictine's/benedictines	2
b EH n AH f AE k t ER z	benefactor's/benefactors	2
b EH n AH f IH SH IY EH r IY z	beneficiaries/beneficiary's	2
b EH n AH f IH t IH NG	benefiting/benefitting	2
b EH n AH f IH t IH d	benefited/benefitted	2
b EH n AH t	benet/bennett	2
b EH n AH t s	benet's/bennett's	2
b EH n CH m AA r k s	benchmark's/benchmarks	2
b EH n ER	behner/benner	2
b EH n d ER z	bender's/benders	2
b EH n s AH n	bensen/benson	2
b EH n t l IY	bentley/bently	2
b EH n t s AH n	bentsen/bentson	2
b EH n z IH z	benz's/benzes	2
b EH r EH n d	behrend/berend	2
b EH r EH n d z	behrends/berends	2
b EH r IH n t	behrendt/berendt	2
b EH r IH t	barrett(2)/berrett	2
b EH r IY AH n	berrian/berrien	2
b EH r IY ER	barrier(2)/berrier	2
b EH r IY OW z	barrios(2)/berrios	2
b EH r OW	barrow(2)/bero	2
b EH r d	baird/bared	2
b EH s	bess/besse	2
b EH s l ER	besler(2)/bessler	2
b EH s t	best/beste	2
b EH t	bet/bett	2
b EH t ER	better/bettor	2
b EH t ER z	betters/bettors	2
b EH t IH n	benten/bettin	2
b EH t IY z	bettes/betty's	2
b EH t s IY	betsey/betsy	2
b EH v ER IH JH	beverage/beveridge	2
b EH v ER l IY	beverley/beverly	2
b ER AA r d	berard/berrard(2)	2
b ER AH s	burress/burrous	2
b ER AW s k IY	boroski/borowsky	2
b ER CH IH t	birchett/burchett	2
b ER CH f IY l d	birchfield/burchfield	2
b ER IH t	barritt/burritt	2
b ER IY	beury/burry	2
b ER JH IY	bergey/burgy	2
b ER OW n	barone/barrone	2
b ER SH	bersch/bursch	2
b ER SH AA r d	borchard/burchard	2
b ER TH	berth/birth	2
b ER TH s	berths/births	2
b ER b IH JH	burbage/burbidge	2
b ER d AY n z	burdine's(2)/burdines(2)	2
b ER d IH t	burdett/burditt	2
b ER d IY	birdie/birdy	2
b ER d IY n z	burdine's/burdines	2
b ER d f EH DH ER z	birdfeather's/birdfeathers	2
b ER d f IY d ER z	birdfeeder's/birdfeeders	2
b ER d s AH l	birdsell/burdsall	2
b ER f IY l d	bearfield/burfield	2
b ER g AH m AE s t ER z	burgomaster's/burgomasters	2
b ER g AH n	bergan/bergen	2
b ER g AH n d IY z	burgundies/burgundy's	2
b ER g EH t	berget/burget	2
b ER g IH n	bergin/burgin	2
b ER g IH s AH n	bergeson/burgeson	2
b ER g d AA l	bergdahl/bergdoll	2
b ER g d AO r f	bergdorf/burgdorf	2
b ER g h AO f	berghof/berghoff	2
b ER g l IH NG	bergling/burgling	2
b ER g n ER	bergner/burgner	2
b ER g r EH n	berggren/bergren	2
b ER k AO f	berkoff/birkhoff	2
b ER k ER d	birchard/burkard	2
b ER k h ER d	burckhard/burkhard	2
b ER k m AH n	berkman/burkman	2
b ER l AH n d	berland/burland	2
b ER l AY n ER z	berliner's(2)/berliners(2)	2
b ER l IH NG	berling/burling	2
b ER l IH n ER z	berliner's/berliners	2
b ER l IH s AH n	burleson/burlison	2
b ER m AH	burma/burmah	2
b ER m j UW d EH z	bermudez/bermudez(2)	2
b ER n AA r d	bernard/burnard	2
b ER n AA r d IY	bernardi/bernardy	2
b ER n AA r d z	bernard's/bernards	2
b ER n AH d IY n	bernadene/bernadine	2
b ER n AH d IY n OW	bernadino/bernardino	2
b ER n AH l	bernal/burnell	2
b ER n AH m	burnam/burnham	2
b ER n AH p	burnap/burnup	2
b ER n ER	berner/burner	2
b ER n IH NG	berning/burning	2
b ER n IH t	bernett/burnet	2
b ER n h AA r t	bernhardt/bernhart	2
b ER n s AH n	bernsen/bernson	2
b ER n s t AY n	bernstein/burnstein	2
b ER n s t AY n z	bernstein's(2)/bernsteins	2
b ER n s t IY n	bernstein(2)/burnstein(2)	2
b ER n s t IY n z	bernstein's/bernsteins(2)	2
b ER n t s AH n	berntsen/berntson	2
b ER s AH n	berson/burson	2
b ER s t	berst/burst	2
b ER s t AY n	berstein(2)/burstein	2
b ER s t IY n	berstein/burstein(2)	2
b ER t AH n	berton/burton	2
b ER t IH l s AH n	bertelsen/bertelson	2
b ER t IY	bertie/berty	2
b ER t OW n IY	bertone/bertoni	2
b ER t s	bertz/burts	2
b ER w IH k	berwick/burwick	2
b EY ZH AH z	beige's/beiges	2
b EY b AE NG k s	baybank's/baybanks	2
b EY b IY s IH t	baby-sit/babysit	2
b EY b IY s IH t ER	baby-sitter/babysitter	2
b EY b IY s IH t ER z	baby-sitters/babysitters	2
b EY d	bade/bayed	2
b EY g	baig/begue	2
b EY g AH l	bagel/begel	2
b EY g AH n	bagan/begun(2)	2
b EY k ER	baker/bakker(2)	2
b EY l IH NG	bailing/baling	2
b EY l IH f	bailiff(2)/bayliff	2
b EY l s ER	balcer/balser	2
b EY n ER d	bainerd/baynard	2
b EY s	base/bass(2)	2
b EY s AH z	base's/bases	2
b EY s IY	basey/basi(2)	2
b EY s b AO l z	baseball's/baseballs	2
b EY s t	based/baste	2
b EY t IH d	baited/bated	2
b IH NG g AH l	bingel/bingle	2
b IH NG k AO f s k IY	bienkowski/binkowski	2
b IH SH	bisch/bish	2
b IH SH AH p s	bishop's/bishops	2
b IH b	bib/bibb	2
b IH b z	bibbs/bibs	2
b IH d ER z	bidder's/bidders	2
b IH d IY	biddie/biddy	2
b IH d z	bid's/bids	2
b IH g AH n	begun/bigan	2
b IH g ER	biggar/bigger	2
b IH g IH n ER z	beginner's/beginners	2
b IH g t AY m	big-time/bigtime	2
b IH g z	biggs/bigs	2
b IH h EY v j ER	behavior/behaviour	2
b IH h EY v j ER z	behaviors/behaviours	2
b IH k	bic/bick	2
b IH k AH z	because(2)/because(4)	2
b IH k l ER	bichler(2)/bickler	2
b IH k s AH l	bichsel/bixel	2
b IH k s l ER	bicksler/bixler	2
b IH l AA r d	bellard/billard	2
b IH l EY b ER z	belabores/belabors	2
b IH l IH k	billick/bilyk	2
b IH l IH t	billet(2)/billett	2
b IH l IH t s k IY	bielicki/bilicki	2
b IH l IY t ER	billeter/billiter	2
b IH l b AO r d z	billboard's/billboards	2
b IH l d AH p	build-up/buildup	2
b IH l d IH NG z	building's/buildings	2
b IH l s k IY	bilski/bilsky	2
b IH l t	bildt/built	2
b IH l t IH n	built-in/builtin	2
b IH l t s	bildt's/biltz	2
b IH n EH t	bennette/binette	2
b IH n IY	binney/binnie	2
b IH n d AH l	bindel/bindle	2
b IH r AH m	byram/byrum	2
b IH r d	beaird/beard	2
b IH r d z l IY	beardslee/beardsley	2
b IH r l IY	bierley/bierly	2
b IH r n	beirne/byrn	2
b IH r z	beers/beers'	2
b IH s AH l	bisel/bissell	2
b IH s AH n	bissen/bisson	2
b IH s AH n EH t	bissonette/bissonnette	2
b IH s IH k	bisek/busick	2
b IH s IH t	bisset/bissett	2
b IH s IY JH d	beseiged/besieged	2
b IH t AH l	bittel/bittle	2
b IH t AH n	bitten/bitton	2
b IH t ER	bitar/bitter	2
b IH t ER m AH n	bitterman/bittermann	2
b IH t ER m AH n z	bitterman's/bittermann's	2
b IH t n ER	bitner/bittner	2
b IH t s	bits/bitz	2
b IH z	biz/buis	2
b IH z IY	bizzy/busy	2
b IH z m AA r k	bismarck/bismark	2
b IH z n AH s	business/business'(2)	2
b IH z n IH s	business'/business(2)	2
b IH z n IH s IH z	business's/businesses(2)	2
b IY AA s IY	biasi/byassee	2
b IY CH	beach/beech	2
b IY CH AH z	beach's/beaches	2
b IY CH ER	beacher/beecher	2
b IY CH IY	beachy/beechy	2
b IY CH l ER	beachler(2)/beechler	2
b IY IH NG z	being's/beings	2
b IY d AH l	beadle/beedle	2
b IY g AH l z	beagle's/beagles	2
b IY g l IY	beagley/beeghly	2
b IY h AA f	behof/behoff	2
b IY k OW	beco/biko	2
b IY k m AH n	beakman/beekman	2
b IY k s	beaks/beeks	2
b IY l AH	biela/bila	2
b IY l k	beilke/bielke	2
b IY l z	beales/beals	2
b IY m ER	beamer/beemer	2
b IY m z	beam's/beams	2
b IY n z	bean's/beans	2
b IY r	baehr/bier	2
b IY s IY	b.c./bc	2
b IY t	beat/beet	2
b IY t AH l	beatle/beetle	2
b IY v ER z	beavers/beevers	2
b IY z AH n	beason/beeson	2
b OW AH n	bohen/bowen	2
b OW CH ER	boetcher/boettcher	2
b OW IH NG	boeing/bowing	2
b OW JH	boege/boge	2
b OW JH AE NG g AH l z	bojangles/bojangles'	2
b OW SH EY n	beauchaine/beauchene	2
b OW d	bode/bowed(2)	2
b OW d AH l	bodle/bowdle	2
b OW d AH n	boden/bowden	2
b OW d EH t	beaudet/beaudette	2
b OW d IH k ER	boedecker/boedeker	2
b OW g ER	boeger/boger	2
b OW h AH l	boehle/bohle	2
b OW h AH n	bohan/bohon	2
b OW k AH	boca/bocce(2)	2
b OW k m AH n	boeckman/boeckmann	2
b OW l AH s	bolus/bowlus	2
b OW l ER z	bolar's/bowlers	2
b OW l IH NG ER	bohlinger/bolinger	2
b OW l IY	boley/bowley	2
b OW l d	bold/bowled	2
b OW l d AH n	bolden/boldon	2
b OW l d ER	bolder/boulder	2
b OW l d IH NG	bolding/boulding	2
b OW l d z	bolds/bowlds	2
b OW l k	boehlke/bohlke(2)	2
b OW l k AW	boelkow/bolkow	2
b OW l t AH n	bolten/bolton	2
b OW l t s	bolts/boltz	2
b OW l t s m AH n z	boltzmann's/boltzmanns	2
b OW m	boehm/boehme	2
b OW n IH NG	boehning/boning	2
b OW n IY n IY	bonine/bonini	2
b OW s OW	boso/bosso	2
b OW s k IY z	boesky's/boeskys	2
b OW t AH	botha(2)/botha(3)	2
b OW t AH z	botha's(2)/botha's(3)	2
b OW t EH l OW	botelho/botello	2
b OW t l IH f t s	boatlift's/boatlifts	2
b OW t n ER	boatner/boettner	2
b OW t r AY t	boatright/boatwright	2
b OW t s	boat's/boats	2
b OW v	boeve/bove	2
b OW z ER	boser/bowser	2
b OY	boy/boye	2
b OY ER	bouyer/boyer	2
b OY d	boyd/boyde	2
b OY d s t AH n	boydston/boydstun	2
b OY f r EH n d z	boyfriend's/boyfriends	2
b OY k	boik/boike	2
b OY l	boil/boyle	2
b OY l AH n	boylan/boylen	2
b OY l s t AH n	boyleston/boylston	2
b OY l s t AH n z	boyleston's/boylston's	2
b OY s	boice/boyce	2
b OY s AH n	boisen/boysen	2
b OY s IY	boise(2)/boisi	2
b OY t	boyt/boyte	2
b UH CH ER z	butcher's/butchers	2
b UH SH	busch/bush	2
b UH SH AH l	bushel/bushell	2
b UH SH IH z	busch's/bush's	2
b UH g IY	bogie/boogie(2)	2
b UH k ER z	booker's/bookers	2
b UH k b AY n d ER	bookbinder/buchbinder(2)	2
b UH k s EH l ER	bookcellar/bookseller	2
b UH k s EH l ER z	bookcellars/booksellers	2
b UH l AH k s	bullock's/bullocks	2
b UH l AH v AA r d	blvd/boulevard	2
b UH l w IH NG k AH l	bullwinkle/bulwinkle	2
b UH r AH s	burrus/burruss	2
b UH r IY	buri/burri	2
b UH r ZH w AA	bourgeois/bourgeois(2)	2
b UH r d AH	boorda/burda	2
b UH r d OW	bourdeau/burdo	2
b UH r m AH n	boorman/buhrman	2
b UW	beu/boo	2
b UW CH IY	bucci/buchi(2)	2
b UW ER	booher/buer	2
b UW TH	booth/buth	2
b UW b ER	bubar/buber	2
b UW d IH n	boudin/budin	2
b UW d r OW	boudreau/boudreaux	2
b UW l	boole/boule	2
b UW l EH t	boulet/boulette	2
b UW l EY	boulais/boulay	2
b UW m ER z	boomers/boomers'	2
b UW m z	boom's/booms	2
b UW n	boon/boone	2
b UW s t ER z	booster's/boosters	2
b UW t AA n	butan/buthan	2
b UW t AE n	bhutan/boutin	2
b UW t AH l EY z IY	buthelezi/butulesi	2
b UW t AH l EY z IY z	buthelezi's/butulesi's	2
b UW t AH n	booten/booton	2
b UW t EH l	boutell/boutelle	2
b UW t IY	bootie/booty	2
b UW t OW	bhutto/buetow	2
b UW t r OW s	boutros/butros	2
b UW t s	boots/bootz	2
b j AO r n	bjoern/bjorn	2
b j UH r AA k r AH s IY z	bureaucracies/bureaucracy's	2
b j UH r OW	bureau/burow	2
b j UH r OW z	bureau's/bureaus	2
b j UW AH l	buell/buil	2
b j UW IH k s	buick's/buicks	2
b j UW k AE n AH n z	buchanan's/buchanans	2
b j UW k ER	bueker/buker	2
b j UW l AH	beulah/bula	2
b j UW l IY	bewley/buley	2
b j UW r AH k	burack/burak	2
b j UW t	bute/butte	2
b j UW t EY n	butane/butane(2)	2
b j UW z IY	busey/buzze(2)	2
b l AA k ER	blocher/blocker	2
b l AA k b AH s t ER z	blockbuster's/blockbusters	2
b l AA m k w IH s t	blomkvist/blomquist	2
b l AA n d	blond/blonde	2
b l AA s IH NG g AA m IY	blasingame/blassingame	2
b l AA s k OW	blasco/blasko	2
b l AE NG k IY	blankie/blanky	2
b l AE NG k l IY	blankley/blankly	2
b l AE k h AO k s	blackhawk's/blackhawks	2
b l AE k l IY	blackley/blakley	2
b l AE n	blan/blann	2
b l AE n CH	blanch/blanche	2
b l AE n CH ER d z	blanchard's/blanchards	2
b l AE n d IH n	blandin/blandon	2
b l AE n s IH t	blancett/blansett	2
b l AE s d AH l	blasdel/blasdell	2
b l AH NG k	blunck/blunk	2
b l AH d z	blood's/bloods	2
b l AH m IH n SH AY n	blumenschein/blumenshine	2
b l AH n d AH l	blundall/blundell	2
b l AW	blau/blough	2
b l AY DH	blithe/blythe	2
b l AY l ER	bleiler/blyler	2
b l AY n d ER z	blinder's/blinders	2
b l EH k	blech/bleck	2
b l EH k ER	blecher/blecker	2
b l EH r	blair/blare	2
b l EH r z	blair's/blares	2
b l EH s IH NG	blaesing/blessing	2
b l EH s t	blessed/blest	2
b l EY	blay/bley	2
b l EY d AH n	bladen/blaydon	2
b l EY d z	blades/blaydes	2
b l EY k IY	blaikie/blakey	2
b l EY k l IY	blakeley/blakely	2
b l EY k l IY z	blakeley's/blakely's	2
b l EY k s	blake's/blakes	2
b l EY k s l IY	blakeslee/blakesley	2
b l EY n IY	blaney/blayney	2
b l EY z IH NG	blasing/blazing	2
b l EY z IY ER	blasier/blazier	2
b l IH s	bliss/bliss'	2
b l IH z ER d	blizard/blizzard	2
b l OW z	blose/blows	2
b l UW IH NG	blueing/bluing	2
b l UW IH SH	blueish/bluish	2
b l UW IH t	blewett/blewitt	2
b l UW m ER	bloomer/blumer	2
b l UW m IH NG d EY l z	bloomingdale's/bloomingdales	2
b l UW m z	bloom's/blooms	2
b l UW t	bluett/bluitt	2
b r AA NG k	bronc/bronk	2
b r AA d ER s AH n	brodersen/broderson	2
b r AA d r IH k	broderick(2)/brodrick	2
b r AA g d AH n	brogden/brogdon	2
b r AA k h AW s	brockhaus/brockhouse	2
b r AA k l IY	broccoli(2)/brockley	2
b r AA k m AH n	brockman/brockmann	2
b r AA k m AY ER	brockmeier/brockmeyer	2
b r AA k s	brock's/brox	2
b r AA l IY	braly/brolly	2
b r AA n f m AH n z	bronfman's/bronfmans	2
b r AA n z	brons/bronze	2
b r AE CH	brach/bratsch	2
b r AE NG k OW	branco/branko	2
b r AE NG k s	brank's/branks	2
b r AE SH	brasch/brash	2
b r AE d b EH r IY	bradberry/bradbury	2
b r AE d f ER d z	bradford's/bradfords	2
b r AE d l IY	bradlee/bradley	2
b r AE g	brag/bragg	2
b r AE g z	braggs/brags	2
b r AE k AH m AA n t IY z	bracamonte's/bracamontes	2
b r AE k ER	bracher/bracker	2
b r AE k IH t	bracket/brackett	2
b r AE l IY	braley/bralley	2
b r AE m l IH t	bramlet/bramlett	2
b r AE n	bran/brann	2
b r AE n CH	branch/branche	2
b r AE n CH IH z	branch's/branches(2)	2
b r AE n IH g AH n	branigan/brannigan	2
b r AE n d	brand/brande	2
b r AE n d AH n	branden/brandon	2
b r AE n d AH n b ER g	brandenberg/brandenburg	2
b r AE n d AH n b ER g ER	brandenberger/brandenburger	2
b r AE n d AW	brandau/brandow	2
b r AE n d IY	brandi/brandy	2
b r AE n d n UW	brand-new/brandnew	2
b r AE n t	brandt/brant	2
b r AE n t l IY	brantley/brantly	2
b r AE n t n ER	brandtner/brantner	2
b r AE s	bras/brass	2
b r AE s OW	brasow/brasso	2
b r AE s f IY l d	brasfield/brassfield	2
b r AE t	brat/bratt	2
b r AE t AH n	bratten/bratton	2
b r AE t IH n	braton/brattin	2
b r AE t s	brats/bratz	2
b r AH NG k	brunk/brunke	2
b r AH g m AH n	bruggeman/brugman	2
b r AH k s	bruck's/brucks	2
b r AH m	brum/brumm	2
b r AH m AH l	brummel/brummell	2
b r AH n d IH JH	brundage/brundidge	2
b r AH s	brus/bruss	2
b r AH s k	bruske/brusque	2
b r AH s k IY	bruski/brusky	2
b r AH z AO f s k IY	brozowski/brzozowski	2
b r AH z IY l	brazeal/braziel	2
b r AO d IY	broadie/broady	2
b r AO d l IY	broadley/broadly	2
b r AO n ER	brauner/brawner	2
b r AO n z	braun's/brauns	2
b r AO t AH n	braughton/broughton	2
b r AW n	brown/browne	2
b r AW z	brows/browse	2
b r AY AH n t	briant/bryant	2
b r AY ER l IY	brierley/brierly	2
b r AY d AH l	bridal/bridle	2
b r AY d AH n	briden/bryden	2
b r AY d z	bride's/brides	2
b r AY m ER	brimer/brymer	2
b r AY n	brine/bryne	2
b r AY n IH NG	breining/brining	2
b r AY s	brice/bryce	2
b r AY t	bright/brite	2
b r AY t m AH n	breitman/brightman	2
b r EH CH n AY d ER	bretschneider/brettschneider	2
b r EH TH	breath/breth	2
b r EH TH AW ER	brethauer/bretthauer	2
b r EH d	bread/bred	2
b r EH k	breck/brekke	2
b r EH k ER	brecher/brecker	2
b r EH m	brehm/brem	2
b r EH m ER	brehmer/bremmer	2
b r EH n	bren/brenn	2
b r EH n AH n	brennan/brennen	2
b r EH n AH n z	brennan's/brennans	2
b r EH n d AH l	brendel/brendle	2
b r EH n d ER	brender/brendor	2
b r EH s	bress/bresse	2
b r EH s l ER	bresler/bressler	2
b r EH s t	breast/brest	2
b r EH t	bret/brett	2
b r EH t AH n	breton/bretton	2
b r EH t s	bretts/bretz	2
b r EY ER	brayer/breyer	2
b r EY d IY z	brady's/bradys	2
b r EY k	brake/break	2
b r EY k ER	braker/breaker	2
b r EY k IH NG	braking/breaking	2
b r EY k IY	breakey/breaky	2
b r EY k f IY l d	brakefield/breakfield	2
b r EY k s	brakes/breaks	2
b r EY m AH n	braman/brayman	2
b r EY n ER d	brainard/brainerd	2
b r EY n z	brain's/brains	2
b r EY s IH z	brace's/braces(2)	2
b r EY s IY	bracey/bracy	2
b r EY v z	braves/braves'	2
b r EY z	braise/brase	2
b r IH JH m AH n	bridgeman/bridgman	2
b r IH NG k l IY	brinkley/brinkly	2
b r IH NG k m AH n	brinkman/brinkmann	2
b r IH NG k m AY ER	brinkmeier/brinkmeyer	2
b r IH NG k s	brink's/brinks	2
b r IH d IY	bridie/brydie	2
b r IH g AH d IH r	brigadeer/brigadier	2
b r IH g AH m z	brigham's/brighams	2
b r IH k s	bricks/brix	2
b r IH m	brim/brimm	2
b r IH n l IY	brinlee/brinley	2
b r IH s AH n	brison/brisson	2
b r IH s EH t	bresette/brissette	2
b r IH s IY	bresee/brissey	2
b r IH t	brit/britt	2
b r IH t AE n IY AH	britannia/brittania	2
b r IH z IH n s k IY	brezinski/brzezinski	2
b r IH z b w AA	brisbois/brisbois(2)	2
b r IY AE n AH	briana/brianna	2
b r IY AE n AH z	briana's/brianna's	2
b r IY CH	breach/breech	2
b r IY CH IH NG	breaching/breeching	2
b r IY CH IH z	breaches/breeches	2
b r IY d	brede/breed	2
b r IY d AH n	breden/breeden	2
b r IY d ER z	breeders/breeders'	2
b r IY d z	breed's/breeds	2
b r IY g ER	breger/brieger	2
b r IY n	brean/breen	2
b r OW CH	broach/brooch(2)	2
b r OW z	bro's/brose	2
b r UH k	brook/brooke	2
b r UH k n ER	brookner/brueckner	2
b r UW IH NG t AH n	brewington/bruington	2
b r UW d	brewed/brood	2
b r UW g m AH n	brueggeman/brueggemann	2
b r UW l	bruehl/brule	2
b r UW m	broom/broome	2
b r UW m ER	bruemmer/brumer	2
b r UW m IH t	brumit/brumitt	2
b r UW n EH t	brunet/brunette	2
b r UW n IH NG	bruening/bruning	2
b r UW n IY	bruney/bruni	2
b r UW s OW	brousseau/bruso	2
b r UW t	brut/brute	2
b r UW t AH n	brewton/bruton	2
b r w IY l EH t	brouillet/brouillette	2
b w IY	bui(2)/buie(2)	2
d AA JH IH z	dodge's/dodges	2
d AA b	dob/dobb	2
d AA b s AH n z	dobson's/dobsons	2
d AA d z	dodd's/dodds	2
d AA k	doc/dock	2
d AA k AH n	docken/dokken	2
d AA k t r AH n z	doctrine's/doctrines	2
d AA l EH s AA n d r OW	dalesandro/dalessandro	2
d AA l ER	dahler/dollar	2
d AA l f AH n z	dolphins/dolphins'	2
d AA l m AH n	dahlman/dolman	2
d AA m	dohm/dom	2
d AA m AH n IH k	dominic/dominick	2
d AA m ER	dahmer/dommer	2
d AA m IH n IH k	domenech/domenick	2
d AA m IH n IY	dominey/domini	2
d AA m IH n OW z	domino's/dominos	2
d AA n AH g IY	donaghey/donaghy	2
d AA n AH h j UW z	donoghue's/donohue's	2
d AA n AH j UW z	donoghue's(2)/donohue's(2)	2
d AA n AH l IY	donnelley/donnelly	2
d AA n AH l IY z	donnelley's/donnelly's	2
d AA n AH l d s AH n z	donaldson's/donaldsons	2
d AA n AH z	donna's/donnas	2
d AA n EH l IY	donnelley(2)/donnelly(2)	2
d AA n EH l IY z	donnelley's(2)/donnelly's(2)	2
d AA n ER	donar/donner	2
d AA n IH l AE n	donelan/donnellan	2
d AA n d	donde/donned	2
d AA n l AH n	donlan/donlon	2
d AA r	dar/darr(2)	2
d AA r IH s	darice/doris(4)	2
d AA r k	dark/darke	2
d AA r k IY	darcie/darkie	2
d AA r l IY	darley/darlie	2
d AA r l IY n	darleen/darlene	2
d AA r m AH n	darman/darmon	2
d AA r n AH l	darnall/darnel	2
d AA r t	dart/dartt	2
d AA r t s	dart's/darts	2
d AA s IY	dosie/dossey	2
d AA t	dot/dott	2
d AA t IY	dottie/dotty	2
d AA t s	dots/dotts	2
d AA t s AH n	datsun(2)/dotson	2
d AE NG k	dahnke/dank	2
d AE SH	dasch/dash	2
d AE SH AH l	dashel/dashell	2
d AE d IY z	daddies/daddy's	2
d AE d z	dad's/dads	2
d AE g	dag/dagg	2
d AE l AH s	dallas/dallas'	2
d AE l IY	dalley/dally	2
d AE m IH NG	damming/damning	2
d AE m d	dammed/damned	2
d AE n IY	dannie/danny	2
d AE n JH UW b	danjub/danjube	2
d AE n JH UW b z	danjub's/danjube's	2
d AE n JH UW z	danju's/danjus(2)	2
d AE n d r IY AH	d'andrea/dandrea	2
d AE n j AH l s AH n	danielsen/danielson	2
d AE n j AH l z	daniel's/daniels	2
d AE n j EH l	daniele/danielle(2)	2
d AE n j EH l AH	daniela/daniella	2
d AE n l IY	danley/danly	2
d AE n s ER	dancer/danser	2
d AE n z	dan's/danz	2
d AE r AH	dara/darrah	2
d AE s	das/dass	2
d AE t AH p OY n t s	datapoint's(2)/datapoints(2)	2
d AE t AH z	data's(2)/datas(2)	2
d AE t s	dats/datz	2
d AH NG k	dunc/dunk	2
d AH NG k AH l b ER g ER	dunkelberger/dunkleberger	2
d AH NG k IH n	dunkin/dunkin'	2
d AH NG k l IY	dunklee/dunkley	2
d AH SH	dusch/dush	2
d AH b AH l j UW	w/w.	2
d AH b EY t s	debate's/debates	2
d AH b IY	dubey/dubie	2
d AH b r AO f s k IY	dabrowski/dobrowski	2
d AH b r IY	debris/dubree	2
d AH b z	dubbs/dubs	2
d AH d	dud/dudd	2
d AH f AH l	duffel/duffell	2
d AH f ER	duffer/dufur	2
d AH f ER d	dufford/duford	2
d AH f n ER	duffner/dufner	2
d AH g	doug/dug	2
d AH g AH n	dugan/duggan	2
d AH g ER	duggar/dugger	2
d AH k OW t AH z	dakota's/dakotas	2
d AH k t	ducked/duct	2
d AH l	dull/dulle	2
d AH l AO r IH s	delores/dolores	2
d AH l AO r z	delore's/delors	2
d AH l AY l AH	dalila/delilah	2
d AH l IH n s k IY	dolinski/dolinsky	2
d AH l UW g OW s	dlugos/dlugosz	2
d AH m AA n d	demond/dumond	2
d AH m ER	dumber/dummer	2
d AH m EY n	demesne/dumaine	2
d AH m IH n j AH n z	dominion's/dominions	2
d AH m b AE s	dumb-ass/dumbass	2
d AH n AH m	dunham/dunnam	2
d AH n AH w EY	dunaway/dunnaway	2
d AH n EH l	danell/danelle	2
d AH n EY	donais/dunay	2
d AH n IH g AE n	dunegan/dunigan	2
d AH n f IY	dunfee/dunphy	2
d AH n s t AH n	dunstan/dunston	2
d AH p AA z IH t ER z	depositor's/depositors	2
d AH p j UW	depew/depue	2
d AH p r EY	dupre/duprey	2
d AH p w IY	dupuis/dupuy	2
d AH r AA n	dhaharan/dhahran	2
d AH t r OW	dutro/dutrow	2
d AH v IH d IY AH n z	davidian's/davidians	2
d AH v IH l AH	davila/davilla	2
d AH v OW	davao/davault	2
d AH z AH n	doesn't(2)/dozen	2
d AO	daw/dawe	2
d AO b	daub/daube	2
d AO g IY	doggie/doggy	2
d AO g IY z	doggies/doggy's	2
d AO l	dall/daul	2
d AO l ER z	dollar's(3)/dollars(2)	2
d AO l m AH n	dallman/dallmann	2
d AO l t AH n	dalton/daulton	2
d AO l t AH n z	dalton's/daltons	2
d AO n	daun/dawn	2
d AO n z	dawn's/dawns	2
d AO r AH n	doren/doron	2
d AO r AW	dorough/dorrough	2
d AO r IH NG	doehring/doring	2
d AO r IY n	doreen/dorene	2
d AO r TH IY	dorothy(2)/dorthy	2
d AO r f	dorf/dorff	2
d AO r n	doorn/dorn	2
d AO r n ER	doerner/dorner	2
d AO r n b UH SH	dornbusch/dornbush	2
d AO r s IH t	dorset/dorsett	2
d AO r s IY	dorsey/dorsi	2
d AO r z	door's/doors	2
d AO s	dos/doss	2
d AO s t OW v s k IY	dostoevski/dostoevsky	2
d AO t AH n	daughton/doughten	2
d AO t IY	doughtie/doughty	2
d AO t r IY	daughtrey/daughtry	2
d AW ER	dauer/dour	2
d AW d z	douds/dowds	2
d AW g AH n	dougan/dougans	2
d AW n	down/downe	2
d AW n t AW n z	downtown's/downtowns	2
d AW r	dour(2)/dower	2
d AW s	douse/dowse	2
d AW s IH NG	dousing/dowsing	2
d AW s t	daoust/doused	2
d AW t	doubt/doutt	2
d AW t IY	douty/dowty	2
d AW t f AY ER z	doubtfire's/doubtfires	2
d AW z	dhows/dow's	2
d AY AH l	dial/dyal	2
d AY AH l AO g	dialog/dialogue	2
d AY AH l z	dial's/dials	2
d AY AH n	dian/dion	2
d AY AH s	dyas/dyess	2
d AY AH s IY z	diocese/dioceses	2
d AY AH t IH SH AH n	dietician/dietitian	2
d AY AH t IH SH AH n z	dietitian's/dietitians	2
d AY ER IY AH	diarrhea/diarrhoea	2
d AY IH NG	dyeing/dying	2
d AY JH EH s t	digest/digest(2)	2
d AY JH EH s t IH NG	digesting/digesting(2)	2
d AY b AH l	deibel/dible	2
d AY d	died/dyed	2
d AY k AH s	dicus/dycus	2
d AY k m AH n	dikeman/dykeman	2
d AY k r OW m EY t	dichromate/dichromate(2)	2
d AY k s	dikes/dykes	2
d AY l	deihl/dial(2)	2
d AY m AH n d z	diamond's/diamonds	2
d AY m z	dime's/dimes	2
d AY n	dhein/dine	2
d AY n AE m IH k s	dynamics/dynamics'(2)	2
d AY n ER z	dinars/diners	2
d AY n z	dines/dynes	2
d AY r EH k t ER z	director's/directors(2)	2
d AY s AH n	dysan/dyson	2
d AY s EH k SH AH n	dissection/dissection(2)	2
d AY s EH k SH AH n z	dissections/dissections(2)	2
d AY t r IH k	deitrich/deitrick	2
d AY v ER z	diver's/divers	2
d EH SH AH n	deshane/deshon	2
d EH SH l ER	deschler(2)/deshler	2
d EH TH s	death's/deaths	2
d EH b r AY n	debruyn/debruyne	2
d EH d m AH n	dedman/dedmon	2
d EH f IH n b AW	defenbaugh/deffenbaugh	2
d EH g n OW	daignault/daigneault	2
d EH k ER	decker/dekker	2
d EH k ER t	dechert/deckert	2
d EH k EY d	decade/decade(2)	2
d EH l AH	dela/della	2
d EH l AH g EY SH AH n z	delegation's/delegations	2
d EH l AH g EY t s	delegates/delegates'	2
d EH l AH h AH n t IY	delahanty/delahunty	2
d EH l AH n IY	delany/deloney	2
d EH l AH n s IY	delancey/delancy	2
d EH l AH p	delap/delapp	2
d EH l AO r AH	delaura/delora	2
d EH l ER	dehler/deller	2
d EH l OW CH	deloach/deloatch	2
d EH l UW CH AH	deluccia/delucia	2
d EH l f IY n AH	delfina/delphina	2
d EH l f IY n IY	delfine/delphine	2
d EH l m ER	delmar/delmer	2
d EH l t AH z	delta's/deltas	2
d EH l w IH n	delwin/delwyn	2
d EH m	dehm/demme	2
d EH m AH k r AE t IH k s	democratic's/democratics	2
d EH m ER	dehmer/demmer	2
d EH m ER EY	demarais/demaray	2
d EH m ER IY	demaree/demeree	2
d EH m IH NG	deming/demming	2
d EH m l ER	daimler(2)/demler	2
d EH n ER	dehner/denner	2
d EH n IH k	deneke/denike	2
d EH n IH s AH n	denison/dennison	2
d EH n IH s t AA n	deniston/denniston	2
d EH n l IY	denlea/denley	2
d EH n m AH n	denman/denmon	2
d EH n s l IY	densely/densley	2
d EH n z	dens/denz	2
d EH n z AH l	denzel/denzil	2
d EH n z ER	daenzer/denzer	2
d EH p r AH v EY SH AH n	depravation/deprivation	2
d EH r IH NG	daring/derring	2
d EH r IH k s AH n	derickson/derrickson	2
d EH r OW	darrow/derrow	2
d EH s IY d AH n t s	decedent's/decedents	2
d EH t ER	debtor/detter	2
d EH t l AO f	detloff/dettloff	2
d EH t m AH n	dettman/dettmann	2
d EH t m ER	detmer/dettmer	2
d EH t r IH k	detrich/detrick	2
d EH t s	debt's/debts	2
d EH t w AY l ER	detweiler/detwiler	2
d EH v AH l	devil/devoll	2
d EH v AH n	devan/devon	2
d EH v AH n IY	devaney/devany	2
d EH v ER OW	deveraux/devereaux	2
d EH w ER s t	dewhirst/dewhurst	2
d ER EH k t	deregt/direct	2
d ER EH k t ER	derecktor/director	2
d ER EH t	dorette/durette	2
d ER b AH n	durban/durben	2
d ER d AH n	derden/durden	2
d ER f AH l IH NG ER	derflinger/durflinger	2
d ER f IY	durfee/durfey	2
d ER f l IH NG ER	derflinger(2)/durflinger(2)	2
d ER k	derk/dirk	2
d ER k s AH n	derksen/dirksen	2
d ER m AH n	dearmon/derman	2
d ER m AH t	dermot/dermott	2
d ER n	dern/durn	2
d ER n AH l	durnell/durnil	2
d ER w ER d	derward/durward	2
d ER w IH n	derwin/durwin	2
d EY OW	deyo/deyoe	2
d EY b j UW	debut/debut(2)	2
d EY b j UW d	debuted/debuted(2)	2
d EY g AH l	dagle/daigle	2
d EY g ER	dager/daigre	2
d EY k IH n	daikin/dakin	2
d EY l IY z	dailies/daley's	2
d EY l z	dale's/dales	2
d EY m	dame/damme(2)	2
d EY m AH n z	damon's/damons	2
d EY m IY AH n	damian/damien	2
d EY m z	dame's/dames	2
d EY n IY	daini/daney	2
d EY t AH p OY n t s	datapoint's/datapoints	2
d EY t AH z	data's/datas	2
d EY t l AY n z	dateline's/datelines	2
d EY t s	date's/dates	2
d EY v AH s	davis/davis'	2
d EY v AH s AH z	davis'(2)/davis's	2
d EY v IH d z	david's/davids	2
d EY v z	dave's/daves	2
d EY z IY	daisy/dazey	2
d EY z IY z	daisies/daisy's	2
d IH CH EH s AA r IY	decesare/dicesare	2
d IH JH EH n AA r OW	degennaro/digennaro	2
d IH JH IH r OW l AA m OW	degirolamo/digirolamo	2
d IH NG g IH s	dingess/dingus	2
d IH NG k IH n z	dinkins/dinkins'	2
d IH SH	disch/dish	2
d IH SH ER	discher/disher	2
d IH b AH l	dibble/diboll	2
d IH b AO r d	debord/deborde	2
d IH b EH l AH	debella/dibella	2
d IH b EH l OW	debello/dibello	2
d IH b l AA s IY OW	deblasio/diblasio	2
d IH d	did/did(2)	2
d IH f	dif/diff	2
d IH f EH l IH s	defelice/difelice	2
d IH f EH n d ER z	defender's/defenders	2
d IH f EH n s	defence/defense	2
d IH f EH n s IH z	defense's/defenses(2)	2
d IH f ER	defer/differ	2
d IH f ER IH NG	deferring/differing	2
d IH f ER d	deferred/differed	2
d IH f ER z	defers/differs	2
d IH f EY z IY OW	defazio(2)/difazio	2
d IH f IY AO r IY	defiore/difiore	2
d IH f IY l IY p OW	defilippo/difilippo	2
d IH f j UW z	defuse/diffuse(2)	2
d IH f j UW z IH NG	defusing/diffusing	2
d IH f j UW z d	defused/diffused	2
d IH f r AA n CH EH s k OW	defrancesco/difrancesco	2
d IH f r AA n k OW	defranco/difranco	2
d IH f r IY z	defrees/defries	2
d IH g r EH g AO r IY OW	degregorio/digregorio	2
d IH k AA r l OW	decarlo/dicarlo	2
d IH k AH n z	dickens/dickens'	2
d IH k ER d	dickard/dickered	2
d IH k IH n s AH n	dickenson/dickinson	2
d IH k IH s AH n	dickeson/dickison	2
d IH k OW l AH	decola/dicola	2
d IH k s AH n z	dixon's/dixons	2
d IH k s IY	dixie/dixy	2
d IH k t EY t	dictate/dictate(2)	2
d IH k t EY t ER	dictator/dictator(2)	2
d IH k t EY t ER z	dictators/dictators(2)	2
d IH k t EY t IH d	dictated/dictated(2)	2
d IH k t EY t s	dictates/dictates(2)	2
d IH l	dill/dille	2
d IH l t s	dilts/diltz	2
d IH l w ER TH	dillworth/dilworth	2
d IH l z	dills/dils	2
d IH m AA IY OW	demaio/dimaio	2
d IH m AA k r AH s IY z	democracies/democracy's	2
d IH m AA r IY OW	demario/dimario	2
d IH m AA r IY n OW	demarino/dimarino	2
d IH m AA r k OW	demarco/dimarco	2
d IH m AA r z OW	demarzo/dimarzo	2
d IH m AA s IY	demasi/dimasi	2
d IH m AA t IY OW	dematteo/dimatteo	2
d IH m AO r OW	demauro/dimauro	2
d IH m EH l OW	demello/demelo	2
d IH m ER	demur/dimmer	2
d IH m ER IY	demery/demory	2
d IH m ER z	demurs/dimmers	2
d IH m IH k	dimick/dimmick	2
d IH m IY n ER	demeanor/demeanour	2
d IH m IY n ER z	demeanors/demeanours	2
d IH m UH r OW	demuro/dimuro	2
d IH n	din/dinh	2
d IH n AA r d	denard/dennard	2
d IH n AA r d OW	denardo/dinardo	2
d IH n AA t AA l IY	denatale/dinatale	2
d IH n AO m AH n EY SH AH n z	denomination's/denominations	2
d IH n ER z	dinner's/dinners	2
d IH n IY s	denice/denise	2
d IH n t	didn't(4)/dint	2
d IH p AA l m AH	depalma/dipalma	2
d IH p AA r t m AH n t s	department's/departments	2
d IH p AA s k w AA l IY	depasquale/dipasquale	2
d IH p AH l	dippel/dipple	2
d IH p IY t r OW	depietro/dipietro	2
d IH r EH n z OW	derenzo/direnzo	2
d IH r IY n z OW	derienzo/dirienzo	2
d IH r b AO r n	dearborn/deerborne	2
d IH r d AO r f	deardorff/deardourff	2
d IH r m AH n	dearman/deerman	2
d IH s	dis/diss	2
d IH s AA l v OW	desalvo/disalvo	2
d IH s AH b IH l IH t IY z	disabilities(2)/disability(2)	2
d IH s AH d AH n t s	dissidents/dissidents'	2
d IH s AH n	dishon/dison	2
d IH s CH AA r JH	discharge/discharge(2)	2
d IH s CH AA r JH AH z	discharges/discharges(2)	2
d IH s CH AA r JH IH NG	discharging/discharging(2)	2
d IH s CH AA r JH d	discharged/discharged(2)	2
d IH s EH l	decelle/desselle	2
d IH s EH n d AH n t	descendant/descendent	2
d IH s EH n d AH n t s	descendants/descendents	2
d IH s EH n t s	descents/dissents	2
d IH s ER t	dysart/dysert	2
d IH s IH ZH AH n m EY k ER	decision-maker/decisionmaker	2
d IH s IH ZH AH n m EY k IH NG	decision-making/decisionmaking	2
d IH s IH ZH AH n z	decision's/decisions	2
d IH s IH n JH ER	dissinger/dysinger	2
d IH s IY m OW n IY	desimone/disimone	2
d IH s k AH s	discus/discuss	2
d IH s k AH v ER IY z	discoveries/discovery's	2
d IH s k AH v r IY	discovery(2)/discovery(3)	2
d IH s k AO r s IH z	discourses/discourses(2)	2
d IH s k AW n t	discount/discount(2)	2
d IH s k AW n t s	discounts/discounts(2)	2
d IH s k r IY t	discreet/discrete	2
d IH s k s	discs/disks	2
d IH s p AE CH ER	dispatcher/dispatcher(2)	2
d IH s p EH l	dispel/dispell	2
d IH s p EH r	despair/dispair	2
d IH s t AH l	distal/distel	2
d IH s t EH f AA n OW	destefano/distefano	2
d IH s t IH l	distil/distill	2
d IH s t r IH b j AH t ER z	distributors/distributors'	2
d IH s t r IH k t s	district's/districts	2
d IH t AO r IY	detore/dettore	2
d IH t EH k t IH v z	detective's/detectives	2
d IH t ER	deter/ditter	2
d IH t ER m IH n EY SH AH n z	determination's/determinations	2
d IH t OW m AA s OW	ditomasso/ditommaso	2
d IH t m AH n	dittman/dittmann	2
d IH v AH d EH n d z	dividend's/dividends	2
d IH v AY s	device/devise(2)	2
d IH v AY s IH z	device's/devices(2)	2
d IH v EH l AH p m AH n t s	development's/developments	2
d IH v IH ZH AH n	division/divison	2
d IH v IY n CH EH n z OW	devincenzo/divincenzo	2
d IH v IY t AH	devita/divita	2
d IH v IY t OW	devito/divito	2
d IH z ER t	desert(2)/dessert	2
d IH z ER t s	deserts(2)/desserts	2
d IH z IY z IH z	disease's/diseases(2)	2
d IY AE n AH	deana/deanna	2
d IY AH	dhia/dia	2
d IY CH	dietsch/dietsche	2
d IY JH AH k OW m OW	degiacomo/digiacomo	2
d IY OW s	dios/dios'	2
d IY d r AH	deidre/diedre	2
d IY f IH n b AA k	diefenbach/dieffenbach	2
d IY g AH n	deegan/degan	2
d IY l ER SH IH p s	dealership's/dealerships	2
d IY l z	deal's/deals	2
d IY m AH s	demas/demus	2
d IY m IY OW	demeo/dimeo	2
d IY n AH z	drina's/drinas	2
d IY n IY	deeney/dini	2
d IY n OW	deno/dino	2
d IY n s m AO r	densmore/dinsmore	2
d IY p	deep/diep	2
d IY p OW	depo/depot	2
d IY p OW z	depot's/depots	2
d IY v ER	deaver/dever	2
d IY v ER z	deaver's/deavers	2
d OW ER t IY	doherty/dougherty	2
d OW JH	doege/doge	2
d OW b AH l ER	dobler/doebler	2
d OW b l ER	dobler(2)/doebler(2)	2
d OW d OW z	dodo's/dodos	2
d OW k	doak/doke	2
d OW l AH m AY t s	dolomite's/dolomites	2
d OW l d	dold/doled	2
d OW l f	dolf/dolph	2
d OW l t AH n	dolton/doulton	2
d OW l z	dole's/doles	2
d OW m	dohme/dome	2
d OW m AH n	dohman/doughman	2
d OW m EH k	domecq/domek	2
d OW m EY n	domain/domaine	2
d OW m z	dome's/domes	2
d OW n AH	doanna/dona	2
d OW n ER	dohner/donor	2
d OW s p AE s OW s	dospasos/dospasos'	2
d OW t AH n	dotan/doten	2
d OW z	doe's/doze	2
d OY CH m AA r k s	deutschemark's/deutschemarks	2
d OY l	dail(2)/doyle	2
d UH r AH	dura/durrah	2
d UH r AH m	durham(3)/durum	2
d UH r AH n s	durrance/durrence	2
d UW AH l IH s t	dualist/duelist	2
d UW AH l d	dewald/dueled	2
d UW AH l z	duals/duels	2
d UW EH l	deuel/dewaele	2
d UW ER z	dewar's/doers	2
d UW IH NG	dewing/doing	2
d UW IH t	dewit/dewitte	2
d UW SH	douche/dush(2)	2
d UW TH IH t	douthit/douthitt	2
d UW UH l f	dewolf/dewolfe	2
d UW b EH r IY	dewberry/dubarry	2
d UW b IY	dubhi/duby	2
d UW b r AA v n IH k z	dubrovnik's/dubrovniks	2
d UW b w AA	dubois(2)/duboise(2)	2
d UW d IH k	dudek/dudik	2
d UW g AH n	dougan(2)/dougans(2)	2
d UW g AH n z	dougens(2)/douggins	2
d UW g IY	doogie/dougie	2
d UW k	duke/duque	2
d UW k AA k IH s	dukakis/dukakis'	2
d UW k s	duke's/dukes	2
d UW l IH NG	dooling/dueling	2
d UW l IH n	doolin/dulin	2
d UW l IY	dooley/duly	2
d UW m AH n	doman/duman	2
d UW m AH z	duma's/dumas	2
d UW p	doupe/dupe	2
d UW s AH l d AO r f	duesseldorf/dusseldorf	2
d UW s AH n b EH r IY	dusenberry/dusenbury	2
d UW s EH t	doucet/doucette	2
d UW s IH NG	duesing/dusing	2
d j UW r AH l	durall/durell	2
d r AA p AO f	drop-off/dropoff	2
d r AA p AO f s	drop-offs/dropoffs	2
d r AA s t	drost/droste(2)	2
d r AE f t	draft/draught	2
d r AE f t IY	draftee/drafty	2
d r AE f t s m AH n	draftsman/draftsmen	2
d r AE g AH n z	dragon's/dragons	2
d r AH g AH s t s	druggist's/druggists	2
d r AH g IH s t s	druggist's(2)/druggists(2)	2
d r AH m	drum/drumm	2
d r AH m r AY t	drumright/drumwright	2
d r AO n	draughn/drawn	2
d r AO z	draus/draws	2
d r AW t s	drought's/droughts	2
d r AY	dry/drye	2
d r AY v z	drive's/drives	2
d r EH SH ER	drescher/dresher	2
d r EH g ER	draeger/dreger	2
d r EH k s AH l	drechsel/drexel	2
d r EH k s l ER	drechsler(2)/drexler	2
d r EH s ER z	dresser's/dressers	2
d r EY	dray/drey	2
d r EY ER	drayer/dreyer	2
d r EY f AH s	dreyfus(2)/dreyfuss	2
d r IH NG k ER z	drinker's/drinkers	2
d r IH p s	dripps/drips	2
d r IH s k AH l	driscoll/driskell	2
d r IY m w ER k s	dreamworks/dreamworks'	2
d r IY s AH n	dreessen/driessen	2
d r OW JH	droege/droge	2
d r UW	drew/dru	2
d r UW p	droop/drupe	2
d r UW r IY	drewry/drury	2
d w EH l	dwell/dwelle	2
f AA DH ER z	father's/fathers	2
f AA g	fog/fogg	2
f AA k s	fox/foxx	2
f AA k s AH z	fox's/foxes	2
f AA k s b ER OW	foxboro/foxborough	2
f AA l IH k	falik/folic	2
f AA l IY	folley/folly	2
f AA l OW AH p	follow-up/followup	2
f AA l k OW n IY	falcone/falconi	2
f AA l m AH n	fahlman/follman	2
f AA n ER	fonar/fonner	2
f AA n t	font/fonte	2
f AA n z	fons/fonz	2
f AA r AA CH IY	farace/faraci	2
f AA r AH n ER z	foreigners'(2)/foreigners(2)	2
f AA r ER	fahrer/farrer	2
f AA r OW	farro/pharo	2
f AA r n AH l	farnall/farnell	2
f AA r n ER z	foreigners'(4)/foreigners(4)	2
f AA r n IY	fahrney/farney	2
f AA s	foss/fosse	2
f AA s AH l	fossel/fossil	2
f AA s f ER AH s	phosphorous/phosphorus	2
f AA s t ER z	foster's/fosters	2
f AA t AH	fata/fatah	2
f AE SH AH n z	fashion's/fashions	2
f AE TH IH m AH	fatima/fatimah	2
f AE g	fag/fagg	2
f AE k s	facts(2)/fax	2
f AE k t ER IY z	factories/factory's	2
f AE k t ER z	factors/factors'	2
f AE l AH n	fallon/phalen	2
f AE m l IY z	families(2)/family's(2)	2
f AE n IY	fannie/fanny	2
f AE n t AE s t IH k	fantastic/fantastik	2
f AE r IY	farrey/farry	2
f AE s	fahs/fass	2
f AE s AH n	fason/fasten	2
f AE s AH t s	facet's/facets	2
f AE s b EH n d ER	fasbender/fassbender	2
f AE s n AH k t	fasnacht/fassnacht	2
f AH NG	fung/phung	2
f AH d EH l AH t IY z	fidelities/fidelity's	2
f AH k s	fuck's/fucks	2
f AH l IY s	falise/felice	2
f AH l g AH m	fulgham/fulghum	2
f AH n AH l	funnel/funnell	2
f AH n d	fund/pfund	2
f AH n d ER b ER k	funderburk/funderburke	2
f AH n d r EY z ER	fund-raiser/fundraiser	2
f AH n d r EY z ER z	fundraiser's/fundraisers	2
f AH s	fuhs/fuss	2
f AH s IH l AH t EY t ER z	facilitator's/facilitators	2
f AH s IH l IH t IY z	facilities(2)/facility's	2
f AH s UW l OW	fassulo/fasulo	2
f AH s t	fussed/fust	2
f AH t AA g r AH f ER z	photographer's/photographers	2
f AH z IH SH AH n z	physician's/physicians	2
f AO k n ER	falkner/faulkner	2
f AO l z	fall's/falls	2
f AO n	faughn/fawn	2
f AO r AA r m	forearm/forearm(2)	2
f AO r AA r m z	forearms/forearms(2)	2
f AO r AH m z	forum's/forums	2
f AO r AH n	foran/foreign	2
f AO r AH n ER	foreigner/forerunner	2
f AO r AH s t	forest/forrest	2
f AO r AH s t ER	forester/forrester	2
f AO r AH s t s	forest's/forests	2
f AO r CH AH n z	fortune's/fortunes	2
f AO r CH UW n z	fortune's(2)/fortunes(2)	2
f AO r OW	faurot/forero	2
f AO r SH IY	forshee/forshey	2
f AO r TH	forth/fourth	2
f AO r TH s	fourth's/fourths	2
f AO r b EH r AH n s	forbearance/forebearance	2
f AO r b IH s	forbis/forbus	2
f AO r b z	forbes/forbes'	2
f AO r b z IH z	forbes's/forbeses	2
f AO r d AY s	fordice(2)/fordyce	2
f AO r d z	ford's/fords	2
f AO r g OW	forego/forgo	2
f AO r g OW IH NG	foregoing/forgoing	2
f AO r k AE s	forecasts(3)/forecasts(4)	2
f AO r k AE s t s	forecasts/forecasts(2)	2
f AO r k ER	forker/forquer	2
f AO r k l IH f t	fork-lift/forklift	2
f AO r m b IY	formbey/formby	2
f AO r m z	form's/forms	2
f AO r n ER	foreigner(3)/forner	2
f AO r n ER z	foreigners'(3)/foreigners(3)	2
f AO r n IY	forney/forni	2
f AO r s IY AH b AH l	foreseeable/forseeable	2
f AO r s b ER g	forsberg/forsburg	2
f AO r s m AH n	foresman/forsman	2
f AO r s t	forced/forst	2
f AO r s t ER	foerster/forster	2
f AO r t EY s t	foretaste/foretaste(2)	2
f AO r t EY s t s	foretastes/foretastes(2)	2
f AO r t IY	forti/forty	2
f AO r t IY n	fourteen/fourteen(2)	2
f AO r t IY n TH	fourteenth/fourteenth(2)	2
f AO r t IY z	forties/forty's	2
f AO r t s	fortes(2)/forts	2
f AO r w ER d	foreword/forward	2
f AO r z	four's/fours	2
f AO s IY	fauci/fausey	2
f AO t	faught/fought	2
f AW	fao/pfau	2
f AW b AH l	faubel/fowble	2
f AW k ER	faucher/foucher	2
f AW l	foul/fowl	2
f AW l k	foulk/foulke	2
f AW l k s	foulkes/fowlkes	2
f AW n d EY SH AH n z	foundation's/foundations	2
f AW s t	faust/foust	2
f AW t s	fouts/foutz	2
f AY ER z	fire's/fires	2
f AY b ER	fiber/fibre	2
f AY b ER b AO r d	fiberboard/fibreboard	2
f AY b ER g l AE s	fiberglas/fiberglass	2
f AY k	fike/fyke	2
f AY l AH	fila/phyla	2
f AY l ER	feiler/filer	2
f AY n AE n SH AH l z	financial's/financials	2
f AY n ER	feiner/finer	2
f AY n b ER g	feinberg/fineberg	2
f AY n d	find/fined	2
f AY n d ER z	finder's/finders	2
f AY n m AH n	feinman/fineman	2
f AY n z	fein's/fines	2
f AY s t ER	feister/pfiester	2
f AY t IH NG z	fighting's/fightings	2
f AY v z	five's/fives	2
f EH CH	fetch/fetsch	2
f EH SH b AA k	feschbach/feshbach	2
f EH b j AH w EH r IY	feb/february	2
f EH d ER AH l	federal/federle	2
f EH d ER AH l z	federal's/federals	2
f EH d ER EY SH AH n z	federation's/federations	2
f EH d r AH l z	federal's(2)/federals(2)	2
f EH d z	fed's/feds	2
f EH f ER	feffer/pfeffer	2
f EH g l IY	fegley/phegley	2
f EH l AH	fela/fella	2
f EH l IH NG	fehling/felling	2
f EH l d m AH n	feldman/feldmann	2
f EH l p s	felps/phelps	2
f EH l t	feldt/felt	2
f EH l t AH n	felten/felton	2
f EH l z	fells/fels	2
f EH n IH m AO r	fenimore/fennimore	2
f EH n IH s IY	fennessey/fennessy	2
f EH n f EH n	fenphen/phenfen	2
f EH n t	fendt/fent	2
f EH r EH r OW	ferreiro/ferrero	2
f EH r ER	fairer/ferrer	2
f EH r IH NG t AH n	farrington/ferrington	2
f EH r IH b IY	ferebee/ferrebee	2
f EH r IH l	farrell/ferrell	2
f EH r IY ER	farrier/ferrier	2
f EH r b ER n	fairbairn/fairburn	2
f EH r l AO n	fair-lawn/fairlawn	2
f EH s l ER	fesler(2)/fessler	2
f EH s t	fessed/fest	2
f EH s t IH v AH l z	festival's/festivals(2)	2
f EH t	fett/fette	2
f EH t s	fettes/fetz	2
f ER AA r	farrar/ferrar	2
f ER IH s	fariss/phariss	2
f ER IY	ferree/furry	2
f ER TH	firth/furth	2
f ER b ER	ferber/furber	2
f ER b IY	furbee/furby	2
f ER g ER s AH n	fergerson/furgerson	2
f ER m	ferm/firm	2
f ER m AH n	ferman/firman	2
f ER m EH n t	ferment/ferment(2)	2
f ER m IH n	fermin/firmin	2
f ER n	fearn/fern	2
f ER n AH s	furnace/furnas	2
f ER n AH s IH z	furnace's/furnaces	2
f ER n AW	fernao/fernau	2
f ER n ER	ferner/furner	2
f ER s h AE n d	firsthand(2)/firsthand(4)	2
f ER s t	first/furst	2
f ER s t b AO r n	first-born/firstborn	2
f ER s t h AE n d	firsthand/firsthand(3)	2
f ER s t s	first's/firsts	2
f EY b ER	faber/fabre	2
f EY d	fade/fayed	2
f EY d l IY	fadely/faidley	2
f EY d z	fades/fayed's	2
f EY l	fail/faile	2
f EY l ER	failor/faler	2
f EY l z	fails/fales	2
f EY m	fame/fayme	2
f EY n t	faint/feint	2
f EY r OW	pharaoh(2)/pharoah	2
f EY r OW z	pharaohs(2)/pharoahs	2
f EY s IY	facey/facie	2
f EY t IH d	fated/feted	2
f EY v ER IH t	favorite/favourite	2
f EY v ER z	favors/favours	2
f EY z d	fazed/phased	2
f IH NG k b AY n ER	finkbeiner/finkbiner	2
f IH NG k s	fink's/finks	2
f IH SH IH NG	fishing/phishing	2
f IH SH IH z	fish's/fishes(2)	2
f IH SH b AY n	fischbein/fishbein	2
f IH SH b ER n	fishburn/fishburne	2
f IH SH m AH n	fischman/fishman(2)	2
f IH TH	fifth(2)/fithe	2
f IH d AH l ER z	fiddler's/fiddlers	2
f IH d l ER z	fiddler's(2)/fiddlers(2)	2
f IH f s	fifths(2)/fyffes	2
f IH f t IY	fiftee/fifty	2
f IH f t IY n	fifteen/fifteen(2)	2
f IH f t IY n z	fifteen's/fifteens	2
f IH f t IY z	fifties/fifty's	2
f IH g j ER z	figure's/figures	2
f IH g z	figgs/figs	2
f IH k	fick/ficke	2
f IH k AH l	fickel/fickle	2
f IH k s	fickes/fix	2
f IH k t ER	fichter/fiechter	2
f IH l AH b AH s t ER z	filibusters/fillibusters	2
f IH l AH m IY n AH	filomena/philomena	2
f IH l AH p IY n OW	filipino/philippino	2
f IH l AH p s	philip's/philips	2
f IH l AH p s AH n	philipson/phillipson	2
f IH l AW ER	fillauer/philhower	2
f IH l IH p IH k	filipek/philippic	2
f IH l IH p IY	filippi/philippi	2
f IH l IH p s IH z	philips's/phillips's	2
f IH l IH s	phillis/phyllis	2
f IH l IY n	filene/philene	2
f IH l b ER t	filbert/philbert	2
f IH l b ER t s	filbert's/filberts	2
f IH l b IY	filby/philby	2
f IH l b r IH k	filbrick/philbrick	2
f IH l j AH n	filion/fillion	2
f IH l m AO r	fillmore/filmore	2
f IH l m EY k ER z	filmmaker's/filmmakers	2
f IH l m z	film's/films	2
f IH l p AH t	philpot/philpott	2
f IH l s AH n	filson/philson	2
f IH l z	fills/phil's	2
f IH n AE n SH AH l z	financial's(2)/financials(2)	2
f IH n AH n	finan/finnan	2
f IH n ER AE n	fineran/finneran	2
f IH n ER t IY	finerty/finnerty	2
f IH n IH SH	finish/finnish	2
f IH n IH g AH n	finigan/finnigan	2
f IH n d l IY	findlay/findley	2
f IH n l IY	finlay/finley	2
f IH p s	fipps/phipps	2
f IH r	fear/fier	2
f IH s	fis/fiss	2
f IH s k AH l	fiscal/fischl	2
f IH s k s	fisk's/fiske's	2
f IH s t ER	fister/pfister	2
f IH t	fit/fitt	2
f IH t s IH m AH n z	fitzsimmons/fitzsimons	2
f IH t s m AO r IH s	fitzmaurice/fitzmorris	2
f IH t s w AO t ER	fitswater/fitzwater	2
f IH z IH SH AH n z	physicians'/physicians(2)	2
f IY AA l AH	feola/fiala	2
f IY AA n s EY	fiance/fiance(2)	2
f IY AO r IY	fiore/fiori	2
f IY b AH s	phebus/phoebus	2
f IY b IY	phebe/phoebe	2
f IY d	fede/feed	2
f IY g AH l	feagle/fiegel	2
f IY g ER	feger/fieger	2
f IY l IY	feeley/feely	2
f IY l OW	filo/philo	2
f IY l d	feild/field	2
f IY l d ER z	fielder's/fielders	2
f IY m AH	fema/fima	2
f IY m EY l z	female's/females	2
f IY t	feat/feet	2
f IY z	fees/feese	2
f OW	foe/pho	2
f OW g AH l	fogel/fogle	2
f OW g AH l m AH n	fogelman/fogleman	2
f OW k AH s t	focused/focussed	2
f OW k IH s t	focused(2)/focussed(2)	2
f OW l JH ER z	folger's/folgers	2
f OW l d z	folds/foulds	2
f OW l m ER	folmar/folmer	2
f OW l t s	folts/foltz	2
f OW l z	foale's/folz	2
f OW n	fone/phone	2
f OW n IY	phoney/phony	2
f OW t OW	fauteux/photo	2
f OW t OW z	photo's/photos	2
f OY l	foil/foyle	2
f UH l b r AY t	fulbright/fullbright	2
f UH l f IH l	fulfil/fulfill	2
f UH l t AY m	full-time/fulltime	2
f UH l t s	fults/fultz	2
f UH r	foor/fuhr	2
f UH r m AH n	fuhrman/fuhrmann	2
f UH t	foot/foote	2
f UH t b AO l z	football's/footballs	2
f UH t w EH r	footware/footwear	2
f UW IY	fouhy/phooey	2
f UW d m EY k ER z	foodmaker's/foodmakers	2
f UW l z	fool's/fools	2
f UW s	foose/fuoss	2
f j UH r IY	furey/fury	2
f j UW	few/phew	2
f j UW AH l d	fueled/fuelled	2
f j UW AH l z	fuel's/fuels	2
f j UW ER	feuer/fewer	2
f j UW JH IH t	fugett/fugitt	2
f j UW l IH NG	fueling/fuelling	2
f j UW z IH z	fuses(2)/fuzes	2
f l AA k	floc/flock	2
f l AE SH	flasch/flash	2
f l AE SH ER z	flasher's/flashers	2
f l AE SH IH z	flash's/flashes	2
f l AE g	flag/flagg	2
f l AE k	flack/flak	2
f l AE m	flam/flamm	2
f l AE n	flan/flann	2
f l AE n AH g AH n	flanagan/flannagan	2
f l AE n ER IY	flanary/flannery	2
f l AE n IH g AH n	flanigan/flannigan	2
f l AE t	flat/flatt	2
f l AE t AH n	flaten/flatten	2
f l AE t l IY	flatley/flatly	2
f l AO	flaugh/flaw	2
f l AO r AH n s	florance/florence	2
f l AO r EH z	flores/florez	2
f l AO r IY AH	florea/floria	2
f l AO r IY n	florine/fluorine(2)	2
f l AW ER	flour/flower	2
f l AY	fly/flye	2
f l AY ER	flier/flyer	2
f l AY ER z	fliers/flyers	2
f l AY SH ER	fleischer/fleisher	2
f l AY s	fleiss'(2)/fleiss(2)	2
f l AY t s	flight's/flights	2
f l EH SH	flesch/flesh	2
f l EH k s	flecks/flex	2
f l EH m IH NG	fleming/flemming	2
f l EH m IH NG z	fleming's/flemings	2
f l EH r	flair/flare	2
f l EH r t IY	flaharty/flaherty	2
f l EH s n ER	flesner/flessner	2
f l ER	fleur/fluhr	2
f l ER IY	flurry/flury(2)	2
f l EY m	flaim/flame	2
f l IH k ER	flicker/flickr	2
f l IH n	flinn/flynn	2
f l IH n t	flint/flynt	2
f l IH n t s	flint's/flints	2
f l IH s	flis/fliss	2
f l IY	flea/flee	2
f l IY t s	fleet's/fleets	2
f l IY z	fleas/flees	2
f l UH r IY	fleuri(2)/fleury	2
f l UW g	fluegge/pflug	2
f l UW g ER	pflueger/pfluger	2
f l UW t	fluet/flute	2
f r AA g z	frog's/frogs	2
f r AA n d	frond/fronde	2
f r AA n s EH z	francaise/francaises	2
f r AA n z OW n IY	franzone/franzoni	2
f r AE NG k AH l	frankel/frankl	2
f r AE NG k OW	franco/franko	2
f r AE NG k f ER t	frankfort/frankfurt	2
f r AE NG k f ER t s	frankfort's/frankfurt's	2
f r AE m	frahm/fram	2
f r AE n CH AY z IH z	franchise's/franchises	2
f r AE n CH AY z IY z	franchisees/franchisees'	2
f r AE n IY	frannie/franny	2
f r AE n s AH s	francis/francis'	2
f r AE n s IY n z	francine's/francines	2
f r AH CH IY	fruchey/frutchey	2
f r AH m	from/frum	2
f r AH n t IH r z	frontier's/frontiers	2
f r AH n t s	front's/fronts	2
f r AO d s t ER z	fraudster's/fraudsters	2
f r AY ER z	friars/fryers	2
f r AY b ER g	freiberg/friberg	2
f r AY d EY z	friday's(2)/fridays(2)	2
f r AY d IY	freidy(2)/friday	2
f r AY m AH n	freiman/fryman	2
f r AY z	fries/fry's	2
f r EH SH l IY	freshley/freshly	2
f r EH k	frech/freck	2
f r EH r IH k s	frerichs/frericks	2
f r EH s k OW z	fresco's/frescoes	2
f r EH t	fret/frett	2
f r EH t s	frets/fretz	2
f r EY	fray/frey	2
f r EY d EH r IY k AH	fredericka/frederika	2
f r EY m	fraim/frame	2
f r EY t	frate/freight	2
f r EY t ER	frater/freighter	2
f r EY z ER	fraser/frazer	2
f r IH g AH t s	frigate's/frigates	2
f r IH k	frick/fricke	2
f r IH k IY	frickey/frikkie	2
f r IH k s	fricks/frix	2
f r IH l	fril/frill	2
f r IH l IY	friley/frilly	2
f r IH s IH n JH ER	frisinger/frysinger	2
f r IH s k	frisk/friske	2
f r IY	free/freeh	2
f r IY b ER n	freeborn/freeburn	2
f r IY d AH	frida/frieda	2
f r IY d AH m z	freedom's/freedoms	2
f r IY d AH n b ER g	fredenburg/friedenberg	2
f r IY d ER IH k	friederich/friederike	2
f r IY d l AH n d	freedland/friedland	2
f r IY d m AH n z	freedman's/friedman's	2
f r IY d r IH k	friedrich/friedrick	2
f r IY l	freel/friel	2
f r IY l IH NG	freehling/frieling	2
f r IY m AA n t	freemont/fremont	2
f r IY m AH n z	freeman's/freemans	2
f r IY n	frean/freen	2
f r IY n IY	freeney/freeny	2
f r IY r z	frears/freres(2)	2
f r IY s	freise/friess	2
f r IY z IH z	freezes/friezes	2
f r OW	fro/froh	2
f r OW m AH n	frohman/froman	2
f r UW	frew/frueh	2
f r UW IH n	frewin/fruin	2
f w EH n t EY z	fuentes/fuentez	2
g AA SH	ghosh/gosh	2
g AA b r IY EH l AA	gabriela/gabriella	2
g AA d AA r t	godart/goddart	2
g AA d d AE m	goddam/goddamn	2
g AA d f AA DH ER z	godfather's/godfathers	2
g AA d l IY	godley/godly	2
g AA d z	god's/gods	2
g AA k	gocke/gohlke	2
g AA l AH m	gollum/golomb	2
g AA l EH n t IY n IY	galentine/gallentine	2
g AA l IY AA n OW	galiano/galliano	2
g AA l IY n AH	galiena/gallina	2
g AA l IY z	gali's/ghali's	2
g AA l f ER z	golfer's/golfers	2
g AA l f s	golf's/golfs	2
g AA m AH l	gamel/gomoll	2
g AA n d IY	gandhi/ghandi	2
g AA r b	garb/garbe	2
g AA r d AH n ER z	gardener's/gardeners	2
g AA r d AH n z	garden's/gardens	2
g AA r d IH n	gardin/guardin	2
g AA r d IY AH n z	guardian's/guardians	2
g AA r d n ER	gardiner/gardner	2
g AA r d n ER z	gardeners(2)/gardner's	2
g AA r d z	guard's/guards	2
g AA r f IH NG k AH l	garfinkel/garfinkle	2
g AA r l IH k	garlic/garlick	2
g AA r m AH n	garman/garmon	2
g AA r m AH n d	garmond/garmund	2
g AA r n OW	garneau/garno	2
g AA r p s	garp's/garps	2
g AA r s IY AH z	garcia's/garcias	2
g AA r s t AH n	garstin/garston	2
g AA r t AH n	garten/garton	2
g AA r v IY	garvey/garvie	2
g AA s k AH	gasca/gaska	2
g AA t	got/gott	2
g AA t IY z	gotti's/gottis(2)	2
g AA t l IY b	gotlieb/gottlieb	2
g AA t s	gotts/gotz	2
g AE CH	gach/gatch	2
g AE CH AH l	gatchel/gatchell	2
g AE JH AH t s	gadget's/gadgets	2
g AE NG z	gang's/gangs	2
g AE b ER t	gabbert/gabert	2
g AE b r IY l s AH n	gabrielsen/gabrielson	2
g AE d	gad/gadd	2
g AE d IY	gaddie/gaddy	2
g AE g AH l	gagel/gaggle	2
g AE l AH	gala/galla	2
g AE l AH h ER	gallagher(2)/gallaher	2
g AE l AH k s IY z	galaxies/galaxy's	2
g AE l AH p	gallop/gallup	2
g AE l ER IY AH	galeria/galleria	2
g AE l IH p OW	galipault(2)/galipeau	2
g AE l IY	galley/galli	2
g AE l IY AH n	galleon/galyean	2
g AE l OW	gallo/gallow	2
g AE m	gahm/gamm	2
g AE m AH l	gammel/gammell	2
g AE m AH n z	gammons/gamons	2
g AE m IH JH	gamage/gammage	2
g AE m b AH l z	gamble's/gambles	2
g AE m b l ER z	gambler's/gamblers	2
g AE m b r AH l	gambrel/gambrell	2
g AE n AH w EY	ganaway/gannaway	2
g AE n AH z	ganas/ghana's	2
g AE n IH m	ganem/ganim	2
g AE n d IY	gandee/gandy	2
g AE n s AH n	gansen/ganson	2
g AE n t	gant/gantt	2
g AE n z	gans/ganz	2
g AE p	gap/gapp	2
g AE p s	gap's/gaps	2
g AE r AH d	gared/garrod	2
g AE r AH l z	garrels/garrols	2
g AE r IH s	garis/garris	2
g AE s	gas/gass	2
g AE s AH w EY	gasaway/gassaway	2
g AE s m AH n	gassman/gassmann	2
g AE s n ER	gasner/gassner	2
g AE s p ER	gaspar/gasper	2
g AE s t	gassed/gast	2
g AE t	gat/gatt	2
g AE t AH n	gatten/gatton	2
g AE t IY	gatti/gatty	2
g AH TH ER IY	gutherie/guthery	2
g AH d AA f IY	gadhafi/ghadafi(3)	2
g AH f IY	guffey/guffy	2
g AH l AH	gulla/gullah	2
g AH l AH t	gullatt/gullet	2
g AH l EH s p IY	gillespie/gillispie	2
g AH l ER n t ER	galernter/gelernter	2
g AH l IH k s AH n	gullickson/gullikson	2
g AH l IY	gulley/gully	2
g AH l IY n AH	galena/galina	2
g AH l b r AH n d s AH n	gulbrandsen/gulbrandson	2
g AH l b r AH n s AH n	gulbransen/gulbranson	2
g AH l f s	gulf's/gulfs	2
g AH l z	gull's/gulls	2
g AH m AA l	gamal/gammal	2
g AH m IY	gummi/gummy	2
g AH m p	gump/gumpp	2
g AH n	gun/gunn	2
g AH n AA d IY	gennady/gunadi	2
g AH n AH l z	gunnells/gunnels	2
g AH n ER	gunnar/gunner	2
g AH n d AH l	gundel/gundle	2
g AH n d ER s AH n	gundersen/gunderson	2
g AH n f AY t ER z	gunfighter's/gunfighters	2
g AH n t ER	gunter/guntur	2
g AH s	gus/guss	2
g AH s IY	gussie/gussy	2
g AH s m AH n	gusman/gussman	2
g AH s t	gust/guste	2
g AH t	gut/gutt	2
g AH v ER m AH n t	goverment/government	2
g AH z AH l ER z	guzzler's/guzzlers	2
g AH z AO f s k IY	gozofsky/guzowski	2
g AH z l ER z	guzzler's(2)/guzzlers(2)	2
g AO	gaugh/gaw	2
g AO AH n	gaughan/gawen	2
g AO f	goff/gough	2
g AO l AH n	gallen/gaulan	2
g AO l t	galt/gault	2
g AO l z	galls/gauls	2
g AO n	gawne/gone	2
g AO n t	gaunt/gauntt	2
g AO n t l AH t	gantlet/gauntlet	2
g AO r AA ZH d AH	garajda(2)/gorazde	2
g AO r AA ZH d AH z	garajda's(2)/gorazde's	2
g AO r AH m	gorham/gorum	2
g AO r IH NG	goehring/goring	2
g AO r b AH CH AO f s	gorbachev's(2)/gorbachevs(2)	2
g AO r b AH CH EH v z	gorbachev's/gorbachevs	2
g AO r d IY	gordie/gordy	2
g AO r k IY	gorki/gorky	2
g AO r l IY	gorley/gourley	2
g AO r n IH k	gornick/gornik	2
g AO r n IY	gorney/gorny	2
g AO r s k IY	gorski/gorsky	2
g AO r z	gore's/gores	2
g AW	gao/gow	2
g AW AH n	gowan/gowen	2
g AW AH n z	gowans/gowens	2
g AW ER	gauer/gower	2
g AW k ER	goucher/gouker	2
g AY EH t	guyett/guyette	2
g AY d AA r	gaidar/geidar	2
g AY d z	guide's/guides	2
g AY m AH n	geiman/guymon	2
g AY n	guynn/gyn(2)	2
g AY r	gire/guire	2
g AY s IH n JH ER	geisinger/geissinger	2
g EH b AH l	gaebel/gebel	2
g EH b h AA r t	gebhardt/gebhart	2
g EH k OW	gecko/gekko	2
g EH l	gehl/guel	2
g EH l m AH n	gellman/gelman	2
g EH m AH l	gemmell/gemmill	2
g EH p h AA r t	gephardt/gephart	2
g EH r AH n t IY	guarantee/guaranty	2
g EH r AH t s	garret's/garrets	2
g EH r IH NG	garing/gehring	2
g EH r IH NG ER	garinger/gehringer	2
g EH r IH g	gehrig/gherig	2
g EH r IH g z	gehrig's/gherig's	2
g EH r IH k	garrick/gerich	2
g EH r IH n	garin/guerin	2
g EH r IH t IY	garrity/gerety	2
g EH r OW	garo/garrow	2
g EH r m AH n	gehrman/gehrmann	2
g EH s AH l	gesell/gessel	2
g EH s n ER	gesner/gessner	2
g EH s t	guessed/guest	2
g EH t	get/goette	2
g EH t AH l	gettel/gettle	2
g EH t AH l ER	gettler/guettler	2
g EH t ER	geter/getter	2
g EH t IY z	getty's/gettys	2
g EH t l ER	gettler(2)/guettler(2)	2
g EH t m AH n	getman/gettman	2
g EH z	ghez/guez	2
g ER AA ZH d AH	garajda/gorazde(2)	2
g ER AA ZH d AH z	garajda's/gorazde's(2)	2
g ER AA r d	garard/guerard	2
g ER CH IH n s k IY	garczynski/gorczynski	2
g ER IY	guerry/gurry	2
g ER SH	gersch/gersh	2
g ER TH	gerth/girth	2
g ER d	gerd/gird	2
g ER g AH l	gergel/gurgle	2
g ER h AA r t	gerhardt/gerhart	2
g ER l AH k	gerlach/gerlock	2
g ER l IY	girlie/gurley	2
g ER l f r EH n d z	girlfriend's/girlfriends	2
g ER m AH n	germann/gherman	2
g ER n IY	gurnee/gurney	2
g ER t	gert/girt	2
g ER t AH l ER	gertler/gurtler	2
g ER t AH n	girten/girton	2
g ER t l ER	gertler(2)/gurtler(2)	2
g ER t n ER	gertner/gurtner	2
g ER t r UW d	gertrud/gertrude	2
g ER t s	gertz/gurtz	2
g ER v AH n	girvan/girven	2
g EY b r IY EH l s AH n	gabrielsen(2)/gabrielson(2)	2
g EY h AA r t	gayhart/gayheart	2
g EY l AH n	galan/galen	2
g EY n AH s	gainous/gayness	2
g EY t	gait/gate	2
g EY t AH n	gaytan/gayton	2
g EY t ER	gaiter/gator	2
g EY t OW s	gatos(3)/gatos(4)	2
g EY t l IY	gateley(2)/gately	2
g EY t w EY z	gateway's/gateways	2
g EY v AH n	gavan/gaven	2
g IH NG g r IH CH IH z	gingrich's/gingriches	2
g IH b s AH n z	gibson's/gibsons	2
g IH b z	gibb's/gibbs	2
g IH f ER d z	gifford's/giffords	2
g IH l AH m	gillam/gillum	2
g IH l AH s p IY	gillaspie/gillaspy	2
g IH l EH t	guillet/guillette	2
g IH l IH n	gillin/guilin	2
g IH l b IY	gilbey/gilby	2
g IH l d	gild/guild	2
g IH l d AH n	gilden/gildon	2
g IH l d ER	gilder/guilder	2
g IH l d z	guild's/guilds	2
g IH l f ER d	gilford/guilford	2
g IH l f OY l	guilfoil/guilfoyle	2
g IH l h AH m	gilham/gillham	2
g IH l k ER IH s t	gilchrest/gilcrest	2
g IH l k IH s AH n	gilkeson/gilkison	2
g IH l m AA r t IH n	gilmartin/guilmartin	2
g IH l m AH n	gillman/gilman	2
g IH l s AH n	gillson/gilson	2
g IH l t	gilt/guilt	2
g IH l z	gill's/gills	2
g IH n AH s	guiness/guinness	2
g IH n DH ER	ginther/guinther	2
g IH n IY	guinea/guiney	2
g IH n z b ER g	ginsburg/ginzberg	2
g IH r IH NG	gearing/gering	2
g IH r IY	gearey/geary	2
g IH r z	gear's/gears	2
g IH t	get(2)/git	2
g IH t AA r IH s t s	guitarist's/guitarists	2
g IH t AH l m AH n	gittelman/gittleman	2
g IH v AH n	givan/given	2
g IH v IH n	given(2)/givin'	2
g IY k	geac/geek	2
g IY r h AA r t	gearhart(2)/gearheart(2)	2
g IY s AH l ER	gieseler/giesler	2
g IY s IH k	giesecke/gieseke	2
g OW b IH n	gobain/gobin	2
g OW b IY	gobi/gobie	2
g OW d EH t	gaudet/gaudette	2
g OW d IH NG	goading/goding	2
g OW d IH k	godek/goedecke	2
g OW l	goal/gohl	2
g OW l AH b	golob/golub	2
g OW l IY	goalie/goley	2
g OW l d	gold/golde	2
g OW l d m AH n	goldman/goldmann	2
g OW l d m AH n z	goldman's/goldmans	2
g OW l d w IH n	goldwin/goldwyn	2
g OW l d z	gold's/golds	2
g OW l s AH n	gholson/golson	2
g OW l s t AH n	gholston/golston	2
g OW m AH n	goeman/gohman	2
g OW m EH z	gomes/gomez	2
g OW m ER IY	gomery/gomory	2
g OW n	goan/goen	2
g OW n z	goans/goens	2
g OW t AH l	goettel/goettl	2
g OW t r OW	gautreau/gautreaux	2
g OW t s	goat's/goats	2
g OW v AE n	gauvain/gauvin	2
g OY n	goin/goyne	2
g UH d	good/goode	2
g UH d IY	goodie/goody	2
g UH d IY z	goodies/goody's	2
g UH d h AA r t	goodhart/goodheart	2
g UH d l EH t	goodlet/goodlett	2
g UH d l IY	goodley/goodly	2
g UH d l OW	goodloe/goodlow	2
g UH d w IH n	goodwin/goodwyn	2
g UH d z	good's/goods	2
g UW	goo/gu	2
g UW g AH l	google/gugel	2
g UW g AH l z	google's/googles	2
g UW l IY	gooley/gulli	2
g UW l d	goold/gould	2
g UW r UW z	guru's/gurus	2
g UW s AH n	goosen/goossen	2
g UW t j EH r EH z	gutierres/gutierrez	2
g j UH r IY AH n	gurian/gurion	2
g l AA b	glaab/glob	2
g l AA s t ER	gloster/gloucester	2
g l AE d	glad/gladd	2
g l AE m ER	glamor/glamour	2
g l AE s	glas/glass	2
g l AE s IH z	glass's/glasses(2)	2
g l AE s IY	glassey/glassy	2
g l AE s n ER	glasner/glassner	2
g l AE s p IY	glaspie/glaspy	2
g l AE v IH n	glavin/glavine	2
g l AO r	glor/glore	2
g l AO r IY	glori/glory	2
g l EH n	glen/glenn	2
g l EH n IY	glennie/glenny	2
g l EH n d IH n IH NG	glendenning/glendinning	2
g l EH n z	glenn's/glens	2
g l EY SH ER z	glacier's/glaciers	2
g l IH n	glyn/glynn	2
g l IH n IH s	glynis/glynnis	2
g l IH s AH n	glisson/glisten	2
g l IY m	gleam/gleim	2
g l OW b z	globe's/globes	2
g l OW d	gloede/glowed	2
g l UW	glew/glue	2
g r AA g	grog/grogg	2
g r AE b	grab/grabbe	2
g r AE f IH k s	graphics/graphics'	2
g r AE m ER	grammar/grammer	2
g r AE n	grahn/gran	2
g r AE n AH t	granat/granite	2
g r AE n IY z	granese/grannies	2
g r AE n d	grand/grande	2
g r AE n d AE d	grandad/granddad	2
g r AE n d AO t ER	grand-daughter/granddaughter	2
g r AE n d AO t ER z	granddaughter's/granddaughters	2
g r AE n d IY	grandi/grandy	2
g r AE n d IY OW s	grandiose/grandiose(2)	2
g r AE n d f AA DH ER z	grandfather's/grandfathers	2
g r AE n d m AA z	grandma's/grandmas	2
g r AE n d m AH DH ER z	grandmother's/grandmothers	2
g r AE n d p EH r AH n t s	grandparents/grandparents'	2
g r AE n d s AH n z	grandson's/grandsons	2
g r AE n d z	grand's/grands	2
g r AE n f AA DH ER z	grandfather's(2)/grandfathers(2)	2
g r AE n t	grandt/grant	2
g r AE s IY	grassi/grassy	2
g r AE t AH n	grattan/gratton	2
g r AE v AH l	gravel/gravell	2
g r AE v IH t	gravett/gravitt	2
g r AH b	grub/grubb	2
g r AH b z	grubbs/grubs	2
g r AH m ER s IY	gramercy/gramersey	2
g r AH n EY d	granade/grenade	2
g r AO	graw/grawe	2
g r AO l	grall/graul	2
g r AO m AH n	grauman/graumann	2
g r AW	grau/graue	2
g r AY n ER	greiner/griner	2
g r AY t s	greitz(2)/grites	2
g r AY z	gries/grise	2
g r EH b n ER	graebner/grebner	2
g r EH g	greg/gregg	2
g r EH g ER	greger/gregor	2
g r EH g ER s AH n	gregersen/gregerson	2
g r EH g z	greg's/greggs	2
g r EH l	grell/grelle	2
g r EH n AH n	grennan/grenon	2
g r EH t AH l	gretal/gretel	2
g r EH t s	greitz/gretz	2
g r EY AH m z	graham's/grahams(2)	2
g r EY IH NG	graying/greying	2
g r EY b AH l	grable/graybeal	2
g r EY d AH n	graden/graydon	2
g r EY n	grain/grein	2
g r EY n IY	grainy/graney	2
g r EY s IH z	grace's/graces	2
g r EY t	grate/great	2
g r EY t ER	grater/greater	2
g r IH b AH n	gribben/gribbon	2
g r IH d l AA k s	gridlock's/gridlocks	2
g r IH d z	grid's/grids	2
g r IH f AH n	griffen/griffon	2
g r IH f IH TH	griffeth/griffith(2)	2
g r IH f IH TH s	griffith's/griffiths	2
g r IH l	grill/grille	2
g r IH m AH s t	grimaced/grimmest	2
g r IH m l IY	grimley/grimly	2
g r IH n d	grinde/grinned	2
g r IH n d l IY	grindlay(2)/grindley	2
g r IH p	grip/gripp	2
g r IH r	grear/greer	2
g r IH s t	ghrist/grist	2
g r IH t s	grits/gritz	2
g r IH z AH l	grizzell/grizzle	2
g r IH z l IY	grisly/grizzly	2
g r IY b	grebe/grieb	2
g r IY d	grede/greed	2
g r IY l IY	greeley/greely	2
g r IY l IY v IH l	greeleyville/greelieville	2
g r IY m	greim/grieme	2
g r IY n	green/greene	2
g r IY n b AE k s	greenback's/greenbacks	2
g r IY n b ER g	greenberg/greenburg	2
g r IY n w AO l d z	greenwald's/greenwalds	2
g r IY s AH n	greason/greeson	2
g r IY t	greet/grete	2
g r IY t s	graetz/greets	2
g r IY v ER	greever/griever	2
g r IY v z	greaves/grieves	2
g r IY z	greis/griese	2
g r OW ER	groer/grower	2
g r OW ER z	growers/growers'	2
g r OW TH s	growth's/growths	2
g r OW m AH n	grohman/groman	2
g r OW n AH p	grown-up/grownup	2
g r OW n AH p s	grown-ups/grownups	2
g r OW p	groep/grope	2
g r OW s ER	grocer/grosser	2
g r OW s ER z	grocer's/grocers	2
g r OW s IH z	gross's/grosses	2
g r OW s k AO f	groskopf(2)/grosskopf(2)	2
g r OW t	groat/grote	2
g r OW v ER z	grover's/grovers	2
g r OW v z	grove's/groves	2
g r OW z	grose/grows	2
g r UW m	groom/groome	2
g r UW m z	groomes/grooms	2
g r UW n	gruen/gruhn	2
g r UW p OW	grupo/gruppo	2
g r UW v ER	groover/gruver	2
g w AA d AH l UW p	guadalupe/guadeloupe	2
g w IH n AH TH s	gwyneth's/gwyneths	2
h AA	ha/hah	2
h AA JH IH z	hodge's/hodges	2
h AA JH k IH n z	hodgkin's/hodgkins	2
h AA SH AA t	hot-shot/hotshot	2
h AA SH AA t s	hot-shots/hotshots	2
h AA b	haab/hob	2
h AA b IY	hobbie/hobby	2
h AA b IY z	hobbes/hobbies	2
h AA d ER	hodder/hoddur	2
h AA f	haaf/hof	2
h AA f EH z	hafez/haffez	2
h AA f m AH n	hofman/hofmann	2
h AA k AH n b EH r IY	hockenberry/hockenbury	2
h AA k IH n s AH n	haakenson/hokenson	2
h AA k IY m	hakeem/hakim	2
h AA k IY m z	hakeem's/hakim's	2
h AA k b ER g	hochberg/hockberg	2
h AA k m AH n	hochman/hockman	2
h AA l AH b AO	hollabaugh/hollobaugh	2
h AA l AH d EY	holiday/holladay	2
h AA l AH d EY z	holiday's/holidays	2
h AA l AH h AE n	holahan/holohan	2
h AA l AH n d	haaland/holland	2
h AA l AH n d z	holland's/hollands	2
h AA l ER	hollar/holler	2
h AA l ER AH n	holleran/holloran	2
h AA l ER z	hollars/hollers	2
h AA l IH d EY	holiday(2)/holliday	2
h AA l IH k	holick/hollick	2
h AA l IY z	hollies/holly's	2
h AA l OW	hollo/hollow	2
h AA l OW z	hollow's/hollows	2
h AA m AA s	hamas/hamas'	2
h AA m z	hommes/homs	2
h AA n AH k AH	chanukah/hanukkah	2
h AA n AH k AH z	hanukkah's/hanukkahs	2
h AA n OW l d	honnold/honold	2
h AA n s	hans/honse	2
h AA n z	han's/hons	2
h AA p AH l	hoppel/hopple	2
h AA p ER z	hopper's/hoppers	2
h AA r	haar/har	2
h AA r SH	harsch/harsh	2
h AA r TH	harth/hearth	2
h AA r b ER z	harbor's/harbors	2
h AA r b IH s AH n	harbeson/harbison	2
h AA r d AH n z	harden's/hardens	2
h AA r d IH g r IY	hardegree/hardigree	2
h AA r d IY z	hardee's/hardy's	2
h AA r d m AH n	hardeman/hardman	2
h AA r d w IH k	hardwick/hardwicke	2
h AA r k AH n z	harkens/hearkens	2
h AA r k IH n z	harkin's/harkins	2
h AA r k l ER OW d	harclerode(2)/harkleroad	2
h AA r m AH n IY	harmonie/harmony	2
h AA r n	harn/harne	2
h AA r n IH SH	harnisch/harnish	2
h AA r p	harp/harpe	2
h AA r p ER z	harper's/harpers	2
h AA r t ER	harter/hartter	2
h AA r t IY	harty/hearty	2
h AA r t l AH s	hartless/heartless	2
h AA r t m AH n	hartman/hartmann	2
h AA r t w IH k	hartwick/hartwig	2
h AA r t w UH d	hartwood/heartwood	2
h AA r t z AH l	hartzel/hartzell	2
h AA r v	harv/harve	2
h AA r v AH l	harvel/harvell	2
h AA r v IH l	harvill/harville	2
h AA r v IY	harvey/harvie	2
h AA s AH k	hosack/hossack	2
h AA s AH l ER	hosler/hossler	2
h AA s p AH s IH z	hospice's/hospices	2
h AA s p IH t AH l z	hospital's/hospitals	2
h AA s t AH l	hostel/hostile	2
h AA s t IH t AH l ER	hostetler/hostettler	2
h AA t	hot/hott	2
h AA t AH l	hottel/hottle	2
h AA t l AY n	hot-line/hotline	2
h AA t s	hots/hotz	2
h AE CH	hach/hatch	2
h AE CH AH l	hatchel/hatchell	2
h AE CH IH z	hatch's/hatches	2
h AE JH IY	hagee/hagey	2
h AE NG ER	hangar/hanger	2
h AE NG ER z	hangars/hangers	2
h AE NG k	hank/hanke	2
h AE NG k IY	hankey/hanky	2
h AE NG k s	hankes/hanks	2
h AE SH	hasch/hash	2
h AE SH ER z	hasher's/hashers	2
h AE SH IH m	hashem/hashim	2
h AE b AH t AE t s	habitat's/habitats	2
h AE b IH g ER	habegger/habiger	2
h AE d	had/hadd	2
h AE d AH d	hadad/haddad	2
h AE d s AH l	hadsall/hadsell	2
h AE f	haff/half	2
h AE f ER d	hafford/halford	2
h AE f h AA r t IH d	half-hearted/halfhearted	2
h AE f m AH n	halfman/halfmann	2
h AE f n ER	haffner/hafner	2
h AE f t AY m	half-time/halftime	2
h AE g AA r t IY	hagarty/haggarty	2
h AE g AH l	hagel/haggle	2
h AE g IH m AY ER	hagemeier/hagemeyer	2
h AE g IH n z	haggins/hagins	2
h AE g l AH n d	hagglund/haglund	2
h AE g m AH n	hagman/hagmann	2
h AE g s t r AH m	haggstrom/hagstrom	2
h AE k ER z	hacker's/hackers	2
h AE k m AH n	hackman(2)/hackmann	2
h AE k s	hacks/haq's	2
h AE l	hal/halle	2
h AE l AH m	hallam/hallum	2
h AE l AH w IY n	hallowe'en/halloween	2
h AE l IH b ER t AH n	haliburton/halliburton	2
h AE l IH k	halik/halleck	2
h AE l IH t	hallet/hallett	2
h AE l g r EH n	halgren/hallgren	2
h AE l p r IH n	halperin(2)/halprin	2
h AE l s IY AH n	halcion/halcyon	2
h AE l v ER s AH n	halverson/halvorson	2
h AE m AH l t AH n z	hamilton's/hamiltons	2
h AE m ER z	hammer's/hammers	2
h AE m IH t	hammett/hammitt	2
h AE m SH ER	hampshire(2)/hamsher	2
h AE m b ER g	hamberg/hamburg	2
h AE m b ER g ER	hamberger/hamburger	2
h AE m b l IY	hambley/hambly	2
h AE m d AH n	hamdan/hamdun	2
h AE m l IH n	hamelin(2)/hamlin	2
h AE m l IH t	hamlet(2)/hamlett	2
h AE m p	hamp/hampe	2
h AE m p AH l	hampel/hample	2
h AE m p t AH n z	hampton's/hamptons	2
h AE m r IH k	hamric/hamrick	2
h AE m z	hammes/hams	2
h AE n	han(2)/hann	2
h AE n AH m	hannam/hannum	2
h AE n IH SH	hanisch/hanish	2
h AE n IH f IH n	hanifin/hannifin	2
h AE n IH g AH n	hanigan/hannigan	2
h AE n OW l d	hannold/hanold	2
h AE n b EH r IY	hanberry/hanbury	2
h AE n d AH l	handel/handle	2
h AE n d h EH l d	hand-held/handheld	2
h AE n d l IY	handley/handly	2
h AE n d z	hand's/hands	2
h AE n k AA k s	hancock's/hancox	2
h AE n l IY	hanley/hanly	2
h AE n m AH n	hanneman/hannemann	2
h AE n s AH l	hansel/hansell	2
h AE n s AH m	handsome/hansom	2
h AE n s AH n z	hansen's/hanson's	2
h AE n s b EH r IY	hansberry/hansbury	2
h AE n s m AH n	hansman/hansmann	2
h AE p s b ER g	habsburg/hapsburg	2
h AE r	harr/harre	2
h AE r AH l s AH n	haralson/harralson	2
h AE r IH s b ER g	harrisburg/harrisburgh	2
h AE r IH s b ER g z	harrisburg's/harrisburgh's	2
h AE s AH n	hassen/hasson	2
h AE s k AH l	hascall/haskell	2
h AE s l ER	hasler(2)/hassler	2
h AE s m AH n	hasman/hassman	2
h AE t	hat/hatt	2
h AE t AH w EY	hataway/hattaway	2
h AE t IY	hattie/hatty	2
h AE v	halve/have	2
h AE v IH NG	halving/having	2
h AE v r AH n	havran/havron	2
h AE v z	halves/haves	2
h AE z ER d	hazard/hazzard	2
h AH CH	huch/hutch	2
h AH CH IH s AH n	hutcheson/hutchison	2
h AH NG k	hunk/hunke	2
h AH b AH l	hubbell/hubble	2
h AH b AH l z	hubbell's/hubble's	2
h AH b ER t	hubbart/hubbert	2
h AH b IY b IY	habibi/habibie	2
h AH b z	hubbs/hubs	2
h AH d n AH l	hudnall/hudnell	2
h AH f	hough/huff	2
h AH f n EY g AH l	hufnagel/hufnagle	2
h AH f s	huff's/huffs	2
h AH f s t EH t l ER	huffstetler(2)/hufstetler(2)	2
h AH f s t IH t AH l ER	huffstetler/hufstetler	2
h AH g	hug/hugg	2
h AH g IY	huggy/hughey	2
h AH g l IY	hughley/hugley	2
h AH k	huck/hucke	2
h AH k AH b IY	huckabee/huckaby	2
h AH k s	hucks/hux	2
h AH l b ER d	hulbard/hulburd	2
h AH l b ER t	hulbert/hulburt	2
h AH l s	hulce/hulse	2
h AH m	hum/humm	2
h AH m AA s	hammas/hammas'	2
h AH m f ER IY	humfry/humphery	2
h AH m f ER IY z	humpherys/humphries	2
h AH m v IY z	humvee's/humvees	2
h AH n IY k AH t	honeycutt/huneycutt	2
h AH n d EY	hundai/hyundai(2)	2
h AH n s AH k ER	hunsaker/hunsucker	2
h AH n t ER z	hunter's/hunters	2
h AH n t l IY	huntley/huntly	2
h AH n z IH k ER	hunzeker/hunziker	2
h AH s EH l t AH n	haselton/hoselton	2
h AH s ER	hussar/husser	2
h AH s IY	hussey/hussy	2
h AH s k IY	huskey/husky	2
h AH t s	hut's/huts	2
h AH t z AH l	hutzel/hutzell	2
h AH z b AH n d z	husband's/husbands	2
h AO NG k AO NG	hong-kong/hongkong	2
h AO TH AO r n	hawthorn/hawthorne	2
h AO TH AO r n z	hawthorne's/hawthorns	2
h AO f m AH n	hoffman/hoffmann	2
h AO f m AY ER	hoffmeier/hoffmeyer	2
h AO g l AH n d	haugland/hoglund	2
h AO g l AH n d z	hoglund's/hoglunds	2
h AO k IH n z	hawkins/hawkins'	2
h AO k IY	haughey/hawkey	2
h AO l	hall/haul	2
h AO l ER	haller/hauler	2
h AO l IH NG	halling/hauling	2
h AO l IY	hallie/hawley	2
h AO l d	hald/hauled	2
h AO l m AA r k s	hallmark's/hallmarks	2
h AO l t ER z	halter's/halters	2
h AO r AH l	horrell/hurrell	2
h AO r AH s	horace/horus	2
h AO r d z	hoards/hordes	2
h AO r k IY	horkey/horky	2
h AO r m AH n	horman/hormann	2
h AO r n	horn/horne	2
h AO r n AH k	hornack/hornak	2
h AO r n AH t s	hornet's/hornets	2
h AO r n IH k	hornick/hornik	2
h AO r n IY	horney/horny	2
h AO r n z	horn's/horns	2
h AO r s	hoarse/horse	2
h AO r s AH z	horse's/horses	2
h AO r s IH z	horses'/horses(2)	2
h AO r s l IY	horsely/horsley	2
h AO r s t	horsed/horst	2
h AO r s t m AH n	horstman/horstmann	2
h AO r z	hors/whores	2
h AO t	haught/haut	2
h AO t AH n	haughton/houghton	2
h AO z	hawes/haws	2
h AW AH l	howell/howle	2
h AW AH l z	howell's/howells	2
h AW AH t	howat/howatt	2
h AW IY	howey/howie	2
h AW SH	hausch/housh	2
h AW d	houde/how'd	2
h AW d IH SH EH l	howdeshell/howdyshell	2
h AW g AH n	haugen/hougen	2
h AW l	houle/howl	2
h AW l AH n d	houghland/howland	2
h AW p t m AH n	hauptman/hauptmann	2
h AW s AH l	houseal/housel	2
h AW s AH l ER	hausler/haussler	2
h AW s AH n	housen/howson	2
h AW s ER	hausser/howsare	2
h AW s h OW l d z	household's/households	2
h AW s w ER TH	hauswirth/houseworth	2
h AW t AH n	houghton(2)/howton	2
h AW t ER	haueter/hauter	2
h AW t s	houts/houtz	2
h AY AH m	hiam/higham	2
h AY AH s IH n TH	hyacinth/hyacinthe	2
h AY AH t s	hiatt's/hyatt's	2
h AY ER z	hires/hyers	2
h AY b ER g ER	heiberger/highberger	2
h AY d AH k	hajduk/hydock	2
h AY d EY AH	hydea(2)/hydeia	2
h AY d IY	heidi/hidy	2
h AY d m AH n	heideman/heidemann	2
h AY d r IH k	heidrich/heidrick	2
h AY d s t r AH	heidstra/hydstra	2
h AY d z	hides/hyde's	2
h AY k OW	heico/heiko	2
h AY k s	hikes/hykes	2
h AY l m AH n z	heileman's/hilemon's	2
h AY m AH w IH t s	haimowitz/hymowitz(2)	2
h AY m ER	heimer/hymer	2
h AY m b ER g ER	heimberger/heimburger	2
h AY n AH l	heinl/heinle	2
h AY n ER	heiner/hiner	2
h AY n d AH l	heindel/heindl	2
h AY n l IY	heinly/hinely	2
h AY n t s	heintz/heintze	2
h AY n z IH z	heinz's/hynes's	2
h AY n z m AH n	heinzman/heinzmann	2
h AY r	hire(2)/hyre	2
h AY s AH l	heisel/hysell	2
h AY s ER	heiser/huyser	2
h AY s k UW l	high-school/highschool	2
h AY s p IY d	high-speed/highspeed	2
h AY t EH k	high-tech/hightech	2
h AY t m AH n	heitman/heitmann	2
h AY w EY	highway/hiway	2
h AY w EY z	highway's/highways	2
h AY z	highs/hise	2
h EH DH ER IH NG t AH n	heatherington/hetherington	2
h EH DH ER z	heather's/heathers	2
h EH NG k	henk/henke	2
h EH NG k AH l	henkel/henkle	2
h EH b ER AH l	haeberle/heberle	2
h EH d AH n	headen/hedden	2
h EH d IH NG	heading/hedding	2
h EH d l AH n d	headlund/hedlund	2
h EH d m AH n	headman/hedman	2
h EH d z	head's/heads	2
h EH f AH l	haefele/heffel	2
h EH f ER AH n	hefferan/hefferon	2
h EH f l ER	heffler/hefler	2
h EH f l IY	heffley/hefley	2
h EH f t IY	hefti/hefty	2
h EH g	hegg/hegge	2
h EH g AH l	haegele/hegel	2
h EH g l AH n d	hegland/heglund	2
h EH k AH l	heckel/heckle	2
h EH k ER t	heckart/heckert	2
h EH k l ER	hechler/heckler	2
h EH k m AH n	heckman/heckmann	2
h EH k s	heck's/hex	2
h EH l AH m z	hellams/hellums	2
h EH l AH n	helen/hellen	2
h EH l b ER g	helberg/hellberg	2
h EH l d ER	helder/heldor	2
h EH l m	helm/helme	2
h EH l m AH t	helmet/helmut	2
h EH l m ER	hellmer/helmer	2
h EH l m IH k	helmich/helmick	2
h EH l m UW TH	hellmuth/helmuth	2
h EH l m z l IY z	helmsley's/helmsleys	2
h EH l s t r AH m	hellstrom/helstrom	2
h EH l t	heldt/helt	2
h EH l v IY	helvey/helvie	2
h EH l w IH g	hellwig/helwig	2
h EH m IH NG	heming/hemming	2
h EH m IH NG ER	heminger/hemminger	2
h EH m IH NG s AH n	hemmingsen/hemmingson	2
h EH m r IH k	hemric/hemrick	2
h EH n AH l	haenel/henle	2
h EH n AH s IY	hennessey/hennessy	2
h EH n CH m AH n	henchman/henchmen	2
h EH n ER IY	henery/henrie	2
h EH n IH NG ER	heninger/henninger	2
h EH n IH g AH n	henigan/hennigan	2
h EH n IH g ER	henegar/hennigar	2
h EH n IH k	henneke/hennick	2
h EH n IH s	henness/hennis	2
h EH n TH AO r n	henthorn/henthorne	2
h EH n d ER SH AH t	hendershot/hendershott	2
h EH n d IY	hendee/hendy	2
h EH n l IY	henley/henly	2
h EH n l IY z	henley's/henleys	2
h EH n m AH n	henman/henneman	2
h EH n r IH k s	henrichs/henricks	2
h EH n r IY	henri/henry	2
h EH n r IY k EH z	henriques/henriquez	2
h EH n s	hence/hense	2
h EH n s AH l	hensel/hensil	2
h EH n s AH n	hensen/henson	2
h EH n z l IY	henslee/hensley	2
h EH p l ER	hepler/heppler	2
h EH p n ER	hepner/heppner	2
h EH r AH d z	harrod's/harrods	2
h EH r AH n z	heron's/herons	2
h EH r IH NG	haring/herring	2
h EH r IH m AH n	harriman/herriman	2
h EH r IH n	herin/herrin	2
h EH r IH s b ER g	harrisburg(2)/harrisburgh(2)	2
h EH r IH s b ER g z	harrisburg's(2)/harrisburgh's(2)	2
h EH r IY	hairy/harry	2
h EH r IY AH t	harriet/herriott(2)	2
h EH r IY z	harries/harry's	2
h EH r OW AH n	heroin/heroine	2
h EH r OW AH n z	heroin's/heroines	2
h EH r m AH n	herrman/herrmann	2
h EH r t s AH g OW v IY n AH	hercegovina/herzegovina	2
h EH r t s AH g OW v IY n AH z	hercegovina's/herzegovina's	2
h EH s	hess/hesse	2
h EH s l ER	hesler(2)/hessler	2
h EH s t AH n	hesston/heston	2
h EH t r IH k	hetrick/hettrick	2
h EH v AH n z	heaven's/heavens	2
h EH z b AA l AH z	hezbollah's/hezbullah's	2
h ER AH k EY n z	hurricane's/hurricanes	2
h ER AY z AH n z	horizon's/horizons	2
h ER IH NG	hering/heuring	2
h ER IY	hurri/hurry	2
h ER SH AH l	herschel/herschell	2
h ER SH IY	hershey/hirschy	2
h ER SH b ER g	hirschberg/hirshberg	2
h ER b AH l	herbal(2)/herbel	2
h ER d m AH n	herdman/hurdman	2
h ER f ER d	herford/hurford	2
h ER l IH NG	herling/hurling	2
h ER l IY	hurley/hurly	2
h ER l b AH t	hurlbut/hurlbutt	2
h ER l b ER t	hurlbert/hurlburt	2
h ER m	herm/hurm	2
h ER m AH n s AH n	hermansen/hermanson	2
h ER m AH n z	herman's/hermans	2
h ER n AE n d EH z	hernandes(2)/hernandez	2
h ER n AH n	hernan/hernon	2
h ER s IY	hersey/hursey	2
h ER s t s	hearst's/hirst's	2
h ER t AH	herta/hurta	2
h ER t ER	herter/huerter	2
h ER t IH NG	herting/hurting	2
h ER t IH g	hertig/hurtig	2
h ER v EY	herve(2)/hervey	2
h ER w IH t s	herwitz/hurwitz	2
h EY ER	hayer/heyer	2
h EY IH NG	haying/heying	2
h EY JH m AH n	hageman/hagemann	2
h EY SH AH n	haitian/haitien	2
h EY SH AH n z	haitians/haitiens	2
h EY b ER m AH n	haberman/habermann	2
h EY d ER	hader/haider	2
h EY g	hague/haig	2
h EY g AH n	hagan/hagen	2
h EY g AH n z	hagans/hagens	2
h EY g ER	hagar(2)/hager	2
h EY k	haik/hake	2
h EY m AH n z	heyman's/heymann's	2
h EY n AH n	hainan/hanan	2
h EY n z w ER TH	haynesworth/haynsworth	2
h EY t ER	hater/hayter	2
h EY t IY z	haiti's/haitis	2
h EY w ER d	hayward/heyward	2
h EY w UH d	haywood/heywood	2
h EY z AH l	hazel/hazle	2
h EY z AH l t AH n	hazelton/hazleton	2
h EY z AH l w UH d	hazelwood/hazlewood	2
h IH NG k	hinck/hink	2
h IH NG k AH l	hinkel/hinkle	2
h IH NG k l IY	hinckley/hinkley	2
h IH b ER d	hibbard/hibberd	2
h IH b l ER	hibbler/hibler	2
h IH g IH n b AH TH AH m	higgenbotham/higinbotham	2
h IH g n AY t	hignight/hignite	2
h IH k AA k s	hickcox/hickox	2
h IH k AH l	hickel/hickle	2
h IH k AH p	hiccough/hiccup	2
h IH k AH p s	hiccoughs/hiccups	2
h IH k m AH n	hickman/hickmon	2
h IH k s	hicks/hix	2
h IH l	hill/hille	2
h IH l IH n s k IY	helinski/hilinski	2
h IH l b ER n	hilborn/hilburn	2
h IH l d	hild/hilde	2
h IH l d IH b r AH n t	hildebrandt/hildebrant	2
h IH l j AA r d	hilliard/hillyard	2
h IH l m ER	hillmer/hilmer	2
h IH l s AH n	hillson/hilson	2
h IH l t AH n	hilton/hylton	2
h IH l t AH n z	hilton's/hiltons	2
h IH l t s	hilts/hiltz	2
h IH l z b ER OW	hillsboro/hillsborough	2
h IH m	him/hymn	2
h IH m AH l	himel/himmel	2
h IH m EH n EH z	jimenez/jiminez	2
h IH n CH k l IH f	hinchcliff/hinchcliffe	2
h IH n IY	hiney/hinny	2
h IH n d	hinde/hynd	2
h IH n d z	hindes/hynds	2
h IH n s AH n	hinson/hynson	2
h IH n t s	hints/hintz	2
h IH n z	hinz/hinze	2
h IH p s	hipps/hips	2
h IH r AH n	hearon/heeren	2
h IH r IH n	hearin/herein	2
h IH r OW	hero/hiro	2
h IH s IH z	hiss's/hisses	2
h IH s t ER EH k t AH m IY	hysterectomies/hysterectomy	2
h IH s t ER IY z	histories/history's	2
h IH s t r IY z	histories(2)/history's(2)	2
h IH t	hit/hitt	2
h IH t ER z	hitter's/hitters	2
h IH t s	hits/hitz	2
h IH t s m AH n	hitsman/hitzeman	2
h IH z	his/his(2)	2
h IY	he/hee	2
h IY b ER	heber/hieber	2
h IY d	he'd/heed	2
h IY g AH l	heagle/hiegel	2
h IY l IY	healey/healy	2
h IY l z	heals/heels	2
h IY m s t r AH	heemstra/hiemstra	2
h IY n IY	heaney/heeney	2
h IY p	heap/heape	2
h IY r	hear/here	2
h IY r IH NG z	hearing's/hearings	2
h IY r OW z	hero's(2)/heroes(2)	2
h IY r z	hears/hiers	2
h IY t ER	heater/heeter	2
h IY t s	heat's/heats	2
h OW f ER	hoefer/hofer	2
h OW g AA n z	hogan's/hogans	2
h OW g ER	hoeger/hoger	2
h OW g IY	hoagie/hoagy	2
h OW l AH n	holan/holen	2
h OW l IY	holy/wholly	2
h OW l IY AH n	holian/holien	2
h OW l IY OW k	holyoak/holyoke	2
h OW l SH ER	hoelscher/holscher	2
h OW l b r UH k	holbrook/holbrooke	2
h OW l b r UH k s	holbrooke's/holbrooks	2
h OW l d m AH n	holdeman/holdman	2
h OW l k AH m	holcomb/holcombe	2
h OW l m AH n	holeman/holleman	2
h OW l s AH p AH l	holsapple/holsopple	2
h OW l s t	holst/holste	2
h OW l t ER	hoelter/holter	2
h OW l t m AH n	holtman/holtmann	2
h OW l t s k l AO	holtsclaw/holtzclaw	2
h OW l v AH s	holvis/holvis'	2
h OW l z ER	hoelzer/holzer	2
h OW l z m AH n	holzman/holzmann	2
h OW l z w ER TH	holzwarth/holzworth	2
h OW m	holm/home	2
h OW m ER z	homer's/homers	2
h OW m b IH l d ER z	homebuilder's/homebuilders	2
h OW m g r OW n	home-grown/homegrown	2
h OW m l AE n d z	homeland's/homelands	2
h OW m m EY d	home-made/homemade	2
h OW m s t EH d z	homestead's/homesteads	2
h OW p s	hope's/hopes	2
h OW s AH k AA w AH	hosakawa/hosokawa	2
h OW s t s	host's/hosts	2
h OW t	haute/hote	2
h OW v AH n	hovan/hoven	2
h OW v IY	hovey/hovy	2
h OW z IY	hosey/hosie	2
h OY ER m AH n	heuerman/heuermann	2
h OY t	hoit/hoyt	2
h UH k	hook/hooke	2
h UH k ER z	hooker's/hookers	2
h UH k s	hook's/hooks	2
h UH l s m AH n	huelsman/huelsmann	2
h UW d IH k	hudec/hudek	2
h UW l	hoole/who'll	2
h UW l IH h AE n	hoolihan/houlihan	2
h UW l IH h AE n z	hoolihan's/houlihan's	2
h UW l IH t	hulet/hullett	2
h UW p	hoop/houp	2
h UW p s	hoopes/hoops	2
h UW s AH n	husen/huson	2
h UW s EY n	hussain/hussein	2
h UW s m AH n	huishman/huseman	2
h UW t AH	huhta/huta	2
h UW t AH n	hooten/hooton	2
h UW t OW	huto/hutto	2
h UW t UW z	hutu's/hutus	2
h j AH n d EY	hyundae/hyundai	2
h j UW ER	heuer/hewer	2
h j UW b ER	huber/hubor	2
h j UW m AE n IH t IY z	humanities/humanity's	2
h j UW m AH n z	human's/humans	2
h j UW m ER	humor/humour	2
h j UW n	heun/hewn	2
h j UW s t AH n	houston/hughston(2)	2
h w AA	hua(2)/hwa	2
h w AA NG	huang(2)/hwang(2)	2
h w AH t s	what's(2)/whats(2)	2
h w AO r f s	wharf's(2)/wharfs(2)	2
h w AY t	white(2)/whyte(2)	2
h w AY t IY	whitey(2)/whitey(3)	2
h w AY t l IY	whiteley(2)/whitely(2)	2
h w AY t s	white's(2)/whites(2)	2
h w AY t s EH l	whitesel(2)/whitesell(2)	2
h w AY z	why's(2)/whys(2)	2
h w EH t s AH l	whetsel(2)/whetsell(2)	2
h w ER l IY	wherley(2)/whirley(2)	2
h w ER l p UW l z	whirlpool's(2)/whirlpools(2)	2
h w EY	hwe/whey(2)	2
h w EY l z	whale's(2)/whales(2)	2
h w IH CH ER	which're(2)/whitcher(2)	2
h w IH d AH n	whidden(2)/whiddon(2)	2
h w IH p	whip(2)/whipp(2)	2
h w IH p s	whipps(2)/whips(2)	2
h w IH s k IY	whiskey(2)/whisky(2)	2
h w IH s l ER	whisler(2)/whistler(2)	2
h w IH t	whit(2)/whitt(2)	2
h w IH t AH n b ER g	whittenberg(2)/whittenburg(2)	2
h w IH t l IH NG	whitling(2)/whittling(2)	2
h w IH t l IY	whitley(2)/whitly(2)	2
h w IH t m AO r	whitmore(2)/whittemore(2)	2
h w IH t s AH l	whitsel(2)/whitsell(2)	2
h w IH t s IH t	whitsett(2)/whitsitt(2)	2
h w IH z	whiz(2)/wiz(2)	2
h w IY l AH s	wheeless(2)/wheelus(2)	2
h w IY l ER z	wheeler's(2)/wheelers(2)	2
h w IY l IH s	wheelis(2)/wheless(2)	2
h w IY t AH n	wheaten(2)/wheaton(2)	2
h w IY t l IY	wheatley(2)/wheatly(2)	2
h w OW	whoa(2)/wo(2)	2
j AA CH AH m	yocham/yochum	2
j AA g OW	jago/jagow	2
j AA k w EH z	jacquez/jaquez	2
j AA n IY	jani/yani	2
j AA n t s	yonts/yontz	2
j AA r d	yard/yarde	2
j AA r d z	yard's/yards	2
j AA r n AH l	yarnall/yarnell	2
j AA s ER	yasir/yasser(2)	2
j AA s IH r	yasir(2)/yassir(2)	2
j AA s OW	jaso/yasso	2
j AA t	yacht/yott	2
j AE NG k IY	yankee/yankey	2
j AE k	yack/yak	2
j AE k AH l	yackel/yakel	2
j AE n	yahn/yan	2
j AE n IH CH EH k	janecek/janicek	2
j AE n IH SH	janish/yanish	2
j AE n d AH l	yandell/yandle	2
j AE n s IY	yancey/yancy	2
j AE p	yap/yapp	2
j AE s IH n	yasin/yassin	2
j AE v l IH n s k IY	yavlinski/yavlinsky	2
j AE v l IH n s k IY z	yavlinski's/yavlinsky's	2
j AE z m IH n	yasmin/yasmine	2
j AH NG	young/yung	2
j AH NG k AO f s k IY	jankowski/yankowski	2
j AH NG k ER	younker/yunker	2
j AH NG k ER z	younkers/younkers'	2
j AH h AH SH	juhasz/yuhasz	2
j AH k	yuck/yuk	2
j AH n	youn/yun	2
j AH n AA f s k IY	ianovski(2)/yanofsky	2
j AO n	yaun/yawn	2
j AO r	yore/your	2
j AO r k	york/yorke	2
j AO r k ER z	yorker's/yorkers	2
j AO r k s	york's/yorks	2
j AW	yao/yow	2
j EH	ye(2)/yeh	2
j EH k AH l	jaeckel/jaekel	2
j EH l	yell/yelle	2
j EH l IH n	yellin/yellin'	2
j EH n	yen/yene(2)	2
j EH s t	yest/yoest	2
j EH s t ER d EY z	yesterday's/yesterdays	2
j EH s t ER d IY z	yesterday's(2)/yesterdays(2)	2
j EH t	yet/yett	2
j ER IH k	uric/urich	2
j ER b IY	yearby/yerby	2
j ER m AH n	yerman/yurman	2
j ER z	years(2)/yours(3)	2
j EY	yay/yea	2
j EY g ER	yeager/yegor	2
j EY t s	yates/yeats	2
j IH p IY	yipee/yippee	2
j IY k AH l	yeakel/yeakle	2
j OW AA k IH m z	joachim's/joachims	2
j OW h AA n	johan/johann	2
j OW h EY	yohe/yohei	2
j OW k EH l s AH n	yochelson/yokelson	2
j OW k s	yokes/yolks	2
j OW m AH n z	yeoman's/yeomans	2
j OW s t	yoast/yost	2
j UH r	you're/your(2)	2
j UH r AH p IY AH n z	europeans/europeans'	2
j UH r EH k	jurek(2)/yurek	2
j UW AA r t	hughart(3)/uart	2
j UW EH f OW z	ufo's/ufos	2
j UW EH s	u.s./us(2)	2
j UW EH s EY	u.s.a./usa	2
j UW ER t	ewart/ewert	2
j UW IH NG z	ewing's/ewings	2
j UW JH IY n	eugene/eugene(2)	2
j UW TH s	youth's/youths(2)	2
j UW d IY	eudy/udy	2
j UW g OW	hugo(2)/yugo	2
j UW g OW z	hugo's(2)/yugo's	2
j UW k EY	u.k./uk	2
j UW k r EY n IY AH n z	ukrainian's/ukrainians	2
j UW l AH	eula/ula	2
j UW l AH JH IY z	eulogies/eulogy's	2
j UW l IH k	eulich/hulick(2)	2
j UW l IH n	hulin(2)/ulin	2
j UW l IH s IY z	ullyses/ulysses	2
j UW l IH t	hughlett(2)/hulett(2)	2
j UW m AE n IH t IY z	humanities(2)/humanity's(2)	2
j UW m AH	uma/yuma	2
j UW m AH n	human(2)/youman	2
j UW m AH n z	humans(2)/youmans	2
j UW n AH b AO m	unabom/unabomb	2
j UW n AH b AO m ER z	unabomber's/unabombers	2
j UW n AH v ER s AH t IY z	universities/university's	2
j UW n IH k AO m	unicom/unikom	2
j UW n IH s	eunice(2)/yunis	2
j UW n IH s IH s	unisys/unisys'	2
j UW r IY	eury/ury	2
j UW r OW z	euros/euros(2)	2
j UW s	use/yous	2
j UW s EH f s	yousef's/yusef's	2
j UW s t AH s	eustace/eustis	2
j UW s t IH s	eustice/justis	2
j UW z ER IY	usery/usury(2)	2
j UW z IH z	hughes's(2)/uses(4)	2
k AA CH	kotch/tkacz	2
k AA NG	kahng/kang(2)	2
k AA NG g r AH g EY SH AH n z	congregation's/congregations	2
k AA NG g r AH s	congress/congress'(2)	2
k AA NG g r AH s IH z	congress's/congresses	2
k AA NG k ER ER z	conqueror's/conquerors	2
k AA SH AH	kasha/kasza	2
k AA TH r AH n	cothran/cothron	2
k AA b	cob/cobb	2
k AA b EH l AH	cabela/cabela's	2
k AA b l ER z	cobbler's/cobblers	2
k AA b r IH n	cobrin/kobrin	2
k AA d	cod/codd	2
k AA d AH l	caudal/coddle	2
k AA f IY	coffee/coffey	2
k AA g d AH l	cogdell/cogdill	2
k AA k AH l	cockle/kochel	2
k AA k AH l z	cochles/cockles	2
k AA k AH s	caucus(2)/coccus	2
k AA k m AH n	cockman/kochman	2
k AA k r AH l	cockrell/cockrill	2
k AA k s AH n	coxen/coxon	2
k AA l AH m z	collums/columns	2
k AA l AH n IY z	colonies/colony's	2
k AA l AH s IY AH m	coliseum/colosseum	2
k AA l ER d	collard/collared	2
k AA l ER z	collars/collor's	2
k AA l IH JH	colledge/college	2
k AA l IH NG	colling/kolling	2
k AA l IH s AH n	coleson/collison	2
k AA l IH t	collet/collett	2
k AA l b EH k	colbeck/kolbeck	2
k AA l j ER z	collier's/colliers	2
k AA m AA r AA t AH	camarata/cammarata	2
k AA m AH d IY z	comedies/comedy's	2
k AA m AH n t EY t ER z	commentator's/commentators	2
k AA m AH t s	comet's/comets	2
k AA m ER	calmer/kommer	2
k AA m b AE t	combat/kombat	2
k AA m b IY	combee/comby	2
k AA m j AH n AH s t s	communist's/communists	2
k AA m p	comp/komp	2
k AA m p AA z AH t s	composite's(2)/composites(2)	2
k AA m p AH t IH SH AH n z	competition's/competitions	2
k AA m p l AH m EH n t IH NG	complementing/complimenting	2
k AA m p l AH m EH n t IH d	complemented/complimented	2
k AA n AH f ER z	conifer's/conifers	2
k AA n AH l	connell/connole	2
k AA n AH l IY	connally/connelly	2
k AA n AH l IY z	connally's/connelly's	2
k AA n AH w EY	conaway/connaway	2
k AA n IH k	conic/connick	2
k AA n JH AH g EY t	conjugate/conjugate(2)	2
k AA n JH AH g EY t IH d	conjugated/conjugated(2)	2
k AA n JH AH g EY t s	conjugates/conjugates(2)	2
k AA n OW	cano/kano	2
k AA n OW l IY	conolly/conoly	2
k AA n d	conde/conned	2
k AA n d AH k t	conduct/conduct(2)	2
k AA n d ER	conder/condor	2
k AA n d IH t	condit/conditt	2
k AA n d OW	condo/kondo	2
k AA n f AW n d	confound/confound(2)	2
k AA n k AO r d	concord/concorde	2
k AA n k EY v	concave/concave(2)	2
k AA n l AH n	conlan/conlon	2
k AA n r AE d z	conrad's/conrads	2
k AA n r AH TH	conrath/konrath	2
k AA n r IY	conrey/conry	2
k AA n r OW	conroe/conrow	2
k AA n s t AH l EY SH AH n z	constellation's/constellations	2
k AA n s t AH n t s	constant's/constants	2
k AA n s t IH t UW SH AH n z	constitution's/constitutions	2
k AA n t AH n AH n t s	continent's/continents	2
k AA n t AH n EH n t AH l z	continental's/continentals	2
k AA n t EH s t s	contest's/contests	2
k AA n t OW z	contos/kontos	2
k AA n t r AE k t ER z	contractor's/contractors	2
k AA n t r AE k t s	contract's/contracts	2
k AA n t r AH	contra/kontra	2
k AA n t r AH z	contras/contras'	2
k AA n v IH k t s	convict's/convicts	2
k AA n z IY	kanzi/konzi	2
k AA p ER	copper/kopper	2
k AA p IH JH	coppage/coppedge	2
k AA p IY r AY t	copyright/copywrite	2
k AA p IY r AY t IH d	copyrighted/copywrited	2
k AA p l AH n	coplan/koplan	2
k AA p l IY z	copley's/copleys	2
k AA r AA CH IY	caracci/karachi	2
k AA r AA n OW	carano/carrano	2
k AA r AH l	carle/karle	2
k AA r AH z	caras/karas	2
k AA r EH r AA	carreira/carrera	2
k AA r EH r OW	carreiro/carrero	2
k AA r IY k OW	carico/carrico	2
k AA r IY n IY	carine/carini	2
k AA r IY n OW	carino/carrino	2
k AA r IY s AH	carissa/charissa	2
k AA r IY t AH	carita/charita	2
k AA r JH AE k ER z	carjacker's/carjackers	2
k AA r b AH n	carbon/karban	2
k AA r b EH r IY	carbary/carberry	2
k AA r d AH n AH l z	cardinal's/cardinals	2
k AA r d IH s	cardis/cardiss	2
k AA r d IY n AA l IY	cardinale/cardinali	2
k AA r d OW n IY	cardone/cardoni	2
k AA r g	karg/kharg	2
k AA r l IH n	carlin/karlin	2
k AA r l IY n	carleen/carlene	2
k AA r l OW n IY	carlone/carloni	2
k AA r l t AH n	carleton/carlton	2
k AA r m IH k AH l	carmical/carmickle	2
k AA r m IY	carmie/carmy	2
k AA r n AH g IY z	carnegie's/carnegies	2
k AA r n AH v AH l z	carnival's/carnivals	2
k AA r n ER	carner/karner	2
k AA r n EY g IY z	carnegie's(2)/carnegies(2)	2
k AA r n IY	carney/karney	2
k AA r p	carp/karp	2
k AA r p AH l	carpal/karpel	2
k AA r p AH n t ER z	carpenter's/carpenters	2
k AA r s AH n	carson/karson	2
k AA r s t AH n	carsten/karsten	2
k AA r s t AH n z	carstens/karstens	2
k AA r t	cart/carte	2
k AA r t EH l z	cartel's/cartels	2
k AA r t ER	carter/karter	2
k AA r t ER z	carter's/carters	2
k AA r t IY	cartee/carty	2
k AA r t s	carts/kartes	2
k AA r v EH l	carvel/carvell(2)	2
k AA r v ER z	carver's/carvers	2
k AA s	kaas/kos	2
k AA s AA l IY	casale/casali	2
k AA s OW	caso/kossow	2
k AA s k IY	koskey/kosky	2
k AA s m AH n	cosman/kosman	2
k AA s t	cost/kost	2
k AA s t IH k	caustic/kostic	2
k AA s t UW m	costume/costume(2)	2
k AA s t UW m z	costumes/costumes(2)	2
k AA s t l IY	costley/costly	2
k AA t AH m	cottam/cottom	2
k AA t AH n	cotten/cotton	2
k AA t AH n z	cotton's/cottons	2
k AA t ER	cotter/kotter	2
k AA t j AH	katja/katya	2
k AA t m AH n	cotman/cottman	2
k AA v AA l IH r IY	cavaliere/cavalieri	2
k AA v AH l	covell/covill	2
k AA z IY	kasi/kazee	2
k AA z b IY	cozby/kosbie	2
k AA z n AA f s k IY	kosnovsky/koznovsky	2
k AA z n AA f s k IY z	kosnovsky's/koznovsky's	2
k AE CH ER z	catcher's/catchers	2
k AE DH ER z	cather's/cathers	2
k AE SH AH n	cashen/cashon	2
k AE SH EY	cache(2)/cachet	2
k AE SH IH NG	caching/cashing	2
k AE SH IH r z	cashier's/cashiers	2
k AE SH IH z	caches/cashes	2
k AE SH t	cached/cashed	2
k AE TH ER IH n	catherine(2)/katherine	2
k AE TH IY z	cathy's/kathy's	2
k AE b AH t	cabot/kabat	2
k AE b n AH t s	cabinet's/cabinets(2)	2
k AE b z	cab's/cabs	2
k AE d	cad/khad	2
k AE d AH l	caddell/kadel	2
k AE d AH l AE k s	cadillac's/cadillacs	2
k AE d IY	caddie/caddy	2
k AE d IY z	caddie's/caddies	2
k AE d w AO l AH d ER	cadwalader/cadwallader	2
k AE f IY	caffee/caffey	2
k AE k	cac/caq	2
k AE k AH l	cackle/kachel	2
k AE k s	cac's/caq's	2
k AE l	cal/kal	2
k AE l AH	calla/kalla	2
k AE l AH m	callum/kallam	2
k AE l AH n	callan/callen	2
k AE l AH z	callas/kallas	2
k AE l ER IY	callery/calorie	2
k AE l IH f AO r n j AH n z	californian's/californians	2
k AE l IH k s	calix/calyx	2
k AE l OW w EY	calloway/caloway	2
k AE l h UW n	calhoon/calhoun	2
k AE l v ER IY	calvary/calvery	2
k AE m AH l z	camel's/camels	2
k AE m AH m AY l	camomile/chamomile	2
k AE m AH m IY l	camomile(2)/chamomile(2)	2
k AE m AH n	cammon/kamman	2
k AE m ER	cammer/kammer	2
k AE m ER AH n z	cameron's/camerons	2
k AE m b AH l	cambell/campbell	2
k AE m b AH l z	campbell's/campbells	2
k AE m p AH	campa/kampa	2
k AE m p AH n	campen/kampen	2
k AE m p ER	camper/kamper	2
k AE m p EY n z	campaign's/campaigns	2
k AE m p IY	campi/campy	2
k AE m p OW	campeau/campo	2
k AE m p OW z	campeau's/campos	2
k AE m p m AH n	kampman/kampmann	2
k AE m r AH	camera(2)/kamra	2
k AE m r AH z	camera's/cameras(2)	2
k AE m z	cam's/cams	2
k AE n AH d EY	canaday/cannaday	2
k AE n AH d IY	cannady/kanady	2
k AE n AH k	cannock/kanak	2
k AE n AH l	cannell/kanell(2)	2
k AE n AH p	canup/canupp	2
k AE n ER	canner/kanner	2
k AE n IH s t ER	canister(2)/cannister	2
k AE n IH s t ER z	canisters(2)/cannisters	2
k AE n IY	canney/canny	2
k AE n d AH l	candle/kandel	2
k AE n d IY z	candies/candy's	2
k AE n d l ER	candler(2)/kandler	2
k AE n j AH n	canion/canyon	2
k AE n j AH n z	canyon's/canyons	2
k AE n s AH l IH NG	canceling/cancelling	2
k AE n s AH l d	canceled/cancelled	2
k AE n s ER z	cancer's/cancers	2
k AE n s l IH NG	canceling(2)/cancelling(2)	2
k AE n t AH l	cantle/kantle	2
k AE n t IY	cantey/canty	2
k AE n v AH s	canvas/canvass	2
k AE n v AH s IH z	canvases/canvasses	2
k AE n z AH s	kansas/kansas'	2
k AE p AH	cappa/kappa	2
k AE p AH l	cappel/kappel	2
k AE p IH t AH l	capital(2)/capitol	2
k AE p IH t AH n	capitan/kapitan	2
k AE p l AH n z	kaplain's/kaplan's	2
k AE p l IH n	caplin/kaplin	2
k AE p t	capped/kept(2)	2
k AE p t AH n	captain/kapton	2
k AE p t AH n z	captain's/captains	2
k AE p t ER	captor/kaptur	2
k AE r AH DH ER z	carothers/carrothers	2
k AE r AH h ER	caraher/carraher	2
k AE r AH l z	carol's(2)/carroll's	2
k AE r AH n	carron/karren	2
k AE r AH w EY	caraway/carraway	2
k AE r AH z	carras/karras	2
k AE r IH DH ER z	carithers/carrithers	2
k AE r IH g	carrig/carrigg	2
k AE r IH n	carin/karyn	2
k AE r IH s	caris/carris	2
k AE r IY ER z	carrier's/carriers	2
k AE r IY z	carrey's/carries	2
k AE r OW	carow/carrow	2
k AE r UW TH	carruth/caruth	2
k AE s AH b	casseb/kassab	2
k AE s AH l ER	casler/kasler	2
k AE s AH l b EH r IY	casselberry/castleberry	2
k AE s AH l m AH n	casselman/castleman	2
k AE s ER	cassar/kassar	2
k AE s IH d IY	cassedy/cassidy	2
k AE s IH n	cassin/kassin	2
k AE s IH s	cassis/kassis	2
k AE s IH t IY	cassetty/cassity	2
k AE s IY	cassie/kasey	2
k AE s IY OW	cascio/casio	2
k AE s k IY	caskey/kaske	2
k AE s p ER IH k	kasparek/kasperek	2
k AE s p ER s AH n	caspersen/casperson	2
k AE s p ER z	casper's/caspers	2
k AE s t IY OW	castillo/castio	2
k AE s t n ER	castner/kastner	2
k AE s t s	castes/casts	2
k AE t AH l AO g	catalog/catalogue	2
k AE t AH l AO g d	cataloged/catalogued	2
k AE t AH l AO g z	catalogs(2)/catalogues	2
k AE t AH l IH s t s	catalyst's/catalysts(2)	2
k AE t AH n	caton/catton	2
k AE t AH p IH l ER	caterpillar/caterpiller	2
k AE t AH p IH l ER z	caterpillars/caterpiller's	2
k AE t ER p IH l ER	caterpillar(2)/caterpiller(2)	2
k AE t ER p IH l ER z	caterpillar's/caterpiller's(2)	2
k AE t OW	catoe/catto	2
k AE t s OW n AH s	kotsonis/kotsonis'	2
k AE v IH t	cavett/cavitt	2
k AH CH AH l	cutchall/cutshall	2
k AH NG k AH l	kunkel/kunkle	2
k AH SH	cush/kusch	2
k AH SH AA JH IY	kashoggi/khashoggi	2
k AH SH IY g IY AH n	kachigian/khachigian	2
k AH SH UW b AH	kashuba/kaszuba	2
k AH SH n ER	kushner/kushnir	2
k AH b AA l AH	kabbalah/kubala	2
k AH b r AA l	cabrall/kabral	2
k AH b z	cubs/cubs'	2
k AH d AA f IY	ghadafi(2)/khadafi	2
k AH d r EH s k j UW	codrescu/kadrescu	2
k AH f	cuff/cuffe	2
k AH h UW n	cahoon/cohoon	2
k AH h UW t	cahoot/cahouet	2
k AH k ER	kuchar/kucher	2
k AH l AA d n IY	colodny/kolodny	2
k AH l AH d	cullud/khaled(2)	2
k AH l AH m	cullom/cullum	2
k AH l AH m b AH s	columbus/columbus'	2
k AH l AH m b IY AH	colombia/columbia	2
k AH l AH m b IY AH z	colombia's/columbia's	2
k AH l AH n	cullan/cullen	2
k AH l CH ER z	culture's/cultures	2
k AH l ER d	colored/coloured	2
k AH l EY	calais/callais	2
k AH l IH f ER	cullifer/cullipher	2
k AH l OW n IY AH l z	colonial's/colonials	2
k AH l OW p IY	collopy/colopy	2
k AH l OW s IY OW	collosio/colosio	2
k AH l OW s IY OW z	collosio's/colosio's	2
k AH l m AH n	cullman/kullman	2
k AH l p	culp/kulp	2
k AH l p AH	culpa/kulpa	2
k AH l t s	cult's/cults	2
k AH m AA d AH t IY z	commodities/commodity's	2
k AH m AA n	c'mon/come-on	2
k AH m AE n d ER z	commander's/commanders	2
k AH m AE n d z	command's/commands	2
k AH m EH r OW	camaro/camero	2
k AH m ER	comer/kummer	2
k AH m ER SH AH l	commercial/commerical	2
k AH m ER SH AH l z	commercial's/commercials	2
k AH m IH NG	coming/cumming	2
k AH m IH NG z	comings/cummings	2
k AH m IH SH AH n	commision(2)/commission	2
k AH m IH SH AH n ER z	commissioner's/commissioners	2
k AH m IH SH AH n z	commission's/commissions	2
k AH m IH t IY	commitee(2)/committee	2
k AH m IY d IY AH n z	comedian's/comedians	2
k AH m IY n OW	camino/comino	2
k AH m OW	comeau/comeaux	2
k AH m b AE t IH NG	combating/combatting	2
k AH m j UW n AH k EY	communique/communique(2)	2
k AH m j UW n AH k EY SH AH n z	communications/communications'	2
k AH m j UW n IH t IY z	communities(2)/community's	2
k AH m p AA z AH t s	composite's/composites	2
k AH m p AH n IY	compagnie/company	2
k AH m p EH t AH t ER z	competitor's/competitors	2
k AH m p EH t IH t ER z	competitors'/competitors(2)	2
k AH m p OW z ER z	composer's/composers	2
k AH m p l EH k SH AH n	complection/complexion	2
k AH m p l EH k SH AH n z	complections/complexions	2
k AH m p l EY n AH n t s	complainant's/complainants	2
k AH m p l EY s AH n t	complacent/complaisant	2
k AH n AE l z	canal's/canals	2
k AH n EH k SH AH n	connection/connexion	2
k AH n EH k SH AH n z	connections/connexions	2
k AH n EH k t ER	connecter/connector	2
k AH n EH t AH k AH t	conn.(2)/connecticut	2
k AH n f EH k SH AH n EH r IY	confectionary/confectionery	2
k AH n g l AA m ER AH t s	conglomerate's/conglomerates	2
k AH n s AO r SH j AH m z	consortium's(2)/consortiums(2)	2
k AH n s ER v AH t IH v z	conservatives/conservatives'	2
k AH n s t IH CH UW AH n t s	constituents/constituents'	2
k AH n t r OW l ER z	controller's/controllers	2
k AH n t r OW l z	control's/controls	2
k AH n v EH n SH AH n z	convention's/conventions	2
k AH n v ER ZH AH n z	conversion's/conversions	2
k AH n v EY ER	conveyer/conveyor	2
k AH p	cup/cupp	2
k AH p EH t s k IY	kopecky/kopetski	2
k AH r IY z	curry's/currys	2
k AH s IY n OW	casino/cassino	2
k AH s IY n OW z	casino's/casinos	2
k AH s IY z IY	caseze/kasese	2
k AH s k	cusk/kuske	2
k AH s t ER	custer/kuster	2
k AH t	cut/kut	2
k AH t ER	cutter/kutter	2
k AH t OW l IH k AH	catolica/cattolica	2
k AH t n ER	kutner/kuttner	2
k AH v ER AH p	cover-up/coverup	2
k AH v IY	covey/covy	2
k AH z AH n z	cousin's/cousins	2
k AH z IH n s k IY	kaczynski(2)/kozinski	2
k AH z m IH n s k IY	kozminski/kuzminski	2
k AO NG	cong/kong	2
k AO b AH l	cauble/kauble	2
k AO f	cough(2)/koff	2
k AO f ER	coffer/kaufer	2
k AO f IH NG	coffing/coughing(2)	2
k AO f IY z	coffee's(2)/coffees	2
k AO k AH s IH z	caucus's/caucuses	2
k AO l ER z	caller's/callers	2
k AO l d ER	calder/caulder	2
k AO l z	call's/calls	2
k AO p	kaup/kaupp	2
k AO r AH	cora/kora	2
k AO r AH l z	chorals/corals	2
k AO r AH n ER z	coroner's/coroners	2
k AO r AH s p AA n d AH n t	corespondent/correspondent	2
k AO r AH s p AA n d AH n t s	correspondents/correspondents'	2
k AO r IH NG t AH n	corrington/courington	2
k AO r IH n IH k	korenek/korinek	2
k AO r IY AA g r AH f ER z	choreographer's/choreographers	2
k AO r IY AH n z	koreans/koreans'	2
k AO r IY AH z	korea's/koreas	2
k AO r b AH	chorba/korba	2
k AO r b AH l	corbel/korbel	2
k AO r b ER	koerber/korber	2
k AO r b IY	corby/korby	2
k AO r d	chord/cord	2
k AO r d AH	corda/korda	2
k AO r d AH l	cordill/cordle	2
k AO r d AH n	cordon/cordone	2
k AO r d EH l	cordell/kordell	2
k AO r d IY	cordie/cordy	2
k AO r d OW b AH z	cordoba's/cordobas	2
k AO r f	korf/korff	2
k AO r l IH s	corless/corliss	2
k AO r m AH k	cormac/cormack	2
k AO r n AH l	cornall/cornel	2
k AO r n IH SH	corniche/cornish	2
k AO r n IY AH	cornea/cornia	2
k AO r n IY l	corneal/corniel	2
k AO r n f EH l d	cornfeld/kornfeld	2
k AO r p	corp/corp.	2
k AO r s IH z	course's/courses(2)	2
k AO r s IY	corsi/coursey	2
k AO r t EH n z	cortens/cortens'	2
k AO r t ER	corter/courter	2
k AO r t l AH n d	corteland/cortland	2
k AO s AH	corsa/cossa	2
k AO s m AH n	cossman/kossman	2
k AO s t ER	coster/koester	2
k AO z	cause(2)/kaus	2
k AO z b IY	causby/cosby	2
k AO z m AH n AO t s	cosmonauts/cosmonauts'	2
k AW AH l	kowal/kowall	2
k AW AH n	cowan/cowen	2
k AW AH n z	cowans/cowens	2
k AW ER	cower/kauer	2
k AW ER d z	coward's/cowards	2
k AW l	coull/cowl	2
k AW n IY z	counties(2)/county's(2)	2
k AW n s AH l m AH n	councilman/counselman	2
k AW n s l ER	councilor(2)/counsellor(2)	2
k AW n s l ER z	councilors(2)/counsellors(2)	2
k AW n t IY z	counties/county's	2
k AW n t s	counts/kountz	2
k AW t s	couts/coutts	2
k AW z	cow's/cows	2
k AY g ER	kiger/kyger	2
k AY l ER	cuyler/kyler	2
k AY l IY	kiley/kylie	2
k AY l z	kyle's/kyles	2
k AY n z	kinds(2)/kines	2
k AY p ER	kiper/kuyper	2
k EH CH AH m	ketcham/ketchum	2
k EH CH AH p	catsup/ketchup	2
k EH g	keg/kegg	2
k EH l	kehl/kell	2
k EH l AH m	kellam/kellum	2
k EH l AH n	kellan/kellen	2
k EH l AO g z	kellogg's/kelloggs	2
k EH l ER m AH n	kellerman/kellermann	2
k EH l m AH n	kellman/kelman	2
k EH l n ER	kellner/kelner	2
k EH l s AH n	keelson/kelson	2
k EH l s IY	kelcey/kelsey	2
k EH l s OW	kelso/kelsoe	2
k EH l t s	celts(2)/keltz	2
k EH m ER ER	kemerer/kemmerer	2
k EH m IH k AH l z	chemical's/chemicals	2
k EH m b AH l	kembel/kemble	2
k EH m p	kemp/kempe	2
k EH m p AH l	kempel/kemple	2
k EH n AH l	kennel/kennell	2
k EH n AH l IY	kenneally/kennelly	2
k EH n AH n	kennan/kennon	2
k EH n ER s AH n	kenerson/kennerson	2
k EH n IH s AH n	kenison/kennison	2
k EH n IY	kenney/kenny	2
k EH n m AO r	kenmore/kennemore	2
k EH p AH l	keppel/kepple	2
k EH p l ER	kepler/keppler	2
k EH r AH l AY n AH	carolina/karolina	2
k EH r AH l AY n AH z	carolina's/carolinas	2
k EH r AH l IH n	carolyn/carolyne	2
k EH r AH n z	karan's/karen's	2
k EH r AH s EH l	carousel/carrousel	2
k EH r AH v EH l	caravel/caravelle	2
k EH r ER	carer/kehrer	2
k EH r IH k	carrick/kerrick	2
k EH r IH n	karin/kerin	2
k EH r n z	cairnes/cairns	2
k EH s IH NG ER	kesinger/kessinger	2
k EH s n ER	kesner/kessner	2
k EH s t n ER	kaestner/kestner	2
k EH t AH l	kettell/kettle	2
k EH t l ER	ketler/kettler(2)	2
k EH t n ER	ketner/kettner	2
k EH v IH n z	kevin's/kevins	2
k ER AE l	chorale/corral	2
k ER AH DH ER z	carruthers/caruthers	2
k ER AH n	curran/curren	2
k ER AH n s IY z	currencies/currency's	2
k ER AH n t s	current's/currents	2
k ER EH n t IY	corrente/correnti	2
k ER IH b IY AH n	caribbean/carribean	2
k ER IH l OW	carrillo/kurylo	2
k ER IY ER	courier/currier	2
k ER IY ER z	courier's/couriers	2
k ER IY m	kareem/karim	2
k ER IY n	careen/corinne	2
k ER OW n AH	corona/korona	2
k ER SH AH n b AW m	kirschenbaum/kirshenbaum	2
k ER SH b AW m	kirschbaum/kirshbaum	2
k ER TH	kerth/kurth	2
k ER UW n	karoun/karun	2
k ER b	curb/kerb	2
k ER b OW	curbow/kerbow	2
k ER b z	curbs/kerbs	2
k ER d	curd/kurd	2
k ER d EH r OW	cordeiro/cordero	2
k ER d z	curds/kurds	2
k ER k s	kirk's/kirks	2
k ER l	curl/kerl	2
k ER m AH n	kerman/kurman	2
k ER n AH l	colonel/kernel	2
k ER n AH t	curnutt/curnutte	2
k ER n ER	kerner/kirner	2
k ER r IY AH n z	koreans'(3)/koreans(3)	2
k ER r IY AH z	korea's(3)/koreas(3)	2
k ER s IY	kersee/kersey	2
k ER s t AH n	kersten/kirsten	2
k ER s t AY n	kerstein/kirstein	2
k ER s t IY n	kerstein(2)/kirstein(2)	2
k ER t AH n	curtain/kirton	2
k ER t l IY	curtly/kirtley	2
k ER v IH n	curvin/kervin	2
k ER w IH n	kerwin/kirwin	2
k EY JH	cage/kage	2
k EY JH IH z	cage's/cages	2
k EY JH IY	cagey/kagey	2
k EY b AH l	cable/kable	2
k EY b AH l ER	cabler/kabler	2
k EY b AH l z	cable's/cables	2
k EY b l ER	cabler(2)/kabler(2)	2
k EY d	cade/kade	2
k EY d AH n	kaden/kaydon	2
k EY d IY	cady/kady	2
k EY g AH l	cagle/kagel	2
k EY g AH n	cagan/kagan	2
k EY k s	cake's/cakes	2
k EY l IH n	caylin/kaylynn	2
k EY l z	cales/calles	2
k EY m	came/kaim	2
k EY m AA r t	k-mart/kmart	2
k EY m AA r t s	k-mart's/kmart's	2
k EY n ER	kainer/kaner	2
k EY p AH l	capel/caple	2
k EY p ER	caper/kapor	2
k EY p t AW n	cape-town/capetown	2
k EY s AH n	caisson/cayson	2
k EY s AH n z	caissons/kastens	2
k EY s IH z	case's/cases(2)	2
k EY s IY	caissie/casey	2
k EY t	cate/kate	2
k EY t ER	cater/kater	2
k EY v z	cave's/caves	2
k EY z AH n	caison/kazan	2
k IH CH	kitch/kitsch	2
k IH CH AH l	kitchel/kitchell	2
k IH CH AH n z	kitchen's/kitchens	2
k IH NG	king/qing	2
k IH NG d AH m z	kingdom's/kingdoms	2
k IH NG g ER IY	kingery/kingry	2
k IH NG k AH l	kinkel/kinkle	2
k IH SH	kisch/kish	2
k IH b AA b AH n k ER IY	kebab-n-curry/kebab-n-kurry	2
k IH d IY	kiddie/kiddy	2
k IH d n AE p IH NG	kidnaping/kidnapping	2
k IH d n AE p t	kidnaped/kidnapped	2
k IH l	kill/kille	2
k IH l AH m IY t ER	kilometer(2)/kilometre(2)	2
k IH l AH m IY t ER z	kilometers(2)/kilometres(2)	2
k IH l AH n	kilen/killen	2
k IH l ER z	killer's/killers	2
k IH l OW	kilo/kyllo	2
k IH l g AO r	kilgore/killgore	2
k IH l j AH n	killian/killion	2
k IH l k OY n	kilcoin/kilcoyne	2
k IH l k r IY s	kilcrease/kilcrease(2)	2
k IH l m ER	killmer/kilmer	2
k IH m IH t	kimmet/kimmitt	2
k IH m b ER l IY	kimberley/kimberly	2
k IH m b r AH l	kimbrel/kimbrell	2
k IH m p AH l	kimpel/kimple	2
k IH m z	kim's/kims	2
k IH m z IY	kimsey/kimzey	2
k IH n AH m AH n	kinnaman/kinnamon	2
k IH n j AH n	kinion/kinyon	2
k IH n k EY d	kincade/kincaid	2
k IH n s AH l	kinsel/kinsell	2
k IH n s ER	kincer/kinser	2
k IH n t	kindt/kint	2
k IH p	kip/kipp	2
k IH p ER	kipper/kippur	2
k IH r AH n	cyran/keeran	2
k IH r IY	keary/kiri	2
k IH r j AA t	kiryat(2)/qiryat	2
k IH s	kis/kiss	2
k IH s AH l	kissel/kissell	2
k IH s ER	kisser/kysar	2
k IH s l ER	kisler(2)/kissler	2
k IH s l IH NG	kisling(2)/kissling	2
k IH s n ER	kisner/kissner	2
k IH s t	kissed/kist	2
k IH t	kit/kitt	2
k IH t m AH n	kitman/kittman	2
k IH t n ER	kitner/kittner	2
k IY AH n	keehan/kian	2
k IY AW g	keogh(2)/keough(2)	2
k IY JH IY	keagy/keiji	2
k IY OW SH IY	kiyoshi/kyoshi	2
k IY d IY	keady/keedy	2
k IY g AH n	keagan/keegan	2
k IY l m AH n	keleman/kielman	2
k IY n AH s t	keenest/kienast	2
k IY p AE d z	keypad's/keypads	2
k IY s ER	keysor/kieser	2
k IY s IY	keesee/keesey	2
k IY s t OW n z	keystone's/keystones	2
k IY t OW	quito(2)/quito(3)	2
k IY t OW z	quito's(2)/quito's(3)	2
k IY v AH n	keven/kievan	2
k IY v IH n IY	keaveney/keaveny	2
k IY w IY z	kiwi's/kiwis	2
k IY z ER	keezer/keizer(2)	2
k OW AH l IH SH AH n z	coalition's/coalitions	2
k OW AH n z	cohen's/cowens(2)	2
k OW CH IH z	coach's/coaches	2
k OW EH l OW	coelho/coello	2
k OW b AH l ER	cobler/kobler	2
k OW b ER n	coburn/coeburn	2
k OW b EY n	cobain/cobaine	2
k OW b l ER	cobler(2)/kobler(2)	2
k OW d IY	coady/cody	2
k OW d z	code's/codes	2
k OW f AW n d ER	co-founder/cofounder	2
k OW f IY l d	caufield/cofield	2
k OW g AH l	koegel/kogel	2
k OW g AH l ER	koegler/kogler	2
k OW g AH n	cogan/kogan	2
k OW g ER	cogar/koger	2
k OW g l ER	koegler(2)/kogler(2)	2
k OW k AA t EY	kokate/kokate(2)	2
k OW k AA t EY z	kokate's/kokate's(2)	2
k OW k AH	coca/cocca	2
k OW k AH n	kokan/koken	2
k OW k AH n IY n OW	cocanino/coconino	2
k OW k OW z	cocos/koko's	2
k OW l AH	cola/colla	2
k OW l EH k	kolek/kollek(2)	2
k OW l EH t AH	coletta/colletta	2
k OW l EH t IY	coletti/colletti	2
k OW l IH n	colin/kolin	2
k OW l IY ER	colier/colyer	2
k OW l OW	coehlo/colo	2
k OW l b	kolb/kolbe	2
k OW l b AO r n	colborn/colborne	2
k OW l b ER g	kohlberg/kolberg	2
k OW l b ER n	colbern/colburn	2
k OW l b ER t	colbert/kolbert	2
k OW l b IY z	colby's/colbys	2
k OW l d AH n	colden/kolden	2
k OW l m AY ER	kohlmeier/kohlmeyer	2
k OW l s k IY	kolski/kolsky	2
k OW l t AH n	colton/kolton	2
k OW l t r EY n	coltrain/coltrane(2)	2
k OW l v IH l	coleville/colleville	2
k OW m AH n	coman/koman	2
k OW m z	combes/combs	2
k OW n AH	cona/kona	2
k OW n z	cone's/cones	2
k OW p AH	copa/coppa	2
k OW p AH l	koeppel/kopel	2
k OW p AH n	copen/koeppen	2
k OW p AH z	copas/kopas	2
k OW p OW l AH	copolla/coppola	2
k OW p OW l AH z	copolla's/coppola's	2
k OW p k	koepke/kopke	2
k OW p s EH l	koepsel/koepsell	2
k OW s AA	cosa/kosa	2
k OW s IH k	cosic/kosik	2
k OW s k OW	kosco/kosko	2
k OW s t s	coast's/coasts	2
k OW t AH l ER	cotler/kotler	2
k OW t IH NG	coating/koetting	2
k OW t IY	cottee/coty	2
k OW t s OW n AH s	kotsonis'(2)/kotsonis(2)	2
k OW v AE k s	kovacs/kovaks	2
k OW v AH l	covel/koval	2
k OW v AH n	coven(2)/koven	2
k OW v ER	kovar/kover	2
k OW w ER k ER	co-worker/coworker	2
k OW w ER k ER z	co-workers/coworkers	2
k OW z AH l	kozel/kozol	2
k OW z ER	koser/kozar	2
k OW z IH k	cosic(2)/kozik	2
k OW z m AH	cosma/kozma	2
k OY	coy/coye	2
k OY n	coin/coyne	2
k OY n ER	coiner/coyner	2
k OY n z	coin's/coins	2
k OY t OW	koito/koito(2)	2
k UH SH	cush(2)/kush	2
k UH SH IY	cushey/cushy	2
k UH k	cook/cooke	2
k UH k b UH k s	cookbook's/cookbooks	2
k UH k s	cook's/cooks	2
k UH n AH l	kuehnel/kuehnle	2
k UW CH IY	coochie/cucci	2
k UW ER	couper/kuhar	2
k UW g AH l	coogle/kugel	2
k UW g AH l ER	coogler/kugler	2
k UW k	kook/kueck	2
k UW k AH n	kooken/kuiken	2
k UW k IY	cucchi/kooky	2
k UW k UW z	cuckoo's/cuckoos	2
k UW n ER	cooner/kuhner	2
k UW n IY	cooney/cuhney	2
k UW n s	coonce/koonce	2
k UW p ER AY d ER	cooperider/cooperrider	2
k UW r	coeur/koor	2
k UW s AH	coosa/kusa(2)	2
k UW t	coot/coote	2
k UW z	coups/koos	2
k j AO NG	kyong/kyoung	2
k j UH r AH t ER z	curator's(2)/curators	2
k j UH r EY t ER z	curator's/curators(2)	2
k j UH r IY	curie/curie(2)	2
k j UW IH NG	cuing/queuing	2
k j UW b	cube/kube	2
k j UW b AH	cuba/kuba	2
k j UW b AH n	cuban/kuban	2
k j UW d	cude/cued	2
k j UW n IY	cuny/kuney	2
k j UW n IY OW	cuneo/kunio	2
k j UW p ER	kuper/kupor	2
k j UW r AE r EY	curare/curari	2
k j UW t ER	cuter/kuter	2
k j UW z IH k	cusic/cusick	2
k l AA g	clague/clog	2
k l AA k s	clock's/clocks	2
k l AA r k	clark/clarke	2
k l AA s	clos/klaas	2
k l AA s t ER m AH n	klosterman/klostermann	2
k l AA t	clot/clott	2
k l AA t s	clots/klotz	2
k l AE NG	clang/klang	2
k l AE m	clam/klamm	2
k l AE n s IY	clancey/clancy	2
k l AE n z m AH n	klansman/klansmen	2
k l AE p ER	clapper/klapper	2
k l AE r IH s	clarisse/clarrisse	2
k l AE s IH z	class's/classes(2)	2
k l AH NG k	clunk/klunk	2
k l AH b	club/clubb	2
k l AH b z	club's/clubs	2
k l AH k	cluck/kluck	2
k l AH k s	clucks/klux	2
k l AH m	clum/klumb	2
k l AH m EH n t EY z	clemente's/clementes	2
k l AH m EH n t IY z	clemente's(2)/clementes(2)	2
k l AW ER	clower/klauer	2
k l AW s	clouse/klaus	2
k l AW s ER	clouser/klauser	2
k l AY ER	kleier/klier	2
k l AY m AH n	kleiman/klieman	2
k l AY m ER z	climbers/climbers'	2
k l AY m z	climbs/climes	2
k l AY n f IH l t ER	kleinfelter/klinefelter(2)	2
k l AY n z	clines/klein's	2
k l AY v	clive/clyve	2
k l EH NG k	klenk/klenke	2
k l EH k n ER	cleckner/kleckner	2
k l EH l AH n d	cleland/clelland	2
k l EH m AH n s	clemence/klemens	2
k l EH m AH n t	clement/klement	2
k l EH m ER	clemmer/klemmer	2
k l EH m IY	clemmie/clemmy	2
k l EH p ER	clepper/klepper	2
k l EH r m AA n t	claremont/clermont	2
k l EH v ER	clever/klever	2
k l EY m AH n t s	claimants/claimants'	2
k l EY p UW l	claypool/claypoole	2
k l EY s AH n	clasen/klasen	2
k l IH NG	cling/kling	2
k l IH NG ER	clinger/klinger	2
k l IH NG ER m AH n	clingerman/klingerman	2
k l IH NG ER z	clinger's/klinger's	2
k l IH NG g AH n	clingan/klingon	2
k l IH NG m AH n	clingman/klingman	2
k l IH k	click/klick	2
k l IH k s	clicks/cliques	2
k l IH n IH k s	clinic's/clinics	2
k l IH p	clip/klipp	2
k l IH r k AH t	clear-cut/clearcut	2
k l IY OW	cleo/clio	2
k l IY k	cleek/clique	2
k l IY n	clean/kleen	2
k l IY t	cleat/cliett	2
k l IY v AH n	cleven/kleven	2
k l IY v l AH n d	cleaveland/cleveland	2
k l IY z	klee's/klees	2
k l OW	cloe/clow	2
k l OW IY	chloe/cloey	2
k l OW k	cloak/cloke	2
k l OW n	clone/kloehn	2
k l OW n z	clones/clones'	2
k l OW s AH p	close-up/closeup	2
k l UW	clue/klu	2
k l UW JH	cluj/kluge	2
k l UW k AH z	clucas/klukas	2
k l UW n IY	clooney/cluny	2
k l UW t	clute/klute	2
k n UW d s AH n	knudsen/knudson	2
k r AA NG k	cronk/kronk	2
k r AA l IH k	kralik/krolick	2
k r AA n	cron/kron	2
k r AA n IH k	chronic/kronick	2
k r AA n IH k AH l z	chronicle's/chronicles	2
k r AA p s	crop's/crops	2
k r AA s AH n	crossan/crosson	2
k r AA s TH w AH t	crosthwait/crosthwaite	2
k r AA s l IH n	croslin/crosslin	2
k r AA s l IY	crosley/crossley	2
k r AE SH IH z	crash's/crashes	2
k r AE b AH l	crabill/krabill	2
k r AE b z	crabbs/crabs	2
k r AE d AH k	craddock/cradock	2
k r AE g z	craggs/crags	2
k r AE k AH l	crackel/crackle	2
k r AE k t	cracked/kracht	2
k r AE m z	crams/krammes	2
k r AE n IY	cranney/cranny	2
k r AE p	crap/krapp	2
k r AE p IY	crappie/crappy	2
k r AE p s	crapps/craps	2
k r AE t	krat/kratt	2
k r AE v IH t s	kravetz/kravitz	2
k r AH SH EH f s k IY	kraszewski/kruszewski	2
k r AH k	kruck/kruk	2
k r AH k AO f s k IY	krakowski/krukowski	2
k r AH m IY	crummey/crummy	2
k r AH m l IY	crumley/crumly	2
k r AH s IH n s k IY	krasinski/krusinski	2
k r AH t OW	croteau/crotteau	2
k r AO	craugh/craw	2
k r AO l IY	crawley/crawly	2
k r AO s IH z	cross's/crosses	2
k r AO s f AY r	crossfire/crossfire(2)	2
k r AO z b IY	crosbie/crosby	2
k r AW d z	crowd's/crowds	2
k r AW l	crowl/crowle	2
k r AW n	crown/crowne	2
k r AW n z	crown's/crowns	2
k r AW s ER	crouser/krauser	2
k r AY	cry/crye	2
k r AY s l ER	chrysler/kreisler	2
k r AY s l ER z	chrysler's/chryslers	2
k r AY t z ER	crytzer/kreitzer	2
k r EH b z	krebbs/krebs	2
k r EH d IH t ER z	creditors/creditors'	2
k r EH d IH t s	credit's/credits	2
k r EH g	cregg/kreg	2
k r EH g ER	cregger/kraeger	2
k r EH k	creque/krech	2
k r EH k OW	creko/krecko	2
k r EH n	kren/krenn	2
k r EH n IH k	krenek/krenik	2
k r EH s AH n	creson/cresson	2
k r EH s AH n t	cr./crescent	2
k r EH s l ER	cressler/kressler	2
k r EH s t	chrest/crest	2
k r EH s w EH l	cresswell/creswell	2
k r EY k ER	craker/kraker	2
k r EY m ER	cramer/kramer	2
k r EY m ER z	cramer's/kramer's	2
k r EY t AH n	crayton/creighton	2
k r EY v AH n z	craven's/cravens	2
k r IH SH ER	krischer/krisher	2
k r IH b	crib/cribb	2
k r IH k	crick/krick	2
k r IH k AH t s	cricket's/crickets	2
k r IH l	crill/krill	2
k r IH l IY	crilley/crilly	2
k r IH m AH n AH l IH s t s	criminalist's/criminalists	2
k r IH p s	cripps/crips	2
k r IH p t OW s p AO r IH d IY AH m	chriptosporidium/cryptosporidium	2
k r IH r	crear/creer	2
k r IH s AH l ER	crisler/crysler	2
k r IH s AH n b EH r IY	christenberry/christenbury	2
k r IH s k OW	chriscoe/krisko	2
k r IH s k r AO s	criss-cross/crisscross	2
k r IH s k r AO s t	criss-crossed/crisscrossed	2
k r IH s l ER	crisler(2)/crysler(2)	2
k r IH s m AH s	christmas/christmas'	2
k r IH s p	chrisp/crisp	2
k r IH s t AH f EH l	christoffel/christophel	2
k r IH s t AH f ER	christopher/kristopher	2
k r IH s t AH f ER z	christopher's/kristopher's	2
k r IH s t AH n	christon/kristen	2
k r IH s t AH n s AH n	christensen/kristensen	2
k r IH s t IH s AH n	christeson/christison	2
k r IH s t IY AE n AH	christiana/christianna	2
k r IH s t IY n	christine/kristine	2
k r IH s t OW	christo/cristo	2
k r IH s t m AH n	christman/christmann	2
k r IH s w EH l	chriswell/criswell	2
k r IH t s	critz/kritz	2
k r IH t z ER	critzer/kritzer	2
k r IH z m AH n	chrismon/crismon	2
k r IY	crea/cree	2
k r IY AH z	korea's(2)/koreas(2)	2
k r IY CH	creach/creech	2
k r IY d AH n	creeden/creedon	2
k r IY g AH n	creegan/cregan	2
k r IY k	creak/creek	2
k r IY k s	creek's/creeks	2
k r IY l	creal/creel	2
k r IY m	cream/creme	2
k r IY m IY	creamy/crimi	2
k r IY s k OW	chrisco/crisco	2
k r IY s t IY AA n OW	christiano/cristiano	2
k r IY t	crete/kriete	2
k r OW AA t s	croat's/croats	2
k r OW TH ER z	crowther's/crowthers	2
k r OW g ER	kroeger/kroger	2
k r OW k	croak/croke	2
k r OW m	chrome/krome	2
k r OW m ER	cromer/kromer	2
k r OW n	crone/krohn	2
k r OW n AH	krona/krone	2
k r OW n IY	croney/crony	2
k r OW t z ER	crotzer/krotzer	2
k r UH k	crook/crooke	2
k r UH k SH AE NG k	crookshank/cruickshank	2
k r UW	crew/crewe	2
k r UW AH l	crewel/cruel	2
k r UW d z	crude's/crudes	2
k r UW g ER	krueger/kruger	2
k r UW l	cruel(2)/kreul	2
k r UW m	croom/crume	2
k r UW n	croon/kroon	2
k r UW n ER	crooner/krouner	2
k r UW p AH	kroupa/krupa	2
k r UW s CH EH v	khrushchev/kruschev	2
k r UW z ER z	cruiser's/cruisers	2
k r UW z IH z	cruises/cruz's	2
k w AA	chua(2)/qua	2
k w AA f	coif/quaff	2
k w AA n z AH	kwanza/kwanzaa	2
k w AA t r OW k IY	quattrocchi/quattrochi	2
k w AA z UW l UW	kwazulu/quazulu	2
k w AE k	kwak/quack	2
k w AO r t EH t s	quartet's/quartets	2
k w AO r t s	quarts/quartz	2
k w AY AH t AH s t	quietest/quietist	2
k w EH l	quel/quell	2
k w ER k	quirk/quirke	2
k w EY d	quade/quaid	2
k w EY k ER z	quaker's/quakers	2
k w EY k s	quake's/quakes	2
k w IH k s IH l v ER	quicksilver/quiksilver	2
k w IH n	quin/quinn	2
k w IH n s IY	quincey/quincy	2
k w IH p	quip/quipp	2
k w IH r OW z	quiros/quiroz	2
k w IY n AH	queena/quina	2
k w IY n z	queen's/queens	2
k w OW	queau/quo	2
l AA	la/law(2)	2
l AA CH	laatsch/lauch	2
l AA JH IH z	lodge's/lodges(2)	2
l AA UW	loew/loewe	2
l AA b	lob/lobb	2
l AA b IY IH s t s	lobbyists/lobbyists'	2
l AA b IY z	lobbies/lobby's	2
l AA b s t ER z	lobster's/lobsters	2
l AA b z	laabs/lobs	2
l AA f AA n t EY n	lafountain/lafountaine	2
l AA f IY EH t	lafayette/lafeyette	2
l AA f l IH n	laughlin(2)/loflin	2
l AA g ER	lager/logger	2
l AA k AH n	locken/lokken	2
l AA k ER b IY	lockerbie/lockerby	2
l AA k IH t	locket/lockett	2
l AA k IY	lockey/lockie	2
l AA k l IH n	laughlin/locklin	2
l AA k n ER	lochner/lockner	2
l AA k r IH JH	lochridge/lockridge	2
l AA k s	locks/lox	2
l AA m AH	lama/llama	2
l AA m AH n	lahman/lahmann	2
l AA n	lohn/lon	2
l AA n IY	lani/loni	2
l AA n OW	lano/llano	2
l AA n s k IY	lonski/lonsky	2
l AA p	lop/lopp	2
l AA r	lahr/lar	2
l AA r IY IH t s	lauriat's/lauriats	2
l AA r IY m AO r	larimore/larrimore	2
l AA r UW s OW	laruso/larusso	2
l AA r k	lark/larke	2
l AA s AH	lassa/lhasa	2
l AA s k AH	lasca/laska	2
l AA t AH	lata/lotta	2
l AA t IY m AO r	latimore/lattimore	2
l AE CH AO	latchaw/latshaw	2
l AE NG	lang/lange	2
l AE NG h AO r n	langhorn/langhorne	2
l AE NG k AH n	lancon/lankan	2
l AE SH	lasch/lash	2
l AE SH l IY	lashlee/lashley	2
l AE TH AH n	lathan/lathon	2
l AE b	lab/labbe	2
l AE d	lad/ladd	2
l AE d z	ladd's/lads	2
l AE f	laff/laugh	2
l AE k ER	lacher/lacquer	2
l AE k IY	lackey/lackie	2
l AE k m AH n	lachman/lackman	2
l AE m ER OW	lamoreaux/lamoreux	2
l AE m IY	lammey/lammi	2
l AE m UH r OW	lamoureaux/lamoureux	2
l AE m b ER g IY n IY z	lamborghini's/lamborghinis	2
l AE m b IY	lambie/lamby	2
l AE m b r OW	lambreau/lambro	2
l AE m p l AY t ER z	lamplighter's/lamplighters	2
l AE m s AH n	lambson/lamson	2
l AE n IY	lanni/lanny	2
l AE n d	land/lande	2
l AE n d AH n	landen/landon	2
l AE n d ER	lander/landor	2
l AE n d IY	landi/landy	2
l AE n d OW	lando/landow	2
l AE n d l AO r d z	landlord's/landlords	2
l AE n d m AA r k s	landmark's/landmarks	2
l AE n d r IH TH	landreth/landrith	2
l AE n f ER	lanfear/lanpher	2
l AE n s AH t s	lancet's/lancets	2
l AE n s ER	lancer/lanser	2
l AE n s IH NG	lancing/lansing	2
l AE n t	landt/lant	2
l AE r AH b IY	larabee/larrabee	2
l AE r IH s AH n	larison/larrison	2
l AE r IH v IY	larivee/larrivee	2
l AE r OW	laroe/larrow	2
l AE s	lass/last(2)	2
l AE s AY t ER	lasiter/lassiter	2
l AE s IH t ER	laseter(2)/lassetter	2
l AE s IY t ER	laseter/lasseter	2
l AE s k IY	laskey/lasky	2
l AE s k OW	lascaux/lasko	2
l AE s t s	last's/lasts	2
l AE s w EH l	lasswell/laswell	2
l AE t AH m ER	latimer/lattimer	2
l AE t AH n	latin/laton	2
l AE t n ER	latner/lattner	2
l AE t s	lats(2)/latz	2
l AE v AH l IY	lavallee/lavalley	2
l AE w ER n	lawhorn/lawhorne	2
l AH SH	lusch/lush	2
l AH SH ER	luscher/lusher	2
l AH b AH f	leboeuf/lebouef	2
l AH b AH v	labov/labove	2
l AH b EH l	labell/labelle	2
l AH b EH r AH n	lebaron/lebarron	2
l AH b IH n s k IY	lubinski/lubinsky	2
l AH b OW	labeau/lebow	2
l AH b l AE NG k	lablanc/leblanc	2
l AH d l AH m	ludlam/ludlum	2
l AH d l AH m z	ludlam's/ludlum's	2
l AH d v IH g s AH n	ludvigsen/ludvigson	2
l AH f IH t	laffitte/lafitte	2
l AH f t	luffed/luft	2
l AH g IH n b AH l	luginbill/luginbuhl	2
l AH g w AA r d IY AH	la-guardia/laguardia	2
l AH k OW t AH z	lakotas/lakotas'	2
l AH k m AH n	luckman/lukman	2
l AH k t	lucht/lucked	2
l AH m AA n t	lamont/lemont	2
l AH m AA r	lamar/lamarr	2
l AH m AH n	luhman/luhmann	2
l AH m p	lump/lumpp	2
l AH n IY	lunney/lunny	2
l AH n d	lund/lunde	2
l AH n d AH n	london/lunden	2
l AH n t	lundt/lunt	2
l AH n t s	luntz/luntz'	2
l AH p AE n	lapan/lappin	2
l AH p OY n t	lapoint/lapointe	2
l AH s t ER	luster/lustre	2
l AH t IH SH AH	latisha/leticia	2
l AH t m AH n	lutman/luttman	2
l AH t r AH l	luttrell/luttrull	2
l AH t s k IY	lutsky/lutzke	2
l AH v AA l	laval/leval	2
l AH v EH l	lavelle/leavelle	2
l AH v EH t	lavette/lovette	2
l AH v ER n	laverne/lovern	2
l AH v IY	lavie(2)/lovie	2
l AO NG r EY n JH	long-range/longrange	2
l AO NG t ER m	long-term/longterm	2
l AO NG z	long's/longs	2
l AO SH	lawshe/losch	2
l AO b	laub/laube	2
l AO d	laud/laude	2
l AO f ER	laufer/lauffer	2
l AO f t s	loft's/lofts	2
l AO l	lall/lol	2
l AO l ER	lawler/lawlor	2
l AO l IY	lallie/lawley	2
l AO n	laun/lawn	2
l AO n ER	launer/lawner	2
l AO n IY	lonnie/lonny	2
l AO r AH l	laurel/loral	2
l AO r AH n	lauren/loren	2
l AO r EH n AH	laurena/lorena	2
l AO r EH t	laurette/lorette	2
l AO r EH t OW	loreto/loretto	2
l AO r IH k	lorek/lorick	2
l AO r IH m ER	lorimer/lorimor	2
l AO r IH n	laurin/lorin	2
l AO r IH n s AH n	lorensen/lorenson	2
l AO r IH s	laurice/loris	2
l AO r IY AH	lauria/loria	2
l AO r OW	lauro/loro	2
l AO r d AH n	laurdan/lorden	2
l AO r d IY	lordi/lordy	2
l AO s	los(2)/loss	2
l AO s UW t s	lawsuit's/lawsuits	2
l AO t	laut/lot(2)	2
l AO t AH n	laughton/lawton	2
l AW ER IY	loughery/lowery	2
l AW d AH n	louden/loudon	2
l AW d ER	lauder(2)/louder	2
l AW d ER b AE k	lauderback/louderback	2
l AW d IH n s l EY g ER	laudenslager/loudenslager	2
l AW k	louck/louk	2
l AW k s	loucks/louks	2
l AW n ER	lawner(2)/loughner	2
l AW s	laos(2)/louse	2
l AY AH l	lisle/lyall	2
l AY AH n	lion/lyon	2
l AY AH n EY z	lyonnais(2)/lyonnaise	2
l AY AH s AH n	liason/liasson	2
l AY ER	leier/liar	2
l AY b AH l	leibel/libel	2
l AY b r AE n d	leibrand/lybrand	2
l AY b r EH r IY z	libraries/library's	2
l AY f ER	leifer/lifer	2
l AY f s	life's/lifes	2
l AY f t AY m z	lifetime's/lifetimes	2
l AY k	like/lyke	2
l AY k AH b AH l	likable/likeable	2
l AY k s	likes/lykes	2
l AY k t	leicht/liked	2
l AY l	lile/lyle	2
l AY m	lime/lyme	2
l AY n AH p	line-up/lineup	2
l AY n ER	leiner/liner	2
l AY n IH NG ER	leininger/lininger	2
l AY n b ER g ER	leinberger/lineberger	2
l AY n d IH k ER	leindecker/leyendecker	2
l AY n d b ER g	lindberg/lindburg	2
l AY n m AH n	lineman/linemen	2
l AY s	leiss/lice	2
l AY s AH n s	licence/license	2
l AY s AH n s ER	licenser/licensor	2
l AY s AH n s IH z	licences/licenses	2
l AY t	light/lite	2
l AY t AH n	lighten/litan	2
l AY t n ER	leitner/lightner	2
l AY v z	lives'/lives(2)	2
l AY z	lies/lise	2
l EH CH ER	lecher/letcher	2
l EH DH ER b EH r IY	leatherberry/leatherbury	2
l EH JH ER	ledger/leger	2
l EH NG	leng/leong	2
l EH SH	lesch/lesh	2
l EH ZH ER	leasure/leisure	2
l EH b AH l	lebel/leble	2
l EH b AH n	leben/lebon	2
l EH b r AH n	lebron/lebrun	2
l EH d	lead/led	2
l EH d ER	leder/lehder	2
l EH f ER t	leffert/lefort	2
l EH f t h AE n d	left-hand/lefthand	2
l EH f t h AE n d IH d	left-handed/lefthanded	2
l EH f t w IH NG ER	left-winger/leftwinger	2
l EH f t w IH NG ER z	left-wingers/leftwingers	2
l EH g r AE n d	legrand/legrande	2
l EH k IY	leckey/leckie	2
l EH k t ER	lecter/lector	2
l EH l AH	lelah/leola	2
l EH m	lem/lemm	2
l EH m AA r	lemar/lemarr	2
l EH m AH	lemma/lemme	2
l EH m AH n	lemmon/lemon	2
l EH m AH n d	lemmond/lemond	2
l EH m IH NG	leming(2)/lemming	2
l EH m b ER g	lemberg/lemburg	2
l EH m k IY	lemcke/lemke	2
l EH n AH k s	lennox/lenox	2
l EH n ER	lehner/lennar	2
l EH n ER t	lehnert/lenart	2
l EH n IH g	lenig/lennig	2
l EH n IH h AE n	lenehan/lenihan	2
l EH n h AO f	lehnhoff/lenhoff	2
l EH n z	lens/lenz	2
l EH n z IH z	lenses(2)/lenz's	2
l EH p	lep/lepp	2
l EH p t	leaped/leapt	2
l EH r IY	larry/lary	2
l EH s	les/less	2
l EH s AH n	lessen/lesson	2
l EH s AH n z	lessens/lessons	2
l EH s IH n	lesesne/lessin	2
l EH s IY	lesi/lessee	2
l EH s UW ER	lesuer/lesueur	2
l EH s n ER	lesner/lessner	2
l EH s t ER	leicester/lester	2
l EH t	let/lett	2
l EH t AH	leota/leta	2
l EH t AH p	let-up/letup	2
l EH t IY	lettie/letty	2
l EH v AH l ER z	leveler's/levelers	2
l EH v AH l d	leveled/levelled	2
l EH v AH l z	level's/levels	2
l EH v AH n	leaven/levan	2
l EH v ER EH t	leverett/leverette	2
l EH v IH k	leveck/levick	2
l EH v IH n s AH n	levenson/levinson	2
l EH v IH n z	levin's/levins	2
l EH v IY	levee/levy	2
l EH v l ER z	leveler's(2)/levelers(2)	2
l ER CH	lerche/lurch	2
l ER EH t AH	lauretta/loretta	2
l ER OW	lareau/lheureux	2
l ER OW k	larocque/laroque	2
l ER k	lerch/lurk	2
l ER l IY n	lurleen/lurlene	2
l ER n ER	learner/lerner	2
l ER n ER z	learners/lerner's	2
l EY AH	layah/leya	2
l EY b	labe/laib	2
l EY b AH l	label/laible	2
l EY b AH l d	labeled/labelled	2
l EY b AH l z	label's/labels	2
l EY b ER z	labor's/labors	2
l EY d	lade/laid	2
l EY d AH n	laden/layden	2
l EY l AH n d	layland/leyland	2
l EY s IY	lacey/lacy	2
l EY t	late/leight	2
l EY t AH n	layton/leighton	2
l EY v AH n	lavan/laven	2
l EY z ER z	laser's/lasers	2
l IH NG	ling/lyng	2
l IH NG g ER d	lingard/lingered	2
l IH NG k AH n z	lincoln's/lincolns	2
l IH b ER AH l z	liberals/liberals'	2
l IH b ER t IY z	liberties/liberty's	2
l IH b IY	libbey/libby	2
l IH b OW	lebeau/lebowe	2
l IH d AH l	liddell/liddle	2
l IH d IY	liddy/lydie	2
l IH f	liff/liffe	2
l IH f ER d	liford/lyford	2
l IH g IH t	ligget/liggett	2
l IH k ER z	liqueurs/liquors	2
l IH k t	licht/licked	2
l IH k t AH n s t AY n	lichtenstein(2)/liechtenstein	2
l IH l AH	lilah/lilla	2
l IH l IY AE n AH	liliana/lilliana	2
l IH l IY h AE m ER	lillehamer/lillehammer	2
l IH l IY h AE m ER z	lillehamer's/lillehammer's	2
l IH l OW	leleux/lillo	2
l IH m ER IH k s	limerick's/limericks	2
l IH m b ER g	limberg/limburg	2
l IH m d	limbed/limned	2
l IH n AH m	linam/lynam	2
l IH n AH n	linen/linnane	2
l IH n CH	linch/lynch	2
l IH n EH t	linette/lynette(2)	2
l IH n IH h AE n	linehan/linnehan	2
l IH n d AH	linda/lynda	2
l IH n d AH m AH n	lindaman/lindemann	2
l IH n d OW	lindo/lindow	2
l IH n d m AH n	lindeman/lindman	2
l IH n d z IY	lindsay/lindsey	2
l IH n f ER d	linford/lynford	2
l IH n h AA r t	linhardt/linhart	2
l IH n m AH n	linneman/linnemann	2
l IH n s	lince/linse	2
l IH n t AH n	linton/lynton	2
l IH p IY	lippi/lippy	2
l IH p SH AH t s	lipschutz/lipshutz	2
l IH r AH	lira/lire	2
l IH r IY	leary/leery	2
l IH r m AH n	lierman/liermann	2
l IH s	lis/liss	2
l IH s AH k	lisak/lissack	2
l IH s k	lisk/liske	2
l IH s k OW	lisco/lisko	2
l IH s n ER	lissner/listener(2)	2
l IH s t	list/liszt	2
l IH s t ER	lister/lyster	2
l IH s t s	list's/lists	2
l IH t	lit/litt	2
l IH t AH l z	little's/littles	2
l IH t IH JH AH s	litigious/litigious(2)	2
l IH v	liv/live(2)	2
l IH v IH NG s t AH n	levingston/livingston	2
l IH v IH n g UH d	livengood/livingood	2
l IH z AH k	lisec/lizak	2
l IH z AO t	lezotte/lizotte	2
l IH z ER d z	lizard's/lizards	2
l IY AA n AH	liana/lianna	2
l IY AA n t AY n	leontine(2)/leontyne	2
l IY AH	leah/lia	2
l IY AW	liao/liau	2
l IY JH	lege/liege	2
l IY JH AH n EH r z	legionnaire's/legionnaires	2
l IY OW z	leo's/leos	2
l IY SH	leash/liesch	2
l IY b AH l	liebel/liebl	2
l IY b ER m AH n	lieberman/liebermann	2
l IY b l ER	leibler/liebler	2
l IY d	lead(2)/leed	2
l IY d AH	leda/lida	2
l IY d ER SH IH p s	leadership's/leaderships	2
l IY d ER m AH n	lederman/liederman	2
l IY d IY	leedy/leidy	2
l IY d z	leads/leeds	2
l IY k IY	leakey/leaky	2
l IY k OW	leeco/lico	2
l IY k s	leaks/leeks	2
l IY l	leal/lille(2)	2
l IY l j AH	lelia/lilja	2
l IY m AH	lema/lima(2)	2
l IY m ER	leamer/lemur	2
l IY m OW z	lemos/limos(2)	2
l IY n ER	leaner/liener	2
l IY n OW	leno(2)/lino	2
l IY n OW z	leno's(2)/lenos	2
l IY p ER	leeper/leiper	2
l IY p t	leaped(2)/leapt(2)	2
l IY s AH	lesa/lisa	2
l IY s AH n	leason/leeson	2
l IY s IH z	lease's/leases	2
l IY s t	leased/least	2
l IY t s	leitz/lietz	2
l IY v	leave/leve	2
l IY v AY z	levi's/levis(2)	2
l OW AH n s t AY n	loewenstein/lowenstein	2
l OW AH n s t IY n	loewenstein(2)/lowenstein(2)	2
l OW AH s	loess/lois	2
l OW IH n TH AH l	loewenthal/lowenthal	2
l OW SH	loesch/loesche	2
l OW SH AH n z	lotion's/lotions	2
l OW b	lobe/loeb	2
l OW b ER	lober/loeber	2
l OW d	load/lode	2
l OW d AH n	loden/lowden	2
l OW d z	loads/lodes	2
l OW k AH l z	local's/locals	2
l OW k IY	loci/lokey	2
l OW m AY ER	lohmeier/lohmeyer	2
l OW n	loan/lone	2
l OW n ER	lohner/loner	2
l OW n IY	loney/lowney	2
l OW p ER	loeper/loper	2
l OW s	lohse/los	2
l OW s IY	locey/locy	2
l OW t AH s	lotus/lotus'	2
l OY	loy/loye	2
l OY AH l	loyal/loyall	2
l OY ER	lawyer(2)/loyer	2
l OY d	lloyd/loyd	2
l OY z EH l	loisel/loiselle	2
l UH r	luhr(2)/lure	2
l UW AA r t	looart/louart	2
l UW AE n AH	louanna(2)/luana	2
l UW EH l IH n	lewellyn/llewellyn	2
l UW ER z	lewers/luers	2
l UW IH n	lewin/lwin(3)	2
l UW IH n s k IY	lewinski/lewinsky	2
l UW IY s	loise(2)/luis	2
l UW IY z	louis'(2)/louise	2
l UW IY z AH	louisa/luisa	2
l UW TH	lueth/luth	2
l UW b	lube/luebbe	2
l UW b AH v IH CH ER	lubavitcher/lubavitcher(2)	2
l UW b IY	looby/luby	2
l UW d m AH n	ludeman/ludemann	2
l UW g AA r d AH	lugarda/luguarda	2
l UW g ER	lugar/luger	2
l UW g ER z	lugar's/lugers	2
l UW k s	luke's/lukes	2
l UW l UW	lulu/lulue	2
l UW n IY	looney/loony	2
l UW p ER	looper/luper	2
l UW p IY	loopy/lupi	2
l UW s	loose/luce	2
l UW s AH t EY n IY AH z	lusitania's/lusitanias	2
l UW s IH z	looses/luce's	2
l UW s IY l	lucile/lucille	2
l UW t	loot/lute	2
l UW t EH n AH n t s	lieutenant's/lieutenants	2
l UW t IY	lutey/luty	2
l UW z ER	loser/luzar	2
l j UW	lieu(2)/liu	2
m AA	ma/mah	2
m AA NG g IY n IY	mangine/mangini	2
m AA b s t ER z	mobster's/mobsters	2
m AA d AH l IH NG	modeling/modelling	2
m AA f AH t	moffat/moffatt	2
m AA f IY AH z	mafia's/mafias	2
m AA g	maag/mogg	2
m AA k IY	machi/maki	2
m AA l ER	mahler/moller	2
m AA l IH t	mollet/mollett	2
m AA l IY AH	malia/mallia	2
m AA l IY z	malis/molly's	2
m AA l m AH n	mahlman/mahlmann	2
m AA m AH z	mama's/mamas	2
m AA m IY z	mommies/mommy's	2
m AA m z	mom's/moms	2
m AA n AA r k s	monarch's/monarchs	2
m AA n AH h AE n	monaghan/monahan	2
m AA n ER EY	monterey(2)/monterrey(2)	2
m AA n IH t	monett/monnett	2
m AA n IY	mani/mohney	2
m AA n JH	monge/monje	2
m AA n s AH n	monsen/monson	2
m AA n s IY n j ER	monsignor/msgr	2
m AA n t AH g j UW	montagu/montague	2
m AA n t EH r OW	monteiro/montero	2
m AA n t ER EY	monterey/monterrey	2
m AA n t IY z	monte's/montes	2
m AA n t s	monts/montz	2
m AA p s	moppes/mops	2
m AA r AH	mara/marra	2
m AA r AH SH	marash/marash'	2
m AA r AH d OW n AH	maradona/maradonna	2
m AA r AH d OW n AH z	maradona's/maradonna's	2
m AA r AH n	marohn/marren	2
m AA r CH AH l	marchal/marcile	2
m AA r CH EH l IY n OW	marcelino/marcellino	2
m AA r CH IH z	march's/marches	2
m AA r IH s	marice/maurice(2)	2
m AA r JH	marge/marje	2
m AA r JH r IY	marjorie(2)/marjory(2)	2
m AA r OW n IY	maroni/marrone	2
m AA r SH AH	marcia/marsha	2
m AA r SH AH z	marcia's/marshes	2
m AA r SH IH z	marsh's/marshes(2)	2
m AA r b AH l z	marble's/marbles	2
m AA r b EH r IY	marberry/marbury	2
m AA r d AH n	marden/mardon	2
m AA r g ER IY t	margarete/marguerite	2
m AA r k AH s AH n	marcussen/markuson	2
m AA r k AH s IH z	marcos's/marcus's	2
m AA r k AH t IH NG z	marketing's/marketings	2
m AA r k AH t p l EY s IH z	marketplace's/marketplaces	2
m AA r k AH t s	market's/markets	2
m AA r k EH s AA n OW	marchesano/marckesano	2
m AA r k IH t s	markets'/markets(2)	2
m AA r k OW n IY	marcone/marconi	2
m AA r k OW s	marcos/marcos'	2
m AA r k OW z	marco's/markos	2
m AA r k UW	marcou/marcoux	2
m AA r k s AH n	markson/marxen	2
m AA r k w AA r t	marquardt/marquart	2
m AA r l ER	marlar/marler	2
m AA r l b ER OW	marlboro/marlborough	2
m AA r l b ER r OW z	marlboro's/marlboros	2
m AA r m ER	marmer/marmor	2
m AA r n IY	marney/marnie	2
m AA r s EH k AH z	marceca's/marseca's	2
m AA r s EH l	marcel/marcelle	2
m AA r s EH l AH	marcella/marsella	2
m AA r s IH l	marcil/marcille	2
m AA r s IH s AH	marcissa/marsisa	2
m AA r s d AH n	marsden/marsdon	2
m AA r t AH n z	martens/martin's	2
m AA r t EH k	martech/martek	2
m AA r t ER	marter/martyr	2
m AA r t IH n	martin(2)/martyn	2
m AA r t IH n IY	marteney/martiny	2
m AA r t IY z	marti's/marty's	2
m AA r v AH l AH s	marvellous/marvelous	2
m AA r v AH l z	marvel's/marvels	2
m AA r v EH l	marvell/marvelle	2
m AA r v EH l d	marveled/marvelled	2
m AA s	maass/mohs	2
m AA s UW CH IY	massucci/masucci	2
m AA s b AA k ER	mosbacher/mossbacher	2
m AA s k OW	moscow/moskow	2
m AA t	mott/motte	2
m AA t AH l	motl/mottl	2
m AA t EH r AH	matera/mattera	2
m AA t EY OW	mateo/matteo	2
m AA t IH s	matis/mattice	2
m AA t OW z	matos/mottos	2
m AA t UW CH IY	matteucci/mattucci	2
m AA t l IY	motley/mottley	2
m AA t s AH n	matsen/matson	2
m AA t s OW n IY	mazzone/mazzoni	2
m AA t s UW SH IY t AH	matsushita/matsushita(2)	2
m AA t s UW SH IY t AH z	matsushita's/matsushita's(2)	2
m AA t s k OW	matsko/motzko	2
m AA v z	mavs/mavs'	2
m AE CH AH z	matches/matsch's	2
m AE CH IH z	match's/matches(2)	2
m AE CH t	macht/matched	2
m AE JH	madge/maj	2
m AE JH IH k	magic/majik	2
m AE JH IH n	magin/maginn	2
m AE NG g AH m	mangham/mangum	2
m AE NG k OW	manco/manko	2
m AE SH	masch/mash	2
m AE TH IH n IY	matheney/matheny	2
m AE TH IY	mathie/mathy	2
m AE TH IY s AH n	mathiesen/matthiesen	2
m AE TH j UW s AH n	mathewson/matthewson	2
m AE b ER IY	mabery/mabry	2
m AE b IH s	mabis/mabus	2
m AE b IY	mabee/mabie	2
m AE d	mad/madd	2
m AE d AH l	madel/madl	2
m AE d AH l IH n	madelin/madeline	2
m AE d AH m	madam/madame	2
m AE d IH s AH n	maddison/madison(2)	2
m AE d IY	maddie/maddy	2
m AE d l IH n	madelyn(2)/madlin	2
m AE d s AH n	madsen/madson	2
m AE g ER	magar/mager	2
m AE g l IY	magley/magli	2
m AE g n AH t	magnate/magnet	2
m AE g n AH t s	magnet's/magnets	2
m AE g z	maggs/mags	2
m AE h AH l AH	mahala/mahalah	2
m AE h AH n IY	mahany/mahony	2
m AE k AH f IY	mcafee/mcaffee	2
m AE k AH l	mackall/mackel	2
m AE k AH l r OY	mcelroy/mcilroy	2
m AE k AH l v EY n	mcelvain/mcelvaine	2
m AE k AH l v IY	mckelvie/mckelvy	2
m AE k AH l w EY n	mcelwain/mcelwaine	2
m AE k AH n	machen/macken	2
m AE k AH n AE l IY	mcanally/mcannally	2
m AE k AH n EH r n IY	mcenerney/mcinerney	2
m AE k AH n EY n IY	mcenaney/mcenany	2
m AE k AH n t AO SH	macintosh/mcintosh	2
m AE k AH v OY	mcavoy/mcevoy	2
m AE k ER	macher/makar	2
m AE k IH l v EY n	mcilvain/mcilvaine	2
m AE k IH n	mackin/makin	2
m AE k IH n t AY r	mcintire/mcintyre	2
m AE k IH n t ER f	mcinturf/mcinturff	2
m AE k n AH m EH r AH	macnamara/mcnamara	2
m AE k r OW	macro/makro	2
m AE k s AH n	maxon/maxson	2
m AE l	mal/malle	2
m AE l AH k	malak/malloch	2
m AE l AH n	mallon/malon	2
m AE l ER IY	mallery/mallory	2
m AE l IH k OW t	malicoat/mallicoat	2
m AE l IH n	malin/mallin	2
m AE l IH s	malice(2)/mallis	2
m AE l IH t	mallet/mallett	2
m AE l IY	malley/mally	2
m AE l k AH m s AH n	malcolmson/malcomson	2
m AE l t b IY	maltbie/maltby	2
m AE n AH JH ER z	managers/managers'	2
m AE n AH n	mannen/mannon	2
m AE n ER	manner/manor	2
m AE n ER d	manard/mannered	2
m AE n ER z	manners/manors	2
m AE n IH JH ER z	manager's/managers(2)	2
m AE n IH k	manic/manik	2
m AE n IH s	manis/mannis	2
m AE n d EH l AH	mandela/mandella	2
m AE n h AY m	manheim/mannheim	2
m AE n j AH f AE k CH ER ER z	manufacturer's/manufacturers	2
m AE n k AY n d z	mankind's/mankinds	2
m AE n l IY	manley/manly	2
m AE n m EY d	man-made/manmade	2
m AE n s AH l	mansel/mansell	2
m AE n t AH l	mantel/mantle	2
m AE n t AH l z	mantle's/mantles	2
m AE n v IH l	manvil/manville	2
m AE p	map/mapp	2
m AE r IH k	marich/marik	2
m AE r IH l IH n	marilin/marylin	2
m AE s IH NG	maseng/massing	2
m AE s m AH n	massman/massmann	2
m AE s t	massed/mast	2
m AE s t AH f	mastif/mastiff	2
m AE s t AH f s	mastif's/mastifs	2
m AE s t AH n	masten/maston	2
m AE s t ER b EY SH AH n	masterbation/masturbation	2
m AE s t ER b EY t	masterbate/masturbate	2
m AE s t ER b EY t IH NG	masterbating/masturbating	2
m AE s t ER b EY t s	masterbates/masturbates	2
m AE s t ER k AA r d z	mastercard's/mastercards	2
m AE t AH k s	mattocks/mattox	2
m AE t ER	mater(3)/matter	2
m AE t ER n	matern/mattern	2
m AE t ER z	matter's/matters	2
m AE t IH k	matic/mattick	2
m AE t IH s	mattis/matus	2
m AE t IH s AH n	matteson/mattison	2
m AE t IY	mattie/matty	2
m AE t l IH n	matalin(2)/matlin	2
m AE t r AH s IH z	mattress's/mattresses(2)	2
m AE v r IH k s	maverick's(2)/mavericks(2)	2
m AE z OW	maso/mazzo	2
m AH CH IY d AH	machida/mochida	2
m AH CH l ER	mutchler/mutschler	2
m AH DH ER SH IH p s	mothership's/motherships	2
m AH DH ER f AH k ER z	motherfucker's/motherfuckers	2
m AH DH ER z	mother's/mothers	2
m AH NG g OW	mongeau/mungo	2
m AH NG k	monk/munk	2
m AH NG k IY z	monkey's/monkeys	2
m AH NG k s	monk's/monks	2
m AH SH	musch/mush	2
m AH SH IY n IH s t s	machinists/machinists'	2
m AH SH IY n z	machine's/machines	2
m AH TH AY AH s	mathias/matthias	2
m AH TH AY AH s AH n	mathiasen/mathiason	2
m AH d	mud/mudd	2
m AH g AE h IY	mcgahee/mcgahey	2
m AH g AE r AH t IY	mcgarity/mcgarrity	2
m AH g AH f	mcgeough/mcgough(2)	2
m AH g AO IY	mcgaughey/mcgaughy	2
m AH g AY v ER	macgyver/mcgyver	2
m AH g EH r IY	mcgarry/mcgary	2
m AH g ER	mcgirr/mugger	2
m AH g ER k	mcguirk/mcgurk	2
m AH g ER t	mcgirt/mcguirt	2
m AH g IH n	mcginn/mcguinn	2
m AH g l AA TH AH n	mcglothen/mcglothin	2
m AH g l AA k l AH n	mcglocklin/mclaughlin	2
m AH g l IH n	mcglinn/mcglynn	2
m AH g n IH j AH	mughniyeh/mugniyah	2
m AH g r AE TH	magrath/mcgrath	2
m AH g r EH g ER	macgregor/mcgregor	2
m AH g r EY n	mcgrain/mcgrane	2
m AH g r IY v IY	mcgreevey/mcgreevy	2
m AH g r UW d ER	magruder/mcgruder	2
m AH g w AY r	maguire/mcguire	2
m AH h AE f IY	mahaffey/mehaffey(2)	2
m AH k AA l AH m	mccollam/mccollom	2
m AH k AA m b ER	macomber/mcomber	2
m AH k AA n AH g EY	mcconaughey/mcconnaughey	2
m AH k AA n AH g IY	mcconaghy/mcconaughy	2
m AH k AA n AH l z	mcconnel's/mcconnell's	2
m AH k AA r TH ER	macarthur/mcarthur	2
m AH k AA r TH IY	maccarthy/mccarthy	2
m AH k AA r t	mccart/mccartt	2
m AH k AA r t ER	mcartor/mccarter	2
m AH k AA r t n IY	macartney/mccartney	2
m AH k AE d AH m	macadam/mcadam	2
m AH k AE f ER t IY	mcafferty/mccafferty	2
m AH k AE f r IY	mccaffery/mccaffrey	2
m AH k AE l AH m	maccallum/mccallum	2
m AH k AE l p AY n	macalpine/mcalpine	2
m AH k AE m IY	mccamey/mckamey	2
m AH k AE n AH	mccanna/mckanna	2
m AH k AE n IH k s	mechanics/mechanics'	2
m AH k AE n d r UW z	macandrews/mcandrews	2
m AH k AE r AH l	mccarrell/mccarroll	2
m AH k AE r IH k	mccarrick/mckarrick	2
m AH k AE r IY	mccarey/mccarry	2
m AH k AH l AH n	mccullen/mcmullen	2
m AH k AH l ER	mccullar/mcculler	2
m AH k AH l ER z	mccullars/mccullers	2
m AH k AH l IY	mcculley/mccully	2
m AH k AH m b ER	macumber/mccumber	2
m AH k AO	macaw/mccaw	2
m AH k AO l	mccall/mccaul	2
m AH k AO l AH f	mcauliff/mcauliffe	2
m AH k AO l AH n	mcallen/mccallen	2
m AH k AO r t	mccort/mccourt	2
m AH k AO z	macaws/mccaw's	2
m AH k AW	macao/macau	2
m AH k AW n	mccoun/mccown	2
m AH k EH n IY	mckenney/mckenny	2
m AH k EH n z IY	mackenzie/mckenzie	2
m AH k EH r AH n	mccarran/mccarren	2
m AH k EH r IY	macquarrie/mccary	2
m AH k EY l	mchale/mikael	2
m AH k IH l AH p	mckillip/mckillop	2
m AH k IH l v EY n	mcilvain(2)/mcilvaine(2)	2
m AH k IH m IY	mckimmey/mckimmy	2
m AH k IH n AH n	mackinnon/mckinnon	2
m AH k IH n IY z	mckinney's/mckinny's	2
m AH k IH n z IY	mckinsey/mckinzie	2
m AH k IH s IH k	mckissic/mckissick	2
m AH k IH t r IH k	mckitrick/mckittrick	2
m AH k IH v ER	mciver/mcivor	2
m AH k IY AH n	mckeon/mckeone	2
m AH k IY CH ER n	maceachern/mceachern	2
m AH k IY TH AH n	mckeithan/mckeithen	2
m AH k IY g	mckeag/mckeague	2
m AH k IY n	mckean/mckeen	2
m AH k OW l	mccole/mccoll	2
m AH k OW m	mccolm/mccomb	2
m AH k OY	mccoy/mckoy	2
m AH k SH EH r IY	macsharry/mcsherry	2
m AH k UW AH n	mccuan/mccuin	2
m AH k UW l	makhoul/mccool	2
m AH k b ER n IY	mcbirney/mcburney	2
m AH k b EY n	mcbain/mcbane	2
m AH k d AA n AH l d	macdonald/mcdonald	2
m AH k d AA n AH l z	mcdonnel's/mcdonnell's	2
m AH k d AE n AH l	mcdanel/mcdannel	2
m AH k d AH f	macduff/mcduff	2
m AH k d AH n AH	mcdonagh/mcdonough	2
m AH k d ER m AH n	mcdearmon/mcdurman	2
m AH k d EY d	mcdade/mcdaid	2
m AH k d IH l	macdill/mcdill	2
m AH k f AA r l AH n d	macfarland/mcfarland	2
m AH k f AE d IY AH n	macfadyen/mcfadyen	2
m AH k f AE t ER	mcfatter/mcphatter	2
m AH k f EY l	macphail/mcphail	2
m AH k f IH r s AH n	macpherson(2)/mcphearson(2)	2
m AH k f IY t ER z	mcfeeters/mcpheeters	2
m AH k j UW	mccue/mchugh	2
m AH k l AA r t IY	mcclarty/mclarty	2
m AH k l AE m	mcclam/mclamb	2
m AH k l AE n AH h AE n	mcclanahan/mclanahan	2
m AH k l AO r IY	mcclory/mclaury	2
m AH k l AO s k IY	mccloskey/mcclosky	2
m AH k l EH n AH n	maclennan/mclennan	2
m AH k l IH SH	mcclish/mclish	2
m AH k l IH n	mclin/mclinn	2
m AH k l IH n d AH n	mcalinden/mclinden	2
m AH k l IH n t IH k	mcclintic/mcclintick	2
m AH k l IY SH	macleish/mcleish	2
m AH k l IY n	mcclean/mclean	2
m AH k l IY z	mcclees/mclees	2
m AH k m AA n AH g AH l	mcmonagle/mcmonigle	2
m AH k m AE k AH n	mcmackin/mcmakin	2
m AH k m AE n AH m AH n	mcmanaman/mcmanamon	2
m AH k m AE s t ER	macmaster/mcmaster	2
m AH k m AO r AH n	mcmoran/mcmorran	2
m AH k m EH n AH m AH n	mcmenamin/mcmennamin	2
m AH k m EH n AH m IY	mcmenamy/mcmenemy	2
m AH k m ER t r IY	mcmurtrey/mcmurtry	2
m AH k m EY h AH n	mcmahan/mcmahen	2
m AH k m IH l j AH n	mcmillian/mcmillion	2
m AH k n AE l IY	mcnalley/mcnally	2
m AH k n AO t AH n	macnaughton/mcnaughton	2
m AH k n AY t	macknight/mcknight	2
m AH k n EH l AH s	mcnelis/mcnellis	2
m AH k n EH r	macnair/mcnair	2
m AH k n EH r IY	mcnairy/mcnary	2
m AH k n IH k AH l	mcnichol/mcnickle	2
m AH k n IH r	mcnear/mcneer	2
m AH k n IY z	mcnease/mcnees	2
m AH k n UW	mcknew/mcnew	2
m AH k r AE k AH n	mccracken/mccrackin	2
m AH k r AH m	mccrum/mccrumb	2
m AH k r IH r IY	mccreary/mccreery	2
m AH k t AE g ER t	mactaggart/mctaggart	2
m AH k t AE v IH SH	mactavish/mctavish(2)	2
m AH k t IH r	mcteer/mctier(2)	2
m AH k w AO t ER z	mcwaters/mcwatters	2
m AH k w EH TH IY	mcquethy/mcwethy	2
m AH k w EH r IY	mcquary/mcquerry	2
m AH k w ER t ER	mcwherter/mcwhirter	2
m AH k w EY n	mcquain/mcwain	2
m AH k w IH l j AH m z	macwilliams/mcwilliams	2
m AH k w IH s t AH n	mccuiston/mcquiston	2
m AH k w IY n	macqueen/mcqueen	2
m AH k w IY n IY	mcqueeney/mcweeney	2
m AH l	muhl/mull	2
m AH l AA r k IY	malarkey/mullarkey	2
m AH l AH l IY	mullally/mullaly	2
m AH l AH n IY	mullaney/mullany	2
m AH l IH SH AH z	militia's/militias	2
m AH l IH k AH n	mullican/mulliken	2
m AH l OW n IY	maloney/moloney	2
m AH l OY	malloy/mulloy	2
m AH l h ER n	mulhearn/mulhern	2
m AH l t IH l AE t ER AH l IH z AH m	multilateralism/multilateralism(2)	2
m AH l t IY f UW d z	multifoods/multifoods'	2
m AH l v EY n IY	mulvaney/mulvany	2
m AH l v IH h IH l	mulvehill(2)/mulvihill(2)	2
m AH m IY	mummey/mummy	2
m AH m IY z	mummies/mummy's	2
m AH m z	mum's/mums	2
m AH n	mun/munn	2
m AH n AA h AH m	menachem/menahem	2
m AH n AO r AH z	menorah's/menorahs	2
m AH n EH t	manette/monette	2
m AH n IH l AH	manila/manilla	2
m AH n IY	money/munni(2)	2
m AH n IY d	moneyed/monied	2
m AH n TH s	month's/months	2
m AH n d AO r f	mundorf/mundorff	2
m AH n d EY	monday(2)/munday	2
m AH n d EY z	monday's(2)/mondays(2)	2
m AH n d IY z	monday's/mondays	2
m AH n j AH n	munyan/munyon	2
m AH n s OW	manseau/monceaux	2
m AH n t	mundt/munt	2
m AH n t r IY AO l ER z	montrealer's/montrealers	2
m AH r IH s AH	marisa/marissa	2
m AH s AH l z	muscles/mussels	2
m AH s UW d	masood/masoud	2
m AH s k	musk/muske	2
m AH s k IY	muskie/musky	2
m AH s k IY t OW z	mosquitoes/mosquitos	2
m AH s m AH n	musman/mussman	2
m AH s t AE SH	moustache/mustache	2
m AH s t ER d	mustard/mustered	2
m AH s t OW	musto/mustoe	2
m AH t AE k s AH s	mataksas/metaxas	2
m AH t AE l IH k s	metallic's/metallics	2
m AH t EH l	matell/mattel	2
m AH t IH l d AH	mathilda/matilda	2
m AH t IH r IY AH l z	materials/materials'	2
m AH t UW s EH k	matousek/matusek	2
m AH t UW s IY	matusi/matussi	2
m AH t s	mutts/mutz	2
m AH z AH l	mazel/muzzle	2
m AH z IY	muzzey/muzzy	2
m AH z OW l AH	mazola/mazzolla	2
m AH z OW n	mazon(2)/mazone	2
m AO k	mauck/mauk	2
m AO l EH s k IH n	moleskin/moleskine	2
m AO l ER	maller/mauler	2
m AO l p AH s	molpus/molpus'	2
m AO l t	malt/mault	2
m AO l z	mall's/malls	2
m AO r AA n z	moron's/morons	2
m AO r AH n	moren/morren	2
m AO r EH r AH	moreira/morera	2
m AO r EY z	morays(2)/mores	2
m AO r IH s AH n	morison/morrison	2
m AO r IH s IY	morrisey/morrissey	2
m AO r IY n	maureen/moreen	2
m AO r IY n OW	moreno/morino	2
m AO r IY t AH	maurita/morita	2
m AO r OW z	moros/moroz	2
m AO r d AH k AY	mordecai/mordechai	2
m AO r g AA n t IY	morgante/morganti	2
m AO r g AH n z	morgan's/morgans	2
m AO r g IH JH IH z	mortgage's/mortgages(2)	2
m AO r k	moerke/mork	2
m AO r l AH n d	moreland/morland	2
m AO r m AH n IH z AH m	mormonism/mormonism(2)	2
m AO r n	morn/mourn	2
m AO r n IH NG	morning/mourning	2
m AO r n IH NG z	morning's/mornings	2
m AO r s	morse/morss	2
m AO r t AH n	morten/morton	2
m AO r t ER	mortar/morter	2
m AO r t IH n s AH n	mortensen/mortenson	2
m AO r t IY	mortie/morty	2
m AO s b ER g	mossberg/mossburg	2
m AO s k	mosk/mosque(2)	2
m AO z IY	mauzey/mauzy	2
m AW	mao/mau(2)	2
m AW IY	maue/maui	2
m AW l d AH n	maulden/mauldin	2
m AW n t	mount/mt	2
m AW n t AH n z	mountain's/mountains	2
m AW n t s	mounts/mountz	2
m AW s ER	mauser/mausser	2
m AW z	mao's/mows	2
m AY	mai/my	2
m AY AH	maia/maya	2
m AY AH n	mayan/mion	2
m AY AH t	miot/myatt	2
m AY EH s k IY	majeske/majeski	2
m AY SH	maisch/meisch	2
m AY k AH l AE n JH AH l OW z	michelangelo's/michelangelos	2
m AY k EH l AH	michaela/michaella	2
m AY k r AA n z	micron's/microns	2
m AY k r OW s IH s t AH m z	microsystems/microsystems'	2
m AY k r OW z	micro's/micros	2
m AY k s	mike's/mikes	2
m AY l AH	mila/myla	2
m AY l AH z	milas/myla's	2
m AY l ER	miler/myler	2
m AY l z	miles/myles	2
m AY n AH t	minet(2)/mynatt(2)	2
m AY n IH NG ER	meininger/mininger	2
m AY n IH k IY	meinecke/meineke	2
m AY n d	mind/mined	2
m AY n d z	mind's/minds	2
m AY r AH n	myren/myron	2
m AY r z	mires/myres	2
m AY s	meiss/mice	2
m AY s AH l	maisel/meisel	2
m AY s n ER	meisner/meissner	2
m AY t	might/mite	2
m AY t ER	miter/mitre(2)	2
m AY z	mies/mize	2
m AY z ER	miser/mizer	2
m AY z IH z	mises/mize's	2
m EH CH AH m	mecham/mechem(2)	2
m EH NG k	menk/menke	2
m EH NG k AH n	mencken/menken	2
m EH SH	mesch/mesh	2
m EH TH IH n IY	metheney/metheny	2
m EH ZH ER z	measure's/measures	2
m EH d AH l IH s t s	medalist's/medalists	2
m EH d AH s AH n z	medicine's/medicines	2
m EH d ER	maeder/medar	2
m EH d IH k s	medic's/medics	2
m EH d IY	medi/mehdi	2
m EH d l ER	medlar/medler	2
m EH f ER d	mefferd/mefford	2
m EH k	mech/meck	2
m EH k AH	meca/mecca	2
m EH k l ER	mechler/meckler	2
m EH k s	meckes/mex	2
m EH l AH n IY	melanie/melany	2
m EH l AH n b IY	melanby/mellonby	2
m EH l AH n d	meland/melland	2
m EH l AH t OW n IH n z	melatonin's/melatonins	2
m EH l CH ER	melcher/melchor	2
m EH l IH k	melick/mellick	2
m EH l IH n	melin/mellin	2
m EH l IH s	melisse/mellis	2
m EH l IH s AH n t	melicent/melisent	2
m EH l IY t AH	melita/melitta	2
m EH l OW n IY	melone/meloni	2
m EH l b ER g	mehlberg/melberg	2
m EH l b ER n	melbourne/melburn	2
m EH l h ER n	mehlhorn/melhorn	2
m EH l t s	melts/meltz	2
m EH l v IH n	melvin/melvyn	2
m EH m AH t	mehmet/memmott	2
m EH m ER IY z	memories/memories'	2
m EH m OW z	memo's/memos	2
m EH n AH n	mennan/mennen	2
m EH n ER	mehner/menor	2
m EH n IH f IY	menefee/menifee	2
m EH n d	mend/mende	2
m EH n d EH z	mendez/mendez(2)	2
m EH n s ER	mencer/menser	2
m EH n t	meant/mente	2
m EH n t AO r z	mentor's/mentors(2)	2
m EH n t ER	menter/mentor(2)	2
m EH r AH l AH n	marilyn/marilynn	2
m EH r AH n	marron/mehran	2
m EH r AH s	marous/meris	2
m EH r IH NG	maring/mehring	2
m EH r IH m AE k	merrimac/merrimack	2
m EH r IH n	marin/merrin	2
m EH r IY AH n z	marian's/marion's	2
m EH r IY AH t	marriott/merriott	2
m EH r IY ER	marier/merrier	2
m EH r IY z	marries/mary's	2
m EH r t AH n z	maertens/mehrtens	2
m EH s ER SH m IH t	messerschmidt/messerschmitt	2
m EH s ER l IY	messerli/messerly	2
m EH s IH k	mesick/messick	2
m EH s l ER	mesler(2)/messler	2
m EH s n ER	mesner/messner	2
m EH s t	messed/mest	2
m EH s t AH z	maestas/mestas	2
m EH s t ER	mester/mestre	2
m EH t	met/mette	2
m EH t AH	mehta/mete(2)	2
m EH t AH l	metal/mettle	2
m EH t AH m AO r f AH s AH s	metamorphasis/metamorphosis	2
m EH t ER	metter/mettur	2
m EH t r AH p AA l AH t AH n z	metropolitan's/metropolitans	2
m EH t r IH k	metric/metrick	2
m EH t r OW b AE NG k	metrobanc/metrobank	2
m EH t s g ER	metzgar/metzger	2
m EH t s k ER	metsker/metzker	2
m EH v AA r AH CH AH z	mevarach's/mevarachs	2
m EH z AH l s AH n	meselsohn/meselson	2
m EH z OW	mezo/mezzo	2
m ER AA f s k IY	morawski/murawski	2
m ER AA s k IY	moraski/muraski	2
m ER AE n d AH	maranda/miranda	2
m ER EH l	mirelle/morel	2
m ER EY	morais/moray	2
m ER EY n	morain/moraine	2
m ER IH d IY AH n	meridian/meridien	2
m ER IY n OW	marino/merino	2
m ER IY n OW z	marino's/marinos	2
m ER IY z	marie's/murray's	2
m ER JH ER z	merger's/mergers	2
m ER OW l AH	merola/merolla	2
m ER OW s	marose/morose	2
m ER d AA k	murdoch/murdock	2
m ER d ER ER z	murderer's/murderers	2
m ER f	murff/murph	2
m ER f IY	murphey/murphy	2
m ER f IY z	murphy's/murphys	2
m ER f r IY	murphree/murphrey	2
m ER k AH l	merkel/merkle	2
m ER k ER	merker/merkur	2
m ER k IH n	merkin/mirkin	2
m ER k IY	merkey/murky	2
m ER k l AE n d	mercland/murkland	2
m ER k s	merc's/merck's	2
m ER l	merl/merle	2
m ER n AH	mirna/myrna	2
m ER n AH n	murnan/murnane	2
m ER n OW	morneau/morneault	2
m ER s EY d IY z IH z	mercedes's(2)/mercedeses	2
m ER s IY	merci/mercy	2
m ER t s	mertz/mirtz	2
m ER v	merv/mirv	2
m ER v IH n	mervin/mervyn	2
m ER w IH n	merwin/merwyn	2
m ER z	mers/merz	2
m EY JH ER	majer/major	2
m EY JH IY	magie/meiji	2
m EY b AH l	mabel/mable	2
m EY b AH n	mabon/mayben	2
m EY b EH r IY	mayberry/maybury	2
m EY g ER	mager(2)/meigher	2
m EY h j UW	mayhew/mayhue	2
m EY k AH p	make-up/makeup	2
m EY l ER	mailer/maler	2
m EY l ER z	mailer's/mailers	2
m EY l EY	malay/melee	2
m EY l IH NG	mailing/mei-ling	2
m EY n ER d	mainard/maynard	2
m EY n ER z	mainers/maners	2
m EY n OW	maino/meno	2
m EY r	mayr/meir	2
m EY s	mace/mais	2
m EY s AH n z	mason's/masons	2
m EY s IY	macey/macy	2
m EY s IY z	macy's/macys	2
m EY s w AA n	macewan(2)/macewen(2)	2
m EY t IY	maiti/matey	2
m EY t r IH k s IH z	matrix's/matrixes	2
m EY v AH n z	maven's/mavens	2
m EY z AH n	maison/mayson	2
m EY z ER	maser/mazer	2
m EY z IY	maisie/mazie	2
m IH CH AA l s k IY	michalski/michalsky	2
m IH CH AH m	mitcham/mitchum	2
m IH CH AH n	michon/mitchen	2
m IH CH n ER	michener/mitchner	2
m IH JH AH t s	midgets/midgett's	2
m IH JH IH z	midge's/midges(2)	2
m IH NG k l ER	minckler/minkler	2
m IH NG k s	mincks/minks	2
m IH SH	misch/mish	2
m IH SH AH	mischa/misha	2
m IH SH AH l AH n	michelin/micheline	2
m IH SH AH n z	mission's/missions	2
m IH SH l ER	mischler(2)/mishler	2
m IH d j EH t	midyett/midyette	2
m IH d l AE n d z	midland's/midlands	2
m IH k AH l AE n JH AH l OW z	michelangelo's(2)/michelangelos(2)	2
m IH k AH l s AH n	mickelsen/mickelson	2
m IH k AH s UW k IY	miccosukee/micosukee	2
m IH k IH SH	mickish/mikesh	2
m IH k IH l s AH n	mikelson/mikkelson	2
m IH k UW l IH k	mikulec/mikulic	2
m IH k s AH n	mixon/mixson	2
m IH k s AH p	mix-up/mixup	2
m IH k s t	mixed/mixte	2
m IH l AH l IY t ER	milliliter/millilitre	2
m IH l AH l IY t ER z	milliliters/millilitres	2
m IH l AH m IY t ER	millimeter/millimetre	2
m IH l AH m IY t ER z	millimeters/millimetres	2
m IH l AH t	millet/milot	2
m IH l EH s k IY	meleski/mileski	2
m IH l ER	millar/miller	2
m IH l ER z	miller's/millers	2
m IH l IH JH	millage/milledge	2
m IH l IH SH AH z	militia's(2)/militias(2)	2
m IH l IH k AH n	millican/milliken	2
m IH l IH s IH n t	milicent/millicent	2
m IH l b AE NG k	milbank/millbank	2
m IH l b ER n	milburn/millburn	2
m IH l b UH r n	milbourn/milbourne	2
m IH l j AH n EH r z	millionaire's/millionaires	2
m IH l k	milk/milke	2
m IH l k OW	milco/milko	2
m IH l m AH n	millman/milman	2
m IH l n	milln/milne	2
m IH l n ER	millner/milner	2
m IH l s AE p	millsap/milsap	2
m IH l s t AY n	millstein/milstein	2
m IH l s t IY n	millstein(2)/milstein(2)	2
m IH l w ER d	millward/milward	2
m IH m	mihm/mim	2
m IH n AA r d	menard/minard	2
m IH n AH	mina(2)/minna	2
m IH n EH l IY	minelli/minnelli	2
m IH n IH CH	minich/minnich	2
m IH n IH h AE n	minehan/minihan	2
m IH n IH k	minick/minnick	2
m IH n IH k s	minix/minnix	2
m IH n IH r	menear/minear	2
m IH n IH t	minet/minit	2
m IH n IY z	minis/minnie's	2
m IH n UW SH IY AH	minutia/minutiae	2
m IH n s IY	mincey/mincy	2
m IH n z	mihn's/minns	2
m IH r AH	mira/mirra	2
m IH r AH n	mirren/myhren	2
m IH r ER z	mirror's/mirrors	2
m IH r IH l AH	mirilla/myrilla	2
m IH r IY AH m	miriam/myriam	2
m IH r OW	miro/miro(2)	2
m IH r OW z	miro's/miro's(2)	2
m IH r l IY	merely/myrlie	2
m IH r t IH s	myrtice/myrtis	2
m IH r z	mears/mir's	2
m IH s	mis/miss	2
m IH s IH s IH p IY z	mississippi's/mississippis	2
m IH s m AE CH	mismatch/mismatch(2)	2
m IH s t IH k	mistic/mystic	2
m IH s t r AH s	mistress/mistrusts(2)	2
m IH s t r AY AH l	mistrial/mistrial(2)	2
m IH s t r AY AH l z	mistrials/mistrials(2)	2
m IH t	mit(2)/mitt	2
m IH t AH l m AH n	mittelman/mittleman	2
m IH t IH l s t EH t	mittelstaedt/mittelsteadt	2
m IH t IY	miltie/miti	2
m IH t m AH n	mitman/mittman	2
m IH z	ms/ms.	2
m IH z AH l	mizell/mizzell	2
m IH z n ER	misner/mizner	2
m IY AH n	meehan/meighan(2)	2
m IY d	mead/meade	2
m IY d ER z	meaders/meadors	2
m IY k AH l	meikle/mikal	2
m IY k ER	meaker/meeker	2
m IY k EY l AH	micaela/mikaela	2
m IY l IY	mealey/mealy	2
m IY l z	meal's/meals	2
m IY m IY z	mimi's/mimis	2
m IY n AH	mena/mina	2
m IY n ER	meaner/meanor	2
m IY n IY	meaney/meany	2
m IY n OW	mieno/mino	2
m IY n z	means/means'	2
m IY r AH	meara/miera	2
m IY t AH	meta/mita	2
m IY t ER	meter/metre	2
m IY t ER AE n d	mitterand(2)/mitterrand(2)	2
m IY t ER AE n d z	mitterand's(2)/mitterrand's	2
m IY t ER AO n d	mitterand/mitterrand	2
m IY t ER z	meters/metres	2
m IY t IH NG z	meeting's/meetings	2
m IY t IY ER	meatier/meteor	2
m IY t IY ER AA l AH JH IH s t s	meteorologist's/meteorologists	2
m OW AH t	mowat/mowatt	2
m OW ER z	moers/mowers	2
m OW SH EH	moishe/moshe	2
m OW ZH ER	mosher/mosier	2
m OW b AH l	mobil/mobile	2
m OW h AA m EH d	mohamed/mohammad	2
m OW l	mohl/mole	2
m OW l d	mold/mould	2
m OW l d AH n	molden/moulden	2
m OW l d ER	molder/moulder	2
m OW l d IH NG	molding/moulding	2
m OW l d IH NG z	moldings/mouldings	2
m OW l d IY	moldy/mouldy	2
m OW l d z	molds/moulds	2
m OW l m AH n	moehlman/mohlman	2
m OW l n ER	molnar/molner	2
m OW m AH n t s	moment's/moments	2
m OW n z	moans/mones	2
m OW s k OW	mosco/mosko	2
m OW t	moat/mote	2
m OW t AH l	motile/motyl	2
m OW t OW l AH	motola/mottola	2
m OW t s	moats/motes	2
m OW z	moes/mose	2
m OY	moy/moye	2
m OY ER z	moyer's/moyers	2
m OY l	moyl/moyle	2
m OY n AH	moina/moyna	2
m OY z	moise/moyes	2
m UH h AA m EH d	muhamed/muhammed	2
m UH h AA m EH d z	muhamed's/muhammed's	2
m UH r AH	moura/mura	2
m UH r h AW s	moorehouse/moorhouse	2
m UH r h EH d	moorehead/moorhead	2
m UH r l AE n d z	moorland's/moorlands	2
m UH r m AH n	moorman/moormann	2
m UW JH AH h EH d IY n	mujahedeen/mujahideen	2
m UW d IY	moodie/moody	2
m UW d z	mood's/moods	2
m UW g	moog/muegge	2
m UW m AO	moomaw/mumaw	2
m UW n	moon/moone	2
m UW n IY	mooney/moonie	2
m UW n z	moon's/moons	2
m UW s	moose/mousse	2
m UW s OW	mousseau/musso	2
m UW t IY	mooty/muti	2
m UW t s	moots/mootz	2
m UW v IY z	movie's/movies	2
m UW v m AH n t s	movement's/movements	2
m UW z	moos/muise	2
m j UH r IY AH l	murial/muriel	2
m j UW k AH s	mucous/mucus	2
m j UW l	muehl/mule	2
m j UW l ER	muehler/mueller	2
m j UW n IY	muni/munni	2
m j UW s IH k	musich/musick	2
m j UW z IH k	music/muzik	2
m j UW z IH k AH	musica/muzyka	2
m j UW z IH k s	music's/musics	2
m j UW z IY AH m	museum/museum(2)	2
n AA CH	knoche/notch	2
n AA TH	knoth/noth	2
n AA b l IH t	noblett/noblitt	2
n AA b r IH g AH	nobrega/nobriga	2
n AA f s IH n JH ER	noffsinger/nofsinger	2
n AA j AA r	najar/najjar	2
n AA k s	knocks/knox	2
n AA l AH n	nolen/nollan	2
n AA l IY	nolie/nolley	2
n AA m	nahm(2)/nom	2
n AA m AH n IY z	nominee's/nominees	2
n AA n	naan/non	2
n AA n AE g r IH k AH l CH ER AH l	non-agricultural/nonagricultural	2
n AA n AE k AH d EH m IH k	non-academic/nonacademic	2
n AA n AE l k AH h AA l IH k	non-alcoholic/nonalcoholic	2
n AA n AH g OW SH AH b AH l	non-negotiable/nonnegotiable	2
n AA n AH g z IH s t AH n t	non-existent/nonexistent	2
n AA n AH l AY n	non-align/nonalign	2
n AA n AH l AY n d	non-aligned/nonaligned	2
n AA n AO p ER EY t IH NG	non-operating/nonoperating	2
n AA n AO t OW m OW t IH v	non-automotive/nonautomotive	2
n AA n EH k AH n AA m IH k	non-economic/noneconomic	2
n AA n EH n t AH t IY	non-entity/nonentity	2
n AA n EY t IH v	non-native/nonnative	2
n AA n EY t IH v z	non-natives/nonnatives	2
n AA n IH g z EH k j AH t IH v	non-executive/nonexecutive	2
n AA n IH k s k l UW s IH v	non-exclusive/nonexclusive	2
n AA n IH l EH k t r IH k AH l	non-electrical/nonelectrical	2
n AA n IH m AH k ER	non-nemacher/nonnemacher	2
n AA n IH m ER JH AH n s IY	non-emergency/nonemergency	2
n AA n IH n f l EY SH AH n EH r IY	non-inflationary/noninflationary	2
n AA n IH n t ER f IH r AH n s	non-interference/noninterference	2
n AA n IH n t ER v EH n SH AH n	non-intervention/nonintervention	2
n AA n IH n t r AH s t	non-interest/noninterest	2
n AA n IH s EH n SH AH l	non-essential/nonessential	2
n AA n IH v EH n t	non-event/nonevent	2
n AA n JH EH t	non-jet/nonjet	2
n AA n JH EH t s	non-jets/nonjets	2
n AA n UW k l IY ER	non-nuclear/nonnuclear	2
n AA n b AE NG k	non-bank/nonbank	2
n AA n b AE NG k IH NG	non-banking/nonbanking	2
n AA n b AY n d IH NG	non-binding/nonbinding	2
n AA n b AY t IH NG	non-biting/nonbiting	2
n AA n b IH l d IH NG	non-building/nonbuilding	2
n AA n b IH z n AH s	non-business/nonbusiness	2
n AA n d AA l ER	non-dollar/nondollar	2
n AA n d ER EH k t	non-direct/nondirect	2
n AA n d IH d AH k t IH b AH l	non-deductible/nondeductible	2
n AA n d IH f EH n s	non-defense/nondefense	2
n AA n d IH s k r IH m AH n AH t	non-discriminate/nondiscriminate	2
n AA n d IH s k r IH m AH n AH t AO r IY	non-discriminatory/nondiscriminatory	2
n AA n d IH s k r IH m IH n EY SH AH n	non-discrimination/nondiscrimination	2
n AA n d IH s k r IH p t	non-descript/nondescript	2
n AA n d UH r AH b AH l	non-durable/nondurable	2
n AA n d UH r AH b AH l z	non-durables/nondurables	2
n AA n f AA r m	non-farm/nonfarm	2
n AA n f AE t	non-fat/nonfat	2
n AA n f AH n AE n SH AH l	non-financial/nonfinancial	2
n AA n f AY n AE n SH AH l	non-financial(2)/nonfinancial(2)	2
n AA n f EH r AH s	non-ferrous/nonferrous	2
n AA n f EY t AH l	non-fatal/nonfatal	2
n AA n f IH k SH AH n	non-fiction/nonfiction	2
n AA n f UW d	non-food/nonfood	2
n AA n g AH v ER n m AH n t	non-government/nongovernment	2
n AA n g AH v ER n m EH n t AH l	non-governmental/nongovernmental	2
n AA n g r IY k	non-greek/nongreek	2
n AA n h j UW m AH n	non-human/nonhuman	2
n AA n h w AY t	non-white(2)/nonwhite(2)	2
n AA n h w AY t s	non-whites(2)/nonwhites(2)	2
n AA n j UW n j AH n	non-union/nonunion	2
n AA n j UW n j AH n AY z d	non-unionized/nonunionized	2
n AA n j UW t IH l IH t IY	non-utility/nonutility	2
n AA n k AA m j UW n IH s t	non-communist/noncommunist	2
n AA n k AA m j UW n IH s t s	non-communists/noncommunists	2
n AA n k AA n t r AE k t	non-contract/noncontract	2
n AA n k AA n t r AH v ER SH AH l	non-controversial/noncontroversial	2
n AA n k AE SH	non-cash/noncash	2
n AA n k AH m ER SH AH l	non-commercial/noncommercial	2
n AA n k AH m IH t AH l	non-committal/noncommittal	2
n AA n k AH m b AE t AH n t	non-combatant/noncombatant	2
n AA n k AH m b AE t AH n t s	non-combatants/noncombatants	2
n AA n k AH m p EH t AH t IH v	non-competitive/noncompetitive	2
n AA n k AH m p IY t	non-compete/noncompete	2
n AA n k AH m p l AY AH n s	non-compliance/noncompliance	2
n AA n k AH n f AO r m AH s t s	non-conformists/nonconformists	2
n AA n k AH n f AO r m AH t IY	non-conformity/nonconformity	2
n AA n k AH n f AO r m IH s t	non-conformist/nonconformist	2
n AA n k AH n v ER t AH b AH l	non-convertible/nonconvertible	2
n AA n k AO l AH b AH l	non-callable/noncallable	2
n AA n k AO r	non-core/noncore	2
n AA n k AO r p r AH t	non-corporate/noncorporate	2
n AA n k j UW m j AH l AH t IH v	non-cumulative/noncumulative	2
n AA n k r IH m IH n AH l	non-criminal/noncriminal	2
n AA n k w AA l AH f AY d	non-qualified/nonqualified	2
n AA n l AH t ER JH IH k AH l	non-liturgical/nonliturgical	2
n AA n l IH n IY ER	non-linear/nonlinear	2
n AA n l IY TH AH l	non-lethal/nonlethal	2
n AA n m AE n IH JH m AH n t	non-management/nonmanagement	2
n AA n m AE n j AH f AE k CH ER IH NG	non-manufacturing/nonmanufacturing	2
n AA n m EH m b ER	non-member/nonmember	2
n AA n m EH m b ER z	non-members/nonmembers	2
n AA n m IH l AH t EH r IY	non-military/nonmilitary	2
n AA n p AA r t AH z AH n	non-partisan/nonpartisan	2
n AA n p AE s IH f IH s t	non-pacifist/nonpacifist	2
n AA n p AE s IH f IH s t s	non-pacifists/nonpacifists	2
n AA n p AH b l IH k	non-public/nonpublic	2
n AA n p AH l IH t IH k AH l	non-political/nonpolitical	2
n AA n p ER f AO r m IH NG	non-performing/nonperforming	2
n AA n p EY IH NG	non-paying/nonpaying	2
n AA n p EY m AH n t	non-payment/nonpayment	2
n AA n p OY z AH n AH s	non-poisonous/nonpoisonous	2
n AA n p l AH s	non-pluss/nonpluss	2
n AA n p l AH s t	non-plussed/nonplussed	2
n AA n p l EY n ER	non-planar/nonplanar	2
n AA n p r AH d AH k t IH v	non-productive/nonproductive	2
n AA n p r AH f EH SH AH n AH l	non-professional/nonprofessional	2
n AA n p r AH f EH SH AH n AH l z	non-professionals/nonprofessionals	2
n AA n p r AH s k r IH p SH AH n	non-prescription/nonprescription	2
n AA n r EH g j AH l EY t IH d	non-regulated/nonregulated	2
n AA n r EH z AH d AH n t	non-resident/nonresident	2
n AA n r EH z AH d AH n t s	non-residents/nonresidents	2
n AA n r EH z AH d EH n SH AH l	non-residential/nonresidential	2
n AA n r EY SH AH l	non-racial/nonracial	2
n AA n r IH f AH n d AH b AH l	non-refundable/nonrefundable	2
n AA n r IH k ER IH NG	non-recurring/nonrecurring	2
n AA n r IH l IH JH AH s	non-religious/nonreligious	2
n AA n r IH s p AA n s IH v	non-responsive/nonresponsive	2
n AA n r IH s t r IH k t IH d	non-restricted/nonrestricted	2
n AA n r IY n UW AH b AH l	non-renewable/nonrenewable	2
n AA n r IY s t r IH k t IH d	non-restricted(2)/nonrestricted(2)	2
n AA n r OW m AH n	non-roman/nonroman	2
n AA n r UW l IH NG	non-ruling/nonruling	2
n AA n s EH k t EH r IY AH n	non-sectarian/nonsectarian	2
n AA n s EH k w IH t ER	non-sequitor/non-sequitur	2
n AA n s EH k w IH t ER z	non-sequitors/non-sequiturs	2
n AA n s EH n s	non-sense/nonsense	2
n AA n s ER JH IH k AH l	non-surgical/nonsurgical	2
n AA n s m OW k ER	non-smoker/nonsmoker	2
n AA n s m OW k IH NG	non-smoking/nonsmoking	2
n AA n s p AH s IH f IH k	non-specific/nonspecific	2
n AA n s p AO r t IH NG	non-sporting/nonsporting	2
n AA n s t AA p	non-stop/nonstop	2
n AA n s t AA p s	non-stops/nonstops	2
n AA n s t AA r t ER	non-starter/nonstarter	2
n AA n s t AA r t ER z	non-starters/nonstarters	2
n AA n s t AE n d ER d	non-standard/nonstandard	2
n AA n s t IH k	non-stick/nonstick	2
n AA n s t r AH t IY JH IH k	non-strategic/nonstrategic	2
n AA n t AA k s IH k	non-toxic/nontoxic	2
n AA n t AE k s AH b AH l	non-taxable/nontaxable	2
n AA n t EH k n IH k AH l	non-technical/nontechnical	2
n AA n t r AE n s f ER AH b AH l	non-transferable/nontransferable	2
n AA n t r AH d IH SH AH n AH l	non-traditional/nontraditional	2
n AA n v AA l AH t AH l	non-volatile/nonvolatile	2
n AA n v AY AH l AH n s	non-violence/nonviolence	2
n AA n v AY AH l AH n t	non-violent/nonviolent	2
n AA n v ER b AH l	non-verbal/nonverbal	2
n AA n v OW t IH NG	non-voting/nonvoting	2
n AA n w AY t	non-white/nonwhite	2
n AA n w AY t s	non-whites/nonwhites	2
n AA n w OW v AH n z	non-wovens/nonwovens	2
n AA n w OW v IH n	non-woven/nonwoven	2
n AA p	knop/knopp	2
n AA r AA m AO r	naramore/narramore	2
n AA r l	gnarl/gnarle	2
n AA r l IY	gnarly/narly	2
n AA t AA l IY	natale/natali	2
n AA v AA r	navar/navarre	2
n AA v AH l z	novel's/novels	2
n AA v AH s	navas/novice	2
n AE CH EH z	natchez/natchez'	2
n AE SH	gnash/nash	2
n AE SH AH n AH l	national/nationale(2)	2
n AE SH AH n AH l z	national's/nationals	2
n AE SH n AH l z	national's(2)/nationals(2)	2
n AE d j AH	nadia/nadja	2
n AE f z IH g ER	naffziger/nafziger	2
n AE g z	knaggs/nags	2
n AE l IY	nalley/nally	2
n AE m	nahm/nam	2
n AE n	gnann/nan	2
n AE n AH	nana/nanna	2
n AE n t s	nantes/nantz	2
n AE p AH	napa/nappa	2
n AE p ER	knapper/napper	2
n AE p s	knapp's/naps	2
n AE s ER	nassar/nasser	2
n AE t	gnat/nat	2
n AE t IY	nattie/natty	2
n AE t s	gnats/nats	2
n AE v AH g EY SH AH n	navigation/navigation(2)	2
n AE v ER EH t	navarette/navarrette	2
n AH TH IH NG z	nothing's/nothings	2
n AH m b ER z	number's/numbers	2
n AH n AH l IY	nunnally/nunnelly	2
n AH s b AA m	nusbaum(2)/nussbaum(2)	2
n AH s b AW m	nusbaum/nussbaum	2
n AH t	nut/nutt	2
n AH t s	nut's/nuts	2
n AO n t ER b OW	non-turbo/nonturbo	2
n AO n t ER b OW z	non-turbos/nonturbos	2
n AO r AH	nora/norah	2
n AO r AH l	norell/norrell	2
n AO r IY	norrie/norry	2
n AO r TH IY s t	north-east/northeast	2
n AO r TH k AH t	northcott/northcutt	2
n AO r TH r AH p	northrop/northrup	2
n AO r TH r AH p s	northrop's/northrup's	2
n AO r d AH n	nordan/norden	2
n AO r d m AH n	nordman/nordmann	2
n AO r d s t r AH m z	nordstrom's/nordstroms	2
n AO r m AH n d IY	normandie/normandy	2
n AO r m IY	normie/normy	2
n AO r s	norse/nourse	2
n AO r w IH n	norwin/norwyn	2
n AW	gnau/now	2
n AW ER	knauer/nauer	2
n AW m AH n	nauman/naumann	2
n AY AH m	niam/niamh	2
n AY CH r AH g l IH s ER AH n	nitroglycerin(3)/nitroglycerine(3)	2
n AY b ER g	neiberg/nyberg	2
n AY d h AA r t	neidhardt/neidhart	2
n AY k AO r	nicor/nycor	2
n AY k IY	nike/nikkei(3)	2
n AY k IY z	nike's/nikes(2)	2
n AY l	niall/nile	2
n AY l z	niles/nilles	2
n AY n ER z	niners/niners'	2
n AY s AH n	neisen/nicen	2
n AY s l IY	knicely/nicely	2
n AY t AH n	knighten/knighton	2
n AY t IH NG g AH l z	nightengale's/nightengales	2
n AY t l AY n z	nightline's/nightlines	2
n AY t l IY	knightly/nightly	2
n AY t r AH g l IH s ER AH n	nitroglycerin(2)/nitroglycerine(2)	2
n AY t r OW g l IH s ER AH n	nitroglycerin/nitroglycerine	2
n EH b AH l	knebel/nebel	2
n EH d	ned/nedd	2
n EH f j UW z	nephew's/nephews	2
n EH k	nec/neck	2
n EH k t	knecht/necked	2
n EH l AH	nela/nella	2
n EH l ER	kneller/neller	2
n EH l s AH n	nelsen/nelson	2
n EH m IH t s	nemetz/nemitz	2
n EH r AH	naira/neira	2
n EH r AH n	nerone/nerren	2
n EH r EY t s	narrates/narrates(2)	2
n EH r IY	nary/neri	2
n EH r n	nairn/nairne	2
n EH s AH l	nessel/nestle	2
n EH s AH l ER	nesler/nestler	2
n EH s AH l z	nestle's/nestles	2
n EH s t	nest/neste	2
n EH s t ER	nester/nestor	2
n EH t	net/nett	2
n EH t IY	nettie/netty	2
n EH t OW	neto/netto	2
n EH t s	nets/netz	2
n EH v AH l z	nevels/nevils	2
n EH v IH l	nevill/neville	2
n EH v IH n z	nevin's/nevins	2
n ER	nurr/nurre	2
n ER s AH z	nurses/nurses'	2
n ER v AA n AH z	nirvana's(2)/nirvanas(2)	2
n EY CH ER z	nature's/natures	2
n EY ER	neher/neyer	2
n EY SH AH n z b AE NG k	nationsbanc/nationsbank	2
n EY SH AH n z b AE NG k s	nationsbanc's/nationsbank's	2
n EY b ER IH NG	neighboring/neighbouring	2
n EY b ER h UH d	neighborhood/neighbourhood	2
n EY b ER l IY	neighborly/neighbourly	2
n EY d ER	nader/nadir	2
n EY g AH l	nagel/nagle	2
n EY l ER	nailor/naylor	2
n EY m AH n	naiman/neyman	2
n EY m z	name's/names	2
n EY s	naas(2)/nace	2
n EY t OW	naito/nato	2
n EY v	knave/nave	2
n EY v AH l	naval/navel	2
n EY v IY z	navies/navy's	2
n EY z	nase/nays	2
n EY z ER	naser/nazer	2
n IH b	nib/nibbe	2
n IH g	knigge/nigg	2
n IH g ER z	nigger's/niggers	2
n IH g OW SH IY EY t ER z	negotiator's/negotiators	2
n IH k AH l AO f	nickoloff/nicoloff	2
n IH k AH l AW z	nicolaus/nikolaus	2
n IH k AH l AY	nicholi/nickolay	2
n IH k AH l EH t	nicolet/nicolette	2
n IH k OW l AY	nicolae/nikolai	2
n IH k OW l s AH n	nickolson/nicolson	2
n IH k OW l z	nicholes/nicole's	2
n IH k l AH s IH z	nicholas's(2)/nicklaus's	2
n IH k n AE k	knick-knack/knickknack	2
n IH k n AE k s	knick-knacks/knickknacks	2
n IH k s AH n	nickson/nixon	2
n IH k s AH n z	nixon's/nixons	2
n IH m f OW m EY n IY AE k s	nymphomaniac's/nymphomaniacs	2
n IH p AA n	nipon/nippon	2
n IH p ER	knipper/nipper	2
n IH r AH n b ER g	nerenberg/nierenberg	2
n IH r OW	nero/niro	2
n IH r v AA n AH z	nirvana's/nirvanas	2
n IH s AH	nissa/nyssa	2
n IH s EY	nisei/nissei	2
n IH s l IY	knisley/nissley	2
n IH t	knit/nit	2
n IH t AH l	knittel/knittle	2
n IH t r AA s AH m IY n z	nitrosamines/nitrosomines	2
n IH t s	knits/nitz	2
n IY d AH l m AH n	needelman/needleman	2
n IY d ER	neider/nieder	2
n IY d ER m AY ER	niedermeier/niedermeyer	2
n IY d IH NG	kneading/needing	2
n IY g r OW z	negroes/negros	2
n IY k OW l IY	niccoli/nicoli	2
n IY k OW l IY n IY	nicoline/nicolini	2
n IY l AH	neala/nila	2
n IY l AH n	nealon/neilan	2
n IY l AH n d	kneeland/nieland	2
n IY m AY ER	niemeier/niemeyer	2
n IY n	nein/nene	2
n IY n OW	nienow/nino	2
n IY p	kneip/kniep	2
n IY s AA n z	nissan's/nissans	2
n IY s IH z	niece's/nieces	2
n IY t	neat/neet	2
n IY t AH	nita/nitta(2)	2
n IY t OW	nieto/nito	2
n IY v z	neaves/neves	2
n OW EH l	noel/noelle	2
n OW b AA d IY z	nobodies/nobody's	2
n OW b AH d IY z	nobodies(2)/nobody's(2)	2
n OW b AH l z	noble's/nobles	2
n OW d AH l	knodel/knodle	2
n OW g EY r AA	nogueira/noguera	2
n OW g OW	knogo/no-go	2
n OW k	knoke/noack	2
n OW k s	noakes/nokes	2
n OW l AH	nola/nolla	2
n OW l d	nold/nolde	2
n OW l t	nolt/nolte	2
n OW m AE d z	nomad's/nomads	2
n OW m IY	noami/nomi	2
n OW m z	gnomes/nome's	2
n OW p	knope/nope	2
n OW t IH s	notice(2)/notis	2
n OW v AE k	novak/nowak	2
n OW v AH z	nova's/novas	2
n OY	knoy/neu	2
n OY z	noise/noyes	2
n UW IY	neue/newey	2
n UW JH AH n t	neugent/nugent	2
n UW b AW ER	neubauer/newbauer	2
n UW b ER	neuber/nuber	2
n UW b IY	newbie/newby	2
n UW f ER	nufer/nuhfer	2
n UW h AA r t	neuhart/newhart	2
n UW h AW s	neuhaus/newhouse	2
n UW k AO r	newcor/nucor	2
n UW l AH n d	newland/nuland(2)	2
n UW l IH n	newlin/newlyn	2
n UW l IY	newley/newly	2
n UW n	noon/noone	2
n UW n z	noons/nunes	2
n UW s	noose/nous	2
n UW s AH n	newson/nusen	2
n UW t AW n	newtown/newtowne	2
n UW t s	newt's/newts	2
n UW v IH l	neuville/newville	2
n UW z	news/news'	2
n UW z l EH t ER z	newsletter's/newsletters	2
n UW z r UW m z	newsroom's/newsrooms	2
n j UW	knew(2)/new(2)	2
p AA SH	paasch/posh	2
p AA d z	pod's/pods	2
p AA k	poch/pock	2
p AA k s	pocks/pox	2
p AA l	pahl/pall	2
p AA l AA d IY n OW	paladino/palladino	2
p AA l AH k s	pollack's/pollux	2
p AA l AH n	pollan/pollen	2
p AA l AH s IY z	policies/policy's	2
p AA l AH t IH k s	politics/politics'	2
p AA l IH k	polich/pollick	2
p AA l IY z	polly's/poly's	2
p AA l m	palm(2)/palme(2)	2
p AA m	palm/palme	2
p AA m ER	palmer/pommer	2
p AA m ER AE n s	pomerance/pomeranz	2
p AA n IY AE k s	pontiac's(2)/pontiacs(2)	2
p AA n OW s	pahnos/panos	2
p AA n d z	pond's/ponds	2
p AA n t	pont/ponte	2
p AA n t IY AE k s	pontiac's/pontiacs	2
p AA n t s	pont's/ponts	2
p AA p AA r AO z IY z	paparazzi's/paparazzis	2
p AA p AH	papa/poppa	2
p AA p AH l	poppell/popple	2
p AA p IY z	poppies/poppy's	2
p AA p j AH l AH s	populace/populous	2
p AA p s	pop's/pops	2
p AA r CH	parch/partch	2
p AA r EH l AH	parella/parrella	2
p AA r EH n t IY	parente/parenti	2
p AA r IH l OW	parillo/parrillo	2
p AA r SH AH l	parshall/partial	2
p AA r SH l IY	parshley/partially(2)	2
p AA r d AH n	parden/pardon	2
p AA r d OW	pardo/pardoe	2
p AA r k ER z	parker's/parkers	2
p AA r k m AH n	parchman/parkman	2
p AA r l AH m AH n t s	parliament's/parliaments	2
p AA r l IY	parlee/parley	2
p AA r s AH l	parcel/parsell	2
p AA r s AH l z	parcells/parcels	2
p AA r s IH f AH l	parsefal/parsifal	2
p AA r t	part/parte	2
p AA r t AH n	parten/parton	2
p AA r t IH s AH p AH n t s	participants/participants'	2
p AA r t t AY m	part-time/parttime	2
p AA r z	par's/pars	2
p AA s AH l	possehl/postle	2
p AA s k OW	pasco/pasko	2
p AA s t AH l	postel/postell	2
p AA t	pot/pott	2
p AA t ER z	potter's/potters	2
p AA t IY t	poteet/poteete	2
p AA v EH l s k IY	pawelski/pawelsky	2
p AA v l AH k	pavlak/pawluk	2
p AA z	pas/paz	2
p AA z n ER	pazner/pozner	2
p AE JH AH t	paget/pagett	2
p AE NG k IY	pankki/panky	2
p AE NG k OW	panko/pankow	2
p AE SH AH l	paschal/paschall	2
p AE SH AH n	paschen/passion	2
p AE TH	path/pathe	2
p AE d AH k	paddack/paddock	2
p AE d IY z	paddies/paddy's	2
p AE k IH JH IH z	package's/packages(2)	2
p AE k IH t	packet(2)/packett	2
p AE k m AH n	packman/pacman	2
p AE k s AH n	paxon/paxson	2
p AE k t	packed/pact	2
p AE k t s	pact's/pacts	2
p AE l AH k	paluch/paluck	2
p AE l AH s	palace/pallas	2
p AE l AH s AH z	palace's/palaces	2
p AE l AH s IH z	palace's(2)/palaces(2)	2
p AE l AH t s	palates/pallets	2
p AE l IH s t IH n IY AH n z	palestinian's/palestinians	2
p AE l OW	pallo/palo	2
p AE l k AH	palca/palka	2
p AE l k OW	palco/palko	2
p AE l z	pal's/pals	2
p AE n AH l	panel/pannell	2
p AE n IH k s	panic's/panics	2
p AE n z	pan's/pans	2
p AE p	pap/papp	2
p AE r IH s	paris'(2)/paris(2)	2
p AE s OW	paso/passow	2
p AE s k AE l	pascal/pascale	2
p AE s m AH n	pasman/passman	2
p AE s t	passed/past	2
p AE s t ER n AE k	pasternack/pasternak	2
p AE s t ER z	pastor's/pastors	2
p AE t	pat/patt	2
p AE t ER s AH n	paterson/patterson	2
p AE t IH n	patin/pattin	2
p AE t IH s AH n	patteson/pattison	2
p AE t IY z	patties/patty's	2
p AE t r IH k s	patrick's/patricks	2
p AH JH IY	pudgie/pudgy	2
p AH JH IY z	pudgie's/pudgies	2
p AH b l IH SH IH NG z	publishing's/publishings	2
p AH b l IH k l IY	publically/publicly	2
p AH d OW l s k IY	podolski/podolsky	2
p AH g OW d AH z	pagoda's/pagodas	2
p AH k EH t	paquette/poquette	2
p AH l AA s k IY	polaski/polasky	2
p AH l IH n s k IY	polinski/polinsky	2
p AH l IY s IH z	police's/polices	2
p AH l OW n IY AH s	palonius/polonius	2
p AH n EH t AH	panetta/pinetta	2
p AH n EH t AH z	panetta's/pinetta's	2
p AH n d AH t	pandit/pundit	2
p AH n t	pundt/punt	2
p AH s	pus/puss(2)	2
p AH t EY t OW	potato/potatoe	2
p AH t n AH m	putnam/puttnam	2
p AH t n AH m z	putnam's/puttnam's	2
p AH t r OW l z	patrol's/patrols	2
p AH t s	putts/putz	2
p AH v IH l j AH n	pavilion/pavillion	2
p AO	paugh/paw	2
p AO l IH NG	pauling/pawling	2
p AO l IH n	paulin/paullin	2
p AO r IH NG	poring/pouring	2
p AO r SH AH	porsche/portia	2
p AO r SH IH z	porsche's(2)/porsches	2
p AO r d	pored/poured	2
p AO r t	port/porte	2
p AO r t AH	porta/puerto(2)	2
p AO r t ER	porter/puerto(3)	2
p AO r t ER z	porter's/porters	2
p AO r t f OW l IY OW z	portfolio's/portfolios	2
p AO z	pause/paws	2
p AO z n ER z	posner's(2)/posners(2)	2
p AW CH	pautsch/pouch	2
p AW ER p IY s IY z	powerpcs/powerpcs'	2
p AW l IY	paoli/powley	2
p AW n d	lb/pound	2
p AW n z	pound's(2)/pounds(2)	2
p AY AH n IH r z	pioneer's/pioneers	2
p AY AH s	pious/pius	2
p AY k	pike/pyke	2
p AY l	pile/pyle	2
p AY l AH t	pilate/pilot	2
p AY n	pine/pyne	2
p AY n z	pines/pynes	2
p AY p ER	piper/pyper	2
p AY r AA k s IY n	pyroxene/pyroxene(2)	2
p AY r AH t s	pirate's/pirates	2
p EH CH	petsch/petsche	2
p EH SH	pesch/pesh	2
p EH TH AH l	pethel/pethtel	2
p EH d AH l	pedal/peddle	2
p EH d AH l IH NG	pedaling/peddling	2
p EH d AH l z	pedals/peddles	2
p EH d AH n	peaden/peden	2
p EH d ER s AH n	pedersen/pederson	2
p EH d IY	peddie/peddy	2
p EH d l IH NG	pedaling(2)/peddling(2)	2
p EH g	peg/pegg	2
p EH g IY	peggie/peggy	2
p EH g z	peggs/pegs	2
p EH k	pech/peck	2
p EH k AH n IH n z	pecanins/pecanins'	2
p EH k ER	pecor/pekar	2
p EH k m AH n	pechman/peckman	2
p EH l AH m	pelham/pellum	2
p EH l AH p AH n IY ZH AH n	peleponnesian/peloponnesian	2
p EH l AH t	pellet/pelot	2
p EH l ER IH n	pelerin/pellerin	2
p EH l IH k AH n z	pelican's/pelicans	2
p EH l f r IY	pelfrey/pelphrey	2
p EH l k IY	pelkey/pelky	2
p EH l t s	pelts/peltz	2
p EH n AH	pena/penna	2
p EH n AH l	pennel/pennell	2
p EH n IH NG ER	peninger/penninger	2
p EH n IH g AA n z	pentagon's(2)/pentagons(2)	2
p EH n IH k	penick/pennick	2
p EH n IH k s	penix/pennix	2
p EH n s	pence/pense	2
p EH n t IH g AA n z	pentagon's/pentagons	2
p EH p AH l	peppel/pepple	2
p EH p ER	peper/pepper	2
p EH p ER d	peppard/peppered	2
p EH p ER z	pepper's/peppers	2
p EH p IH n	pepin/peppin	2
p EH r AH d IY	paradee/parody	2
p EH r AH t	parrot/parrott	2
p EH r EH t IY	pareti/paretti	2
p EH r IH NG	pairing/paring	2
p EH r IH SH IH z	parishes(2)/parrishes	2
p EH r IY	parry/perry	2
p EH r d	paired/pared	2
p EH s k IY	pesci/pesky	2
p EH t	pet/pett	2
p EH t IY t OW	petito/petitto	2
p EH t IY z	petteys/petties	2
p EH t r OW	petro/petrow	2
p EH t r OW n IY	petrone/petroni	2
p EH t r UW CH EH l IY	petruccelli/petrucelli	2
p EH z AH n t s	peasants/peasants'	2
p ER AA g	parag/pirog	2
p ER AA t IH s	peratis/peratis'	2
p ER AE t IH s	peratis'(2)/peratis(2)	2
p ER EH t IY	parretti/peretti	2
p ER IY n IY	perine/perini	2
p ER OW	pero/perot	2
p ER OW z	perot's/perots	2
p ER SH IH NG z	pershing's/pershings	2
p ER UW z	peru's/peruse	2
p ER d IY	purdie/purdy	2
p ER f AO r m ER z	performers/performers'	2
p ER f j UW m z	parfums/perfumes	2
p ER k AH v IH CH	perkovic/perkovich	2
p ER k IH n z	perkins'/perkins(2)	2
p ER k OW	perko/pirko	2
p ER k s	percs/perks	2
p ER l IY	pearly/perley	2
p ER l s t IY n	pearlstein(2)/perlstein(2)	2
p ER l z	pearls/perls	2
p ER m AH n EH n t EY	permanente/permenante	2
p ER m IH t	permit/permit(2)	2
p ER m IH t s	permits/permits(2)	2
p ER n AH l	pernell/purnell	2
p ER p AH t r EY t ER z	perpetrator's/perpetrators	2
p ER p AO r t	purport/purport(2)	2
p ER s AH n	person/persson	2
p ER s AH n z	person's/persons	2
p ER s EH l	percell/purcell	2
p ER s IH z	perses/purses	2
p ER s l IY	persley/pursley	2
p ER v ER t	pervert/pervert(2)	2
p ER v ER t s	perverts/perverts(2)	2
p ER v EY d	pervade/purveyed	2
p ER z	perz/purrs	2
p EY AH n	pay'n/payan	2
p EY CH EH k s	paychecks/paychex	2
p EY ER	payer/payeur	2
p EY JH	page/paige	2
p EY JH IH z	page's/pages(2)	2
p EY k	paik/pake	2
p EY l OW d z	payload's/payloads	2
p EY l z	pails/pales	2
p EY m ER	pamer/paymer	2
p EY n t ER	painter/paynter	2
p EY n t ER z	painter's/painters	2
p EY n z	pains/panes	2
p EY p AH l	papal/paypal	2
p EY p ER b AO j z	paperboy's/paperboys	2
p EY r OW l z	payroll's/payrolls	2
p EY s IH NG	pacing/pasing	2
p EY s IH z	pace's/paces	2
p EY s OW z	peso's/pesos	2
p EY s t	paced/paste	2
p EY t	pait/pate	2
p EY t IY	patey/paty	2
p EY t r IY AA r k s	patriarch's/patriarchs	2
p EY t r IY AH t s	patriot's/patriots	2
p IH CH ER	picher/pitcher	2
p IH CH ER z	pitcher's/pitchers	2
p IH JH AH n z	pigeon's/pigeons	2
p IH NG k AH s	pincus/pinkus	2
p IH NG k ER d	pinckard/pinkard	2
p IH NG k IY	pinkie/pinky	2
p IH NG k n IY	pinckney/pinkney	2
p IH NG p AO NG	ping-pong/pingpong	2
p IH g	pig/pigg	2
p IH g AH t	piggott/pigott	2
p IH g IY	piggee/piggy	2
p IH g m IY	pigmy/pygmy	2
p IH g z	pig's/pigs	2
p IH k AA r d	picard/pickard	2
p IH k AH n	picken/picon	2
p IH k AH n z	pickens/pickens'	2
p IH k AH p	pick-up/pickup	2
p IH k AH p s	pick-ups/pickups	2
p IH k IH t	picket/pickett	2
p IH k IY	picchi/picky	2
p IH k l ER	pichler(2)/pickler(2)	2
p IH k r AH l	pickrel/pickrell	2
p IH k s	picks/pix	2
p IH k t	picht/picked	2
p IH l ER	pillar/piller	2
p IH l ER d	pillard/pillared	2
p IH l IH JH ER z	pillager's/pillagers	2
p IH l g r AH m	pilgram/pilgrim	2
p IH l g r AH m z	pilgrim's/pilgrims	2
p IH m	pimm/pymm	2
p IH n	pin/pinn	2
p IH n IY OW	pineo/pinneo	2
p IH n OW	pineau/pinnow	2
p IH n OW k IY OW	pinnochio/pinocchio	2
p IH n j AH n	pinion/pinyan	2
p IH p	pip/pipp	2
p IH r	peer/pier	2
p IH r AH IY z	pyrenees/pyrenees'	2
p IH r IH k	pyhrric/pyrrhic	2
p IH r IY AH d z	period's/periods	2
p IH r OW n IY	pieroni/pirrone	2
p IH r z	peers/piers	2
p IH s t AH l	pistil/pistol	2
p IH t	pit/pitt	2
p IH t AH l	pittle/pytel	2
p IH t m AH n	pitman/pittman	2
p IH t n ER	pitner/pittner	2
p IH t r AW s k IY	petroski/petrowsky	2
p IH t s b ER g	pittsburg/pittsburgh	2
p IH z AE z	pizazz/pizzazz	2
p IY AE n AH	piana/piano(2)	2
p IY AE n AH s t s	pianist's/pianists	2
p IY AE n AH z	piano's(2)/pianos(2)	2
p IY AE n OW z	piano's/pianos	2
p IY AH n	paean/peon	2
p IY AH n IH s t s	pianist's(2)/pianists(2)	2
p IY AH n z	paeans/peons	2
p IY CH IH z	peaches(2)/piech's	2
p IY CH IY	peachey/peachy	2
p IY EH m	p.m./pm	2
p IY EY CH d IY	ph.d./phd	2
p IY k OW	peko/pico	2
p IY l ER	pealer/peeler	2
p IY n AH t	peanut/peanut(2)	2
p IY n AH t s	peanuts/peanuts(2)	2
p IY s IY z	pc's/pcs	2
p IY s m EY k ER z	peacemaker's/peacemakers	2
p IY t AH	peta/pita	2
p IY t ER	peter/pieter	2
p IY t ER m AH n	peterman/petermann	2
p IY t ER s AH n z	petersen's/peterson's	2
p IY t s AH z	pizza's/pizzas	2
p IY w IY	pee-wee/peewee	2
p IY z l IY	peaslee/peasley	2
p OW AH t s	poet's/poets	2
p OW g	poag/pogue	2
p OW k	poke/polk	2
p OW k IY	pokey/poky	2
p OW k s	pokes/polk's	2
p OW l AH n	polan/polen	2
p OW l AH s	polis/polus	2
p OW l ER	poehler/polar	2
p OW l ER OY d z	polaroid's/polaroids	2
p OW l IH NG	poling/polling	2
p OW l IY	poley/poli	2
p OW l IY n OW	polino/pollino	2
p OW l s t ER	pollster/polster	2
p OW p IH k	popek/popik	2
p OW s t AH n	posten/poston	2
p OW s t m AO r t EH m	post-mortem/postmortem	2
p OW s t r AO m AE t IH k	post-traumatic/posttraumatic(2)	2
p OW s t s	post's/posts	2
p OW z ER z	poseurs/poseurs(2)	2
p OW z n ER z	posner's/posners	2
p OY n ER	poyner/poynor	2
p OY n t	point/pointe	2
p OY n t ER	pointer/poynter	2
p OY n t s	point's/points	2
p OY r IY ER	poirier/poirrier	2
p UH SH AH p	push-up/pushup	2
p UH SH AH p s	push-ups/pushups	2
p UH l AH m	pullam/pullum	2
p UH l AH n	pullan/pullen	2
p UH l z	pulls/puls	2
p UW CH	pooch/puche	2
p UW l AH s	poolas/poulos	2
p UW l IY OW	pouliot/puleo	2
p UW l s AY d	pool-side/poolside	2
p UW l z	pool's/pools	2
p UW r	poor/poore	2
p UW r z	poor's/poors	2
p UW s AA n	pousson/pusan	2
p UW z OW	puzo/puzzo	2
p l AA CH EH k	placek/placzek	2
p l AA k	ploch/plock	2
p l AA t	plot/plott	2
p l AA z AH z	plaza's/plazas	2
p l AE NG k	planck/plank	2
p l AE n AH t s	planet's/planets	2
p l AE n t	plant/plante	2
p l AE t	platt/platte	2
p l AE t AH n	platen/platten	2
p l AE t f AO r m z	platform's/platforms	2
p l AE t n ER	platner/plattner	2
p l AE t s	platts/platz	2
p l AE z AH z	plaza's(2)/plazas(2)	2
p l AH NG k IH t	plunkett/plunkitt	2
p l AH k s	pluck's/plucks	2
p l AH m	plum/plumb	2
p l AH m ER	plumber/plummer	2
p l AH m l IY	plumlee/plumley	2
p l AH m z	plum's/plums	2
p l AH s IH z	plus's/pluses	2
p l AW	plough/plow	2
p l AW SH EY r	ploughshare/plowshare	2
p l AW SH EY r z	ploughshares/plowshares	2
p l AW d	ploughed/plowed	2
p l AW z	ploughs/plows	2
p l AY l ER	pliler/plyler	2
p l EH CH ER	pletcher/pletscher	2
p l EH k s IH g l AE s	plexiglas/plexiglass	2
p l EH k s IY g l AE s	plexiglas(2)/plexiglass(2)	2
p l EH m AH n z	plemmons/plemons	2
p l EH s IY	plessey/plessy	2
p l EY n	plain/plane	2
p l EY n OW	plaino/plano	2
p l EY r AY t s	playwright's/playwrights	2
p l EY s IH z	place's/places(2)	2
p l EY t	plait/plate	2
p l EY t IH NG	plaiting/plating	2
p l EY t IH d	plaited/plated	2
p l EY t s	plaits/plates	2
p l EY z	play's/plays	2
p l IH m p t AH n	plimpton/plympton	2
p l OW f	plouff/plouffe	2
p l UH r AH l	pleural/plural	2
p l UW	plew/plue	2
p r AA JH EH k s	project's(2)/projects(3)	2
p r AA JH EH k t s	project's/projects	2
p r AA b l AH m z	problem's/problems	2
p r AA d AH JH IY z	prodigies/prodigy's	2
p r AA d AH k s	product's(2)/products(2)	2
p r AA d AH k t s	product's/products	2
p r AA f AH t	profit/prophet	2
p r AA k	proch/prock	2
p r AA k t ER z	proctor's/proctors	2
p r AA p	prop/propp	2
p r AA p ER	proper/propper	2
p r AA p ER t IY z	properties/property's	2
p r AA p s	propps/props	2
p r AA s AH k j UW SH AH n z	prosecution's/prosecutions	2
p r AA s EH s ER z	processor's/processors	2
p r AA s IH k j UW t ER z	prosecutor's/prosecutors	2
p r AA s p EH k t	prospect/prospekt	2
p r AE k t IH s	practice(2)/practise	2
p r AE k t IH s IH z	practices(2)/practises	2
p r AE k t IH s t	practiced(2)/practised	2
p r AE t	pratt/pratte	2
p r AE t s	prats/pratt's	2
p r AH SH AH	prusha/prussia	2
p r AH f EH SH AH n AH l z	professionals/professionals'	2
p r AH f EH SH AH n z	profession's/professions	2
p r AH f EH s ER	prof.(2)/professor	2
p r AH h AA s k AH	prochaska/prohaska	2
p r AH p OW z AH l z	proposal's/proposals	2
p r AH p r AY AH t ER z	proprietor's/proprietors	2
p r AH s	prus/pruss	2
p r AO n	praun/prawn	2
p r AW	prough/prow	2
p r AW z	prows/prowse	2
p r AY	pri/pry	2
p r AY AO r AY	priore(2)/priori	2
p r AY ER z	priors/pryor's	2
p r AY m z	prime's/primes	2
p r AY n	prine/pruyn	2
p r AY s ER	preiser/pricer	2
p r AY s IH z	price's/prices(2)	2
p r AY v AH t AH z EY SH AH n	privatisation/privatization	2
p r AY z	pries/prize	2
p r EH SH ER	prescher/pressure	2
p r EH SH ER z	pressure's/pressures	2
p r EH b AH l	prebble/preble	2
p r EH m IH r	premier/premiere	2
p r EH n	prehn/prenn	2
p r EH n t IH s	prentice/prentiss	2
p r EH p IY	preppie/preppy	2
p r EH s IH z	press's/presses(2)	2
p r EH s t	pressed/prest	2
p r EH s t EH k	presstek/prestech	2
p r EH s t IH JH	prestage/prestidge	2
p r EH z AH d AH n s IY z	presidencies/presidency's	2
p r EY	pray/prey	2
p r EY ER	prayer(2)/preyer	2
p r EY IH NG	praying/preying	2
p r EY d	prayed/preyed	2
p r EY g ER	praeger/prager	2
p r EY t ER	prater/praytor	2
p r IH CH ER d	prichard/pritchard	2
p r IH CH IH t	prichett/pritchett	2
p r IH b AH l	pribble/pribyl	2
p r IH d AA m AH n AH n t l IY	predominantly/predominately	2
p r IH f ER d	prefered/preferred(2)	2
p r IH g	prig/prigge	2
p r IH m	prim/primm	2
p r IH m OW	primeau/primeaux	2
p r IH n ER z	printer's(2)/printers(2)	2
p r IH n IH NG z	printing's(2)/printings(2)	2
p r IH n d AH l	prindl/prindle	2
p r IH n s AH p AH l	principal/principle	2
p r IH n s EH s	princess/princess'	2
p r IH n s EH s IH z	princess's/princesses	2
p r IH n s IH z	prince's/princes(2)	2
p r IH n t ER z	printer's/printers	2
p r IH n t IH NG z	printing's/printings	2
p r IH n t s	prints/printz	2
p r IH n z	prins/prinz	2
p r IH s IY	prissie/prissy	2
p r IH s IY d	precede/preceed	2
p r IH s IY d z	precedes/preceeds	2
p r IH t s	pritts/pritz	2
p r IH v AE t	prevatt/prevatte	2
p r IH v EH t	prevette/privette	2
p r IH z AH m	prism/prizm	2
p r IH z AH n z	prison's/prisons	2
p r IY AO r IY	priore/priori(2)	2
p r IY CH ER z	preacher's/preachers	2
p r IY EH m p t IH v	pre-emptive/preemptive	2
p r IY OW l OW	prioleau/priolo	2
p r IY b	prebe/priebe	2
p r IY d EY t	predate/predate(2)	2
p r IY d EY t IH d	predated/predated(2)	2
p r IY n	preen/prien	2
p r IY s	preece/priess	2
p r IY s IY z AH n	pre-season/preseason	2
p r IY s k UW l	preschool/preschool(2)	2
p r IY s k UW l z	preschools/preschools(2)	2
p r IY s t l IY	priestley/priestly	2
p r IY s t s	priest's/priests	2
p r IY z	preas/preis	2
p r OW AH b IH SH AH n z	prohibition's/prohibitions	2
p r OW b	prob(2)/probe	2
p r OW b z	probe's/probes	2
p r OW g r AE m	program/programme	2
p r OW g r AE m IH NG	programing/programming	2
p r OW l AA g	prolog/prologue	2
p r OW t AA n z	proton's/protons	2
p r OW t IY AH n	protean/protean(2)	2
p r OW t IY n z	protein's/proteins	2
p r OW t r AE k t	protract/protract(2)	2
p r OW v AH n s	provance/provence	2
p r UW s	preuss/pruess	2
r AA JH	raj(2)/rodge	2
r AA JH ER	rodger/roger	2
r AA JH IY OW	raggio/roggio	2
r AA UW l	raoul/raul(2)	2
r AA b AH n	robben/robin	2
r AA b ER d z	robards/roberds	2
r AA b ER s AH n	robberson/roberson	2
r AA b IH n EH t	robinett/robinette	2
r AA b IH n z	robbins/robin's(2)	2
r AA b IY z	robbie's/robby's	2
r AA b l IY	roblee/robley	2
r AA d AH	rada/radha	2
r AA d IH f ER	rodefer/rodeffer	2
r AA d IH k	roddick/rodick	2
r AA d m AH n d	rodmond/rodmund	2
r AA d r IH k	roderick/rodrick	2
r AA f AY EH l	rafael/raphael	2
r AA g	rog/rogge	2
r AA g OW	rago/roggow	2
r AA k AH f EH l ER z	rockefeller's/rockefellers	2
r AA k AH t s	rocket's/rockets	2
r AA k IY	rockey/rocky	2
r AA k l IH n	rochlin/rocklin	2
r AA k s AE n AH	roxana/roxanna	2
r AA k s IY	roxie/roxy	2
r AA l IH n z	rollins/rollins'	2
r AA l IY	rolley/rolli	2
r AA m AH n	rahman/raman(2)	2
r AA m z	rom's/roms	2
r AA n d OW	rando/rondeau	2
r AA p	raap/ropp	2
r AA s AH n	rosson/rosten	2
r AA s OW	raso/rossow	2
r AA s l IH n	roslin/rosslyn	2
r AA s n ER	rosner/rossner	2
r AA t	rot/rott	2
r AA z AH l	rozell/rozzell	2
r AA z AH l IH n d	rosalind/rosalynd	2
r AA z AH n	rosin/rozen	2
r AE CH f ER d	rachford/ratchford	2
r AE DH ER	rather/wrather	2
r AE NG g AH l	wrangell/wrangle	2
r AE NG k ER	rancor/ranker	2
r AE TH	rath/wrath	2
r AE TH b ER n	rathburn/rathburne	2
r AE TH m AH n	rathman/rathmann	2
r AE b	rab/rabb	2
r AE b AH l	rabble/rabel	2
r AE b AH n	raben/rabun	2
r AE b ER n	raborn/raburn	2
r AE b IH t	rabbit(2)/rabbitt	2
r AE d	rad/radde	2
r AE d AH t s	radatz/raddatz	2
r AE d IH k	radich/radick	2
r AE d k IY	radke(2)/radtke	2
r AE d k l IH f	radcliff/radcliffe	2
r AE d n ER	radner/radnor	2
r AE f	raf/raff	2
r AE f IY	raffi/rafi	2
r AE g AH n	ragain/ragen	2
r AE k AH l	racal/rachal	2
r AE k IH NG	racking/wracking	2
r AE k IH t	racket/racquet	2
r AE k l IH f	rackliff/rackliffe	2
r AE k s	racks/rax	2
r AE k t	racked/wracked	2
r AE l IY	raley/rally	2
r AE l IY z	rallies/rally's	2
r AE l f s	ralph's/ralphs	2
r AE m AH l	ramel/rammel	2
r AE m p EY JH d	rampaged/rampaged(2)	2
r AE m p IY	rampey/rampy	2
r AE m z IY z	ramsey's/ramseys	2
r AE n IY	ranee/ranney	2
r AE n d IY	randi/randy	2
r AE n d z	rand's/rands	2
r AE n s AH m	ransom/ransome	2
r AE n s AH m z	ransom's/ransoms	2
r AE n s AH n	ranson/ransone	2
r AE n z	rans/ranz	2
r AE p ER	rapper/wrapper	2
r AE p ER z	rappers/wrappers	2
r AE p IH NG	rapping/wrapping	2
r AE p s	raps/wraps	2
r AE s k IH n	raskin/raskyn	2
r AE t	rat/ratte	2
r AE t k l IH f	ratcliff/ratcliffe	2
r AE t n ER	ratner/rattner	2
r AE v IH n EH l	ravenel/ravenell	2
r AE z m AH s AH n	rasmuson/rasmusson	2
r AH	rugh/ruh	2
r AH CH IH n s k IY	raczynski/rucinski	2
r AH NG	rung/wrung	2
r AH SH AA d	rachad/rashad	2
r AH SH AH z	rushes/russia's	2
r AH SH EH l	rachelle/rochelle(2)	2
r AH SH IH z	rush's/rushes(2)	2
r AH SH IY d	rasheed/rashid	2
r AH SH k AO f s k IY	roszkowski/ruszkowski	2
r AH d	rud/rudd	2
r AH d IH k	ruddick/rudich	2
r AH d b UH r n	radbourn/radbourne	2
r AH d n IH k	rudnick/rudnik	2
r AH d n IH k IY	rudnicki/rudnicky	2
r AH f ER d	referred/rufford	2
r AH f IH NG	roughing/ruffing	2
r AH g	rug/rugg	2
r AH h IY m	raheem/rahim	2
r AH k	ruck/wruck	2
r AH k AH l	ruckel/ruckle	2
r AH k OW CH IY	rakocy/rakoczy	2
r AH k s	rucks/rux	2
r AH m AA l AH	ramala/ramallah(2)	2
r AH m AH l	rummel/rummell	2
r AH m IH JH	rumage/rummage	2
r AH m OW n	ramon/ramone	2
r AH m b AH l IH NG z	rumbling's/rumblings	2
r AH m b l IH NG z	rumbling's(2)/rumblings(2)	2
r AH m p AH l	rumpel/rumple	2
r AH n AA t AH	renata/renate	2
r AH n AH l z	runnells/runnels	2
r AH n ER z	runner's/runners	2
r AH n EY	rene/renee	2
r AH n d	rund/runde	2
r AH n d AW n	run-down/rundown	2
r AH n z	run's/runs	2
r AH p	rupp/ruppe	2
r AH p EH l IH NG	rappelling/repelling	2
r AH s AH l z	russel's/russell's	2
r AH s AH m	russom/russum	2
r AH s EH t	racette/rosette	2
r AH s IH n s k IY	rosinski/rosinsky	2
r AH s IH t	russet/russett	2
r AH s l ER	russler/rustler	2
r AH s n AH k	rusnak/rusnock	2
r AH s t IY z	rusty's/rustys	2
r AH s t s	rust's/rusts	2
r AH t	rut/rutt	2
r AH t AH n	ruttan/rutten	2
r AH t k AO f s k IY	ratkowski/rutkowski	2
r AH w AA n d AH n z	rwandan's/rwandans	2
r AO	rauh/rawe	2
r AO NG	rong/wrong	2
r AO SH	rosch/rosh	2
r AO TH	rauth/roth	2
r AO TH CH AY l d z	rothschild's/rothschilds	2
r AO l s t AH n	ralston/raulston	2
r AO p	raup/raupp	2
r AO r IH g	roehrig/rohrig	2
r AO r IY	rorie/rory	2
r AO r b AW	rohrbaugh/rohrbough	2
r AO s	ros/ross(2)	2
r AO s AH n	rawson/rossen	2
r AO s IY	rossi/rossie	2
r AO s m AH n	rossman/rossmann	2
r AO t	rought/wrought	2
r AW	rao/rau	2
r AW SH	rausch/roush	2
r AW n d	'round/round	2
r AW n d z	round's/rounds	2
r AW s	rouse/rousse	2
r AW z	rao's/rouse(2)	2
r AW z ER	rouser/rouzer	2
r AY AH n z	ryan's/ryans	2
r AY AH t s	riots/riots'	2
r AY b AH l	reibel/ruybal	2
r AY d AH n	riden/ryden	2
r AY d ER	rider/ryder	2
r AY d IH NG ER	reidinger/ridinger	2
r AY f AH l	reifel/rifle	2
r AY k ER z	riker's/rikers	2
r AY k m AH n	reichman/reichmann	2
r AY k s	reich's/reicks	2
r AY l IY z	reilly's/riley's	2
r AY m	rhyme/rime	2
r AY m z	rhymes/rimes	2
r AY n ER t s AH n	reinertsen/reinertson	2
r AY n ER z	reiner's/reiners	2
r AY n d AH l	reindel/reindl	2
r AY n h AY m ER	reinheimer/rinehimer	2
r AY n s t AY n	reinstein/rheinstein	2
r AY s ER	reiser/ryser	2
r AY s IH g	reisig/reissig	2
r AY s m AH n	reisman/reissman	2
r AY t AH n	reitan/reiten	2
r AY t h AE n d	right-hand/righthand	2
r AY t h AE n d IH d	right-handed/righthanded	2
r AY t m AH n	reitman/rietman	2
r AY t m AY ER	reitmeier/reitmeyer	2
r AY z	ries/rise	2
r EH JH IH s t ER	regester/register	2
r EH JH IH s t ER z	register's/registers(2)	2
r EH SH	resch/resh	2
r EH b EH l OW	rebello/rebelo	2
r EH b m AH n	rebman/rebmann	2
r EH d AY	red-eye/redeye	2
r EH d IH NG	reading(2)/redding	2
r EH d IH NG t AH n	reddington/redington	2
r EH d IH SH	reddish/redish	2
r EH d IH k ER	redeker/rediker	2
r EH d IH t	reddit/redditt	2
r EH d f ER n	redfearn/redfern	2
r EH d h AE n d IH d	red-handed/redhanded	2
r EH d l ER	raedler/redler	2
r EH d m AH n	redmann/redmon	2
r EH d m AH n d	redmond/redmund	2
r EH d s k IH n z	redskins/redskins'	2
r EH d z	reds/reds'	2
r EH f ER IY z	referee's/referees	2
r EH f IH t	reffett/reffitt	2
r EH f j UW JH IH z	refuge's/refuges	2
r EH f j UW JH IY z	refugees/refugees'	2
r EH g IY	reggy/regie	2
r EH k AH g n AY z	recognise/recognize	2
r EH k AH g n AY z IH NG	recognising/recognizing	2
r EH k AH g n AY z IH z	recognises/recognizes(2)	2
r EH k AH g n AY z d	recognised/recognized	2
r EH k ER	recker/wrecker	2
r EH k ER d	reckard/record(2)	2
r EH k s	rex/wrecks	2
r EH k t	recht/wrecked	2
r EH l AH t IH v z	relative's/relatives	2
r EH l f	relf/relph	2
r EH m AH n	rehman/rehmann	2
r EH m IH k	remic/remick	2
r EH m b r AE n t s	rembrandt's/rembrandts	2
r EH m s AH n	remsen/remson	2
r EH m s b ER g	remsberg/remsburg	2
r EH n AH l d z	reynolds/reynolds'	2
r EH n IH k	renick/rennick	2
r EH n IY	rennie/renny	2
r EH n d AH l	rendall/rendell	2
r EH n f r OW	renfro/renfroe	2
r EH n k w IH s t	rehnquist/renquist	2
r EH n t s	rents/rentz	2
r EH n z	rens/renz	2
r EH p	rep/repp	2
r EH p r IH z EH n AH t IH v z	representative's(2)/representatives(4)	2
r EH p r IH z EH n t AH t IH v z	representative's/representatives(2)	2
r EH p r IY z EH t AH t IH v	rep(2)/rep.	2
r EH p s	rep's/reps	2
r EH r	rare/reher	2
r EH s AH l	ressel/wrestle	2
r EH s AH p IY z	recipe's/recipes	2
r EH s l ER	ressler/wrestler(2)	2
r EH s t	rest/wrest	2
r EH s t IH NG	resting/wresting	2
r EH s t IH d	rested(2)/wrested	2
r EH t	ret/rhett	2
r EH v AH l ER	reveler/reveller	2
r EH v AH l ER z	revelers/revellers	2
r EH v AH l UW SH AH n z	revolution's/revolutions	2
r EH z AH l UW SH AH n z	resolution's/resolutions	2
r EY CH AH l	rachael/rachel	2
r EY ER	reier/reyer	2
r EY JH	rage/wrage	2
r EY ZH IY m z	regime's/regimes(2)	2
r EY b IY	rabey/raby	2
r EY b IY z	rabes/rabies	2
r EY d	raid/rayed	2
r EY d ER	rader/raider	2
r EY d IY OW AE k t IH v AH t IY	radioactivity/radioactivity(2)	2
r EY d IY OW z	radio's/radios	2
r EY f	rafe/raiff	2
r EY f ER d	raiford/rayford	2
r EY g AH l	ragel/ragle	2
r EY g AH n	ragan/reagan	2
r EY k r AE f t	raycraft/reycraft	2
r EY k s	raikes/rakes	2
r EY l w EY z	railway's/railways	2
r EY n AA l d OW	reinaldo/reynaldo	2
r EY n AH	raina/reyna	2
r EY n ER d	raynard/reynard	2
r EY n k OW t s	raincoat's/raincoats	2
r EY p IH s t s	rapist's/rapists	2
r EY s	race/rais	2
r EY s AH	raisa/raissa	2
r EY s ER	racer/raysor	2
r EY s IH z	race's/races(2)	2
r EY s IY	racey/racy	2
r EY t p EY ER z	ratepayers/ratepayers'	2
r EY t s	rate's/rates	2
r EY v AH n	ravan/raven	2
r EY z ER b AE k s	razorback's/razorbacks	2
r EY z IH NG	raising/razing	2
r EY z d	raised/razed	2
r IH CH ER d	richard/richerd	2
r IH CH IH z	rich's/riches(2)	2
r IH CH IY z	ritchey's/ritchie's	2
r IH JH l IY	ridgely/ridgley	2
r IH JH w EY	ridgeway/ridgway	2
r IH NG ER	ringer/wringer	2
r IH NG IH NG	ringing/wringing	2
r IH NG g AH l	ringel/ringle	2
r IH NG g OW l d	ringgold/ringold	2
r IH NG z	ring's/rings	2
r IH SH	risch/rish	2
r IH SH AH l	rishel/rishell	2
r IH b AA r	hribar(2)/ribar	2
r IH b EH l j AH n z	rebellion's/rebellions	2
r IH b k AH	ribka/rybka	2
r IH d OW	rideau/rideaux	2
r IH f	riff/riffe	2
r IH f AH l	riffel/riffle	2
r IH f AO r m ER z	reformers/reformers'	2
r IH f AY n ER IY z	refineries/refinery's	2
r IH f ER IH NG	refering/referring	2
r IH f t	riffed/rift	2
r IH g	rig/rigg	2
r IH g AH l	riggle/wriggle	2
r IH g AH n	riggan/riggen	2
r IH g ER	rigor/rigueur(2)	2
r IH g z	riggs/rigs	2
r IH k AA r d OW	ricardo/riccardo	2
r IH k AH v ER IY z	recoveries/recovery's	2
r IH k ER	recur/ricker	2
r IH k ER d	rickard/rikard	2
r IH k ER t	richert/rickert	2
r IH k IH t s	rickets/ricketts	2
r IH k OW	ricco/richco	2
r IH k m AH n	rickman/ryckman	2
r IH k n ER	richner/rickner	2
r IH l IY	really/rylee	2
r IH n AA r d	renard/rennard	2
r IH p AH b l IH k AH	republica/republika	2
r IH p AH b l IH k AH n z	republicans/republicans'	2
r IH p AH l	rippel/ripple	2
r IH s IH ZH AH n	recision/rescission	2
r IH s IH ZH AH n z	recisions/rescissions	2
r IH s OW	reso(3)/risso	2
r IH s OW z	reso's(3)/risso's	2
r IH s d AH n	risden/risdon	2
r IH s k s	riske's/risks	2
r IH s p AA n d AH n t s	respondents/respondents'	2
r IH s t	rist/wrist	2
r IH s t AH n	riston/wriston	2
r IH t	ritt/writ	2
r IH t AH n	ryton/written	2
r IH t AH n AW r	ritenour/rittenour	2
r IH t AH n AW r z	ritenour's/rittenour's	2
r IH t AY r IY z	retiree's/retirees'	2
r IH t AY r m AH n t s	retirement's/retirements	2
r IH t n ER	ritner/rittner	2
r IH t s IY	ritcey/ritzy	2
r IH v EH t	revette/rivette	2
r IH v ER b OW t s	riverboat's/riverboats	2
r IH v ER z	river's/rivers	2
r IH z ER v z	reserve's/reserves	2
r IH z IH s t AH n s	resistance/resistence	2
r IH z OW	reso/rizzo	2
r IH z l IY	risley/wrisley	2
r IY AA l	ryal/ryall	2
r IY AE d	riyad(2)/riyadh	2
r IY AE k t ER z	reactor's/reactors	2
r IY AH	rhea/ria	2
r IY AH l AY z	realise/realize	2
r IY AH l AY z AH b AH l	realisable/realizable	2
r IY AH l AY z IH z	realises/realizes	2
r IY AH l AY z d	realised/realized	2
r IY AH l t ER z	realtor's/realtors	2
r IY CH	reach/reeche	2
r IY JH AH n t	reagent(2)/regent	2
r IY JH AH n t s	reagents(2)/regents	2
r IY JH AH n z	region's/regions	2
r IY OW	reo/rio	2
r IY TH	reith/wreath	2
r IY UW n AY t	reunite/riunite	2
r IY b	reeb/riebe	2
r IY b AA k s	reebok's/reeboks	2
r IY d AH b AH l	readable/redouble	2
r IY d AH l	riedel/riedl	2
r IY d AW t	readout/redoubt	2
r IY d IH NG	reading/reding	2
r IY f IH l	refill/refill(2)	2
r IY f IH l z	refills/refills(2)	2
r IY g	reeg/rieg	2
r IY g AH	rega/riga	2
r IY h AH	hreha(2)/reha	2
r IY k AH	rica/ricca	2
r IY k AH m IH t IH d	recommited(2)/recommitted	2
r IY k AH n	rican/rieken	2
r IY k AH n OY t ER	reconnoiter/reconnoitre	2
r IY k IH NG	reeking/wreaking	2
r IY k OW	rico/ricoh	2
r IY k OW z	rico's/ricoh's	2
r IY k r UW t s	recruit's/recruits(3)	2
r IY k s	reeks/wreaks	2
r IY l AH z EY SH AH n	realisation/realization	2
r IY l AH z EY SH AH n z	realisations/realizations	2
r IY l EY t IH d	related(2)/related(3)	2
r IY l IH s t EY t	real-estate/realestate	2
r IY l t ER z	realtor's(2)/realtors(2)	2
r IY m AH n	rieman/riemann	2
r IY m ER z	reamer's/reamers	2
r IY m OW l d IH d	remolded/remoulded	2
r IY n AH	rena/rina	2
r IY p AH b l IH k s	republic's/republics	2
r IY p OW z	repos/repose	2
r IY r AY t	rewrite/rewrite(2)	2
r IY s AO r s IH z	resources/resources'	2
r IY s EH t	reset/reset(2)	2
r IY s EH t IH NG	reseting/reseting(2)	2
r IY s EH t s	resets/resets(2)	2
r IY s ER CH	research/research(2)	2
r IY s ER CH IH z	research's/researches	2
r IY s OW	reso(4)/riso	2
r IY t AH	rheta/rita	2
r IY t AY r m AH n t s	retirement's(2)/retirements(2)	2
r IY t ER n z	returns'(2)/returns(2)	2
r IY t EY k	retake/retake(2)	2
r IY v	reave/reeve	2
r IY v ER	reaver/reever	2
r IY v j UW ER z	reviewer's/reviewers	2
r IY v j UW z	review's/reviews	2
r IY z ER v z	reserve's(2)/reserves(2)	2
r IY z OW	reso(2)/rizo	2
r OW ER	roher/rower	2
r OW SH	roche(2)/roesch	2
r OW b AA t s	robot's/robots	2
r OW b AH t s	robot's(2)/robots(2)	2
r OW b ER	rober/roeber	2
r OW b l IH NG	robling(2)/roebling	2
r OW d AH l	roedel/roedl	2
r OW d AH n b ER g	rodenberg/rodenburg	2
r OW d ER	roder/roeder	2
r OW d w EY	roadway/rodeway	2
r OW g AA l AH	rogala/rogalla	2
r OW g AH l	rogal/rogel	2
r OW k AA r	rokahr/rokar	2
r OW l ER	roeller/roller	2
r OW l IH n	rolin/rollin'	2
r OW l d	roald/rolled	2
r OW l m AH n	rohlman/rollman	2
r OW m AE n s	romance/romance(2)	2
r OW m AH n AO f	romanoff/romanov(2)	2
r OW m AH n z	roman's/romans	2
r OW m EY n	romain/romaine	2
r OW m IY OW z	romeo's/romeos	2
r OW n AH n	ronan/ronen	2
r OW p ER	roeper/roper	2
r OW p ER z	roper's/ropers	2
r OW s	roese/rowse	2
r OW s AH l ER	roesler/roessler	2
r OW s EH l IY	roselli/rosselli	2
r OW s EH t IY	rosetti/rossetti	2
r OW s IY n IY	rosine/rossini	2
r OW s k	roeske/roske	2
r OW s l ER	roesler(2)/roessler(2)	2
r OW s n ER	roesner/roessner	2
r OW t OW	rhoto/roto	2
r OW v ER z	rover's/rovers	2
r OW w IH d ER	rohwedder/rohweder	2
r OW z AE n	rosanne/roseanne	2
r OW z AH	rosa/roza	2
r OW z AH l	rosel/rosell	2
r OW z AH l IY	rosalee(2)/rosalie	2
r OW z AH n	rosan/rosen	2
r OW z AH n b ER g	rosenberg/rosenburg	2
r OW z AH n b ER g z	rosenberg's/rosenbergs	2
r OW z AH n b l UW m	rosenbloom/rosenblum	2
r OW z AH n k r AE n t s	rosenkrantz/rosenkranz	2
r OW z AH n k r AE n z	rosencrans/rosenkrans	2
r OW z AH n s t IY l	rosensteel/rosenstiel	2
r OW z AH v EH l t s	roosevelt's/roosevelts	2
r OW z AH z	rosa's/rosas	2
r OW z EH l AH	rosella/rozella	2
r OW z IH z	rose's/roses	2
r OW z IY ER	rosier/rozier	2
r OW z b ER OW	roseboro/roseborough	2
r OY AH l	royal/royall	2
r OY d AH n	royden/roydon	2
r OY l	roil/royle	2
r OY s	royce/royse	2
r OY s IH z	royce's/royces	2
r OY s t ER	roister/royster	2
r OY s t ER z	roister's/royster's	2
r OY t ER	reuter/reutter	2
r OY z	roy's/roys	2
r UH k	rook/rooke	2
r UW AA n d AH n z	rwandan's(2)/rwandans(2)	2
r UW IH n	rouyn/ruin(2)	2
r UW TH	rueth/ruth	2
r UW TH ER	ruether/ruther	2
r UW b	rube/rueb	2
r UW b AH l z	ruble's/rubles	2
r UW b AH n	reuben/ruben	2
r UW b IY z	rubies/ruby's	2
r UW f ER	roofer/rufer	2
r UW f OW	rufo/rufow	2
r UW l EH t s	roulette's/roulettes	2
r UW l IH NG z	ruling's/rulings	2
r UW l IY	ruley/rulli	2
r UW l OW	rouleau/rullo	2
r UW l z	rule's/rules	2
r UW m AH n	ruman/rumen	2
r UW m ER z	rumors/rumours	2
r UW m z	room's/rooms	2
r UW n	roone/rune	2
r UW p IY z	rupees/rupees(2)	2
r UW s	reuss/ruess	2
r UW s AH	roosa/russa	2
r UW s OW	rousseau/russo	2
r UW t	root/route	2
r UW t ER z	rooters/routers	2
r UW t IH NG	rooting/routing(2)	2
r UW t IH d	rooted(2)/routed	2
r UW z AH v EH l t s	roosevelt's(2)/roosevelts(2)	2
s AA b	saab/sob	2
s AA b AH	saba/sabah	2
s AA b z	saab's/sobs	2
s AA d	saad/sod	2
s AA k	sock/sok	2
s AA k ER	soccer/sochor	2
s AA k OW	sako/soco(2)	2
s AA l AH m AH n	solaman/solomon	2
s AA l ER z	sollars/sollers	2
s AA l OW	salo/solow	2
s AA m AH	sama/somma	2
s AA m IH r	sameer/samir(2)	2
s AA n AH n b ER g	sonnenberg/sonnenburg	2
s AA n AH t	sonat/sonnett	2
s AA n t OW n IY	santone/santoni	2
s AA n z	sohns/sons'	2
s AA p	sop/sopp	2
s AA r	saar/sar	2
s AA r AH j EY v AH n z	sarajevan's/sarajevans	2
s AA r AH j EY v OW	sarajevo/sarejevo	2
s AA r AH j EY v OW z	sarajevo's/sarejevo's	2
s AA r IY z	sari's/saris	2
s AA r OW	sarro/sorrow	2
s AA r n IY	sarney/sarni	2
s AA t OW	sato/satoh	2
s AA v r AH n	sovereign/sovran	2
s AE NG	sang/tsang(2)	2
s AE NG k IY	sankei/sankey	2
s AE d l ER	saddler(2)/sadler	2
s AE d l IH NG	saddling(2)/sandling	2
s AE f AH l	saffell/saffle	2
s AE f ER	saffer/safir	2
s AE k m AH n	sackman/sackmann	2
s AE k s AH n z	saxon's/saxons	2
s AE k s IH z	sachs's/saks's	2
s AE l AH m AH n	salamon/salomon	2
s AE l IH m	salemme/salim	2
s AE l IH n JH ER z	salinger's/salingers	2
s AE l IH s	sallis/salus	2
s AE l IY z	sallies/sally's	2
s AE l v AH d AO r	salvador/salvatore(2)	2
s AE l z b ER IY	salisbury/salsbury	2
s AE m	sahm/sam	2
s AE m ER AY z	samurai's/samurais	2
s AE m IH t	samet/sammet	2
s AE m p AH l z	sample's/samples	2
s AE m p ER	samper/sampre(2)	2
s AE m p r AH s	sampras/sampras'	2
s AE m p s AH l	sampsel/sampsell	2
s AE n AH	sanna/santa(2)	2
s AE n d	sand/sande	2
s AE n d AA l	sandahl/sandall	2
s AE n d EH l	sandel/sandell	2
s AE n d ER	sander/sandor	2
s AE n d IH JH	sandage/sandidge	2
s AE n d IH n IY s t AH z	sandinistas/sandinistas'	2
s AE n d OW	sando/sandow	2
s AE n d b ER g	sandberg/sandburg	2
s AE n d z	sand's/sands	2
s AE n s AH n	sanson/sansone	2
s AE n t	sandt/sant	2
s AE n t AH	santa/sante	2
s AE n t ER	santer/santor	2
s AE n t IY	santi/santy	2
s AE n t OW	santo/santow	2
s AE p	sap/sapp	2
s AE s IY	sassi/sassy	2
s AE s n EH t s	sassnet's/sassnets	2
s AE t AH l AY t s	satellite's/satellites	2
s AE t ER	sater/satter	2
s AE t ER d EY z	saturday's(2)/saturdays(2)	2
s AE t ER d IY z	saturday's/saturdays	2
s AE t ER l IY	satterlee/satterly	2
s AE t ER n z	saturn's/saturns	2
s AE v IH CH	savich/savitch	2
s AE v IH JH	savage(2)/savidge	2
s AH CH	such/sutch	2
s AH DH ER	souther/suther	2
s AH DH ER l AH n d	southerland/sutherland	2
s AH DH ER z	southers/suthers	2
s AH b ER b z	suburb's/suburbs	2
s AH b IY n AH	sabena/sabina	2
s AH b JH EH k s	subjects'(2)/subjects(3)	2
s AH b JH EH k t s	subjects'/subjects(2)	2
s AH b JH IH k t s	subject's/subjects	2
s AH b k AH m AE n d ER z	subcommander's/subcommanders	2
s AH b k AH m IH t IY z	subcommittee's/subcommittees	2
s AH b m ER IY n	submarine/submarine(2)	2
s AH b w EY	sub-way/subway	2
s AH b w EY z	subway's/subways	2
s AH b z	sub's/subs	2
s AH d AA m	saddam(2)/suddam	2
s AH d AA m z	saddam's(2)/suddam's	2
s AH d AH TH	suddath/sudduth	2
s AH d b EH r IY	sudberry/sudbury	2
s AH k AY AH t r AH s t s	psychiatrist's/psychiatrists	2
s AH k ER	succor/sucker	2
s AH l EH b r IH t IY z	celebrities/celebrity's	2
s AH l IH v AH n z	sullivan's/sullivans	2
s AH l IY	sullie/sully	2
s AH l IY n AH s IH z	salinas's/selinas's	2
s AH l f ER	sulfur/sulphur	2
s AH l f EY t	sulfate/sulphate	2
s AH l s ER	sulcer/sulser	2
s AH l t AH n	sultan/sulton	2
s AH l t AH n z	sultan's/sultans	2
s AH m	some/sum	2
s AH m AA l IY AH z	somalia's/somalias	2
s AH m AA l j AH z	somalia's(2)/somalias(2)	2
s AH m ER f IY l d	sommerfield/summerfield	2
s AH m ER l IH n	sumerlin/summerlin	2
s AH m ER v IH l	somerville/summerville	2
s AH m IH t	summit(2)/summitt	2
s AH m IY	summey/summy	2
s AH m TH IH NG z	something's/somethings	2
s AH m t AY m z	sometimes/sometimes(2)	2
s AH m z	somes/sums	2
s AH n	son/sun	2
s AH n IH n l AO	son-in-law/sons-in-law	2
s AH n IY	sonny/sunny	2
s AH n d	sund/sunde	2
s AH n d EY	sundae/sunday	2
s AH n d IY	sunday(2)/sundy	2
s AH n d IY z	sunday's(2)/sundays(2)	2
s AH n l AY t	sunlight/sunlite	2
s AH n r AY z	sonrise/sunrise	2
s AH n s k r IY n	sunscreen/sunscreen(2)	2
s AH n s k r IY n z	sunscreens/sunscreens(2)	2
s AH p l AY z	supplies/supply's	2
s AH s	sus/suss	2
s AH s AY AH t IY z	societies/society's	2
s AH s k IH n d	suskind/susskind	2
s AH s m AH n	susman/sussman	2
s AH s p EH k t	suspect/suspect(2)	2
s AH t AH l	subtle/suttle	2
s AH t f IH n	sutfin/sutphin	2
s AH t k l IH f	sutcliff/sutcliffe	2
s AH v AE n AH	savanna/savannah	2
s AO NG g AH s	tsongas'(2)/tsongas(2)	2
s AO NG z	song's/songs	2
s AO d	saud/sawed	2
s AO d IY z	saudis/saudis'	2
s AO j ER z	sawyer's/sawyers	2
s AO k	salk/sauk	2
s AO l	sall/saul	2
s AO l t	salt/sault	2
s AO l t s m AH n	saltsman/saltzman	2
s AO l z b ER g	salzberg/salzburg	2
s AO l z m AH n	salzman/salzmann	2
s AO m	saum/somme	2
s AO n d ER z	saunders/saunders'	2
s AO r AH n s AH n	soerensen/sorenson	2
s AO r l IY	sorely/sorlie	2
s AO r s	sorce/source	2
s AO r s AH z	sources/sources'	2
s AO r t ER	sorter/sortor	2
s AO r z	soars/sores	2
s AO s	sauce/soss	2
s AO s ER	saucer/sausser	2
s AO t	sot/sought	2
s AO t EH l	sawtell/sawtelle	2
s AW ER	sauer/sour	2
s AW TH s	south's/souths	2
s AW d IY z	saudis'(2)/saudis(2)	2
s AW n d z	sound's/sounds	2
s AW s EY d AH	sauceda/sauseda	2
s AY AE d	sayad/siad	2
s AY AE m	siam/siam(2)	2
s AY AH n t IH f IH k s	scientific's/scientifics	2
s AY ER	seier/sire	2
s AY IH d	sayiid/sayyid	2
s AY b AH l	seibel/sible	2
s AY b ER	cyber/seiber	2
s AY d AH n	seiden/sidon	2
s AY d l ER	seidler/sidler(2)	2
s AY f AH n	siphon/syphon	2
s AY g AH l	seigel/sigle	2
s AY g AH l ER	seigler/sigler	2
s AY k OW s OW SH AH l	psycho-social/psychosocial	2
s AY k s	sikes/sykes	2
s AY m AH n z	simon's/simons	2
s AY m z	simes/symes	2
s AY p	sipe/syp	2
s AY p AH l	seipel/siple	2
s AY p r AH s	cypress/cyprus	2
s AY p r IH s	cypress(2)/cypris	2
s AY r AH n	siren/syron	2
s AY t ER	seiter/seitter	2
s AY t s IY r	sight-seer/sightseer(2)	2
s AY z AH b AH l	sizable/sizeable	2
s AY z m AO r	sisemore/sizemore	2
s EH JH	sedge/sege	2
s EH JH w IH k	sedgewick/sedgwick	2
s EH NG	seng/tseng(2)	2
s EH b IY	sebby/sebi	2
s EH d AH m	sedam/sedum	2
s EH d l ER	sedlar/sedler	2
s EH g m AH n t s	segment's/segments	2
s EH g m EH n IH d	segmented(3)/segmented(4)	2
s EH g m EH n t IH d	segmented/segmented(2)	2
s EH g w EY	segue(2)/segway	2
s EH k AH n d z	second's/seconds	2
s EH k OW	seco/seko	2
s EH k SH AH n z	section's/sections	2
s EH k l ER	sechler/seckler	2
s EH k r AH t EH r IY z	secretaries/secretary's	2
s EH k t ER z	sector's/sectors	2
s EH k t s	sect's/sects	2
s EH l AH n	sellen/sellon	2
s EH l AW t	sell-out/sellout	2
s EH l EH s	seles/seles'	2
s EH l ER	cellar/seller	2
s EH l IH NG ER	selinger/sellinger	2
s EH l IH g m AH n	seligman/seligmann	2
s EH l IH k	selleck/sellick	2
s EH l IH n	selin/sellin	2
s EH l IY z	selies/selies'	2
s EH l d AH n	selden/seldon	2
s EH l f	self/selph	2
s EH l f d IH f EH n s	self-defence/self-defense	2
s EH l f d IH s t r AH k t s	self-destruction/self-destructs	2
s EH l f s	self's/selfs	2
s EH l k	selk/selke	2
s EH l m ER	celmer/selmer	2
s EH l n ER	sellner/selner	2
s EH l t IH k s	celtics/celtics'	2
s EH l t s	celts/seltz	2
s EH l v IH JH	selvage/selvidge	2
s EH l w IH n	selwin/selwyn	2
s EH m AH l	semel/semmel	2
s EH m AY k AH n d AH k t ER z	semiconductor's(3)/semiconductors(3)	2
s EH m IH k AH n d AH k t ER z	semiconductor's(2)/semiconductors(2)	2
s EH m IY k AH n d AH k t ER z	semiconductor's/semiconductors	2
s EH m l ER	semler/semmler	2
s EH n AH	sena/senna	2
s EH n CH ER IY z	centuries/century's	2
s EH n ER	center(2)/senner	2
s EH n IH k AH l	senecal/senechal	2
s EH n IH t	senate(2)/sennett	2
s EH n f	senf/senff	2
s EH n s	cents(2)/sense	2
s EH n t AH m IY t ER	centimeter/centimetre	2
s EH n t AH m IY t ER z	centimeters/centimetres	2
s EH n t AO r z	centaur's/centaurs	2
s EH n t EH l	centel/sentelle	2
s EH n t ER b AE NG k	centerbanc/centerbank	2
s EH p t ER	sceptre/septer	2
s EH r JH IY	sergey/sergi	2
s EH r OW	cero/cerro	2
s EH r g EY	sergei(2)/sergey(2)	2
s EH s AH m z	sessoms/sessums	2
s EH s l ER	sesler(2)/sessler	2
s EH t	set/sette	2
s EH t AH l m AH n t s	settlement's/settlements	2
s EH t AH l m AY r	settlemire/settlemyre	2
s EH t AH p	set-up/setup	2
s EH t AH p s	set-ups/setups	2
s EH t IY	seti/setty	2
s EH t l ER z	settlers/settlers'	2
s EH v AH n t IY z	seventies/seventy's	2
s EH v AH n z	seven's/sevens	2
s ER	sir/sur	2
s ER AA f IY n AH	serafina/seraphina	2
s ER CH AA r JH	surcharge/surcharge(2)	2
s ER IY	surrey/surry	2
s ER IY AH l IH z AH m z	surrealism's(2)/surrealisms(2)	2
s ER IY l IH z AH m z	surrealism's/surrealisms	2
s ER IY n	sarene/serene	2
s ER IY n OW	cirino/serino	2
s ER JH	serge/surge	2
s ER JH AH n z	surgeon's/surgeons	2
s ER b IY AH n z	serbian's/serbians	2
s ER b IY AH z	serbia's/serbias	2
s ER f AH s	searfoss/surface	2
s ER f s	serfs/surf's	2
s ER k	cirque/sirk	2
s ER k AH l z	circle's/circles	2
s ER k AH t s	circuit's/circuits	2
s ER k IH n	cirkin/sirkin	2
s ER k OW	serco/sirko	2
s ER l	searl/searle	2
s ER l IY	cearley/surly	2
s ER n IY	cerney/cerny	2
s ER p AH n t s	serpent's/serpents	2
s ER p r AY z IH NG l IY	suprisingly(2)/surprisingly	2
s ER v	serv/serve	2
s ER v AH n t s	servants/servants'	2
s ER v AH s AH z	services/services'(2)	2
s ER v AY v ER z	survivor's/survivors	2
s ER v EY ER	surveyor/surveyor(2)	2
s ER v EY IH NG	surveying/surveying(2)	2
s ER v EY d	surveyed/surveyed(2)	2
s EY ER	sayer/seyer	2
s EY b ER z	sabers/sabres	2
s EY d ER	sader/seder	2
s EY d r AA s	cedras/cedras'	2
s EY d r AH s	cedras'(2)/cedras(2)	2
s EY f t IY z	safeties/safety's	2
s EY k OW	saco/seiko	2
s EY k s	sake's/sakes	2
s EY l AH b AH l	salable/saleable	2
s EY l IH NG	sailing/saling	2
s EY m	same/sejm	2
s EY m z	same's/sames	2
s EY n t	saint/st(2)	2
s EY n t JH AA n	st-john/stjohn	2
s EY n t JH ER m EY n	st-germain/st-germaine	2
s EY n t d EH n IH s	st-denis/st-dennis	2
s EY n t k l EH r	st-clair/st-claire	2
s EY p EY d AH	cepeda/sepeda	2
s EY t AH	saitta/seita	2
s EY t AH n z	satan's/satans	2
s EY v ER IY	savery/savory	2
s EY v ER z	savers/savors	2
s EY v j ER	savier/savior	2
s EY v j ER z	savior's/saviors	2
s EY v z	save's/saves	2
s EY z	sais/saiz	2
s IH CH UW EY SH AH n z	situation's/situations	2
s IH NG	sing/singh	2
s IH NG ER z	singer's/singers	2
s IH NG g AH l	singel/single	2
s IH NG g AH l t EH r IY	singletary/singleterry	2
s IH NG g l IY	singley/singly	2
s IH NG k OW	cinco/sinko	2
s IH b AH l	sibil/sibyl	2
s IH b ER t	sibert/sybert	2
s IH b IH l AH	sibilla/sybilla	2
s IH b IY	sibbie/sibby	2
s IH d AH n z	siddens/siddons	2
s IH d n IY	sidney/sydney	2
s IH d z	sid's/sids	2
s IH g	sig/sigg	2
s IH g AH l	sigel/sigl	2
s IH g ER EH t s	cigarette's/cigarettes	2
s IH g m AH	sigma/sygma	2
s IH g m AH n	sigman/sigmon	2
s IH g n AH	cygne/signa	2
s IH g n AH l IH NG	signaling/signalling	2
s IH g n AH l d	signaled/signalled	2
s IH g n AH l z	signal's/signals	2
s IH k	sic/sick	2
s IH k AH l z	sickels/sickles	2
s IH k AO r AH	sikora/sykora	2
s IH k AO r s k IY	sikorski/sikorsky	2
s IH k l IY	sickly/siklie	2
s IH k s IH z	six's/sixes	2
s IH k s t IY n	sixteen/sixteen(2)	2
s IH k s t IY n TH	sixteenth/sixteenth(2)	2
s IH k s t IY n z	sixteen's/sixteens	2
s IH k s t IY z	sixties/sixty's	2
s IH l	sil/sill	2
s IH l IY	cilley/silly	2
s IH l k IY	silkey/silky	2
s IH l m AH n	sillman/silman	2
s IH l v AH z	silva's/silvas	2
s IH l v ER TH AO r n	silverthorn/silverthorne	2
s IH l v ER z	silver's/silvers	2
s IH l v IY AH	silvia/sylvia	2
s IH l v IY OW	silvio/sylvio	2
s IH m AH l AE k	similac/similack	2
s IH m AH l ER	similar/simler	2
s IH m AH n	simmon/symon	2
s IH m AH n EH t	simonet/simonette	2
s IH m AH n OW	simoneau/simoneaux	2
s IH m AH n s AH n	simonsen/simonson	2
s IH m ER d	simard/simmered	2
s IH m IH NG t AH n	simington/symington	2
s IH m OW n	scimone/simone	2
s IH m b AH l	cymbal/symbol	2
s IH m f AH n IY z	symphonies/symphony's	2
s IH m p s AH n	simpson/sympson	2
s IH n AH m AH z	cinema's/cinemas	2
s IH n AH t	sinnott/synnott	2
s IH n CH	cinch/synch	2
s IH n ER JH IY	cinergy/synergy	2
s IH n ER JH IY z	synergies/synergy's	2
s IH n TH IY	cinthie/cynthie	2
s IH n d	sind/sinned	2
s IH n d ER	cinder/synder	2
s IH n d IH k AH t s	syndicate's/syndicates(2)	2
s IH n d IY	cindy/cyndi	2
s IH n k l EH r	sinclair/sinclair(2)	2
s IH p	sip/sipp	2
s IH p AH l	sippel/sipple	2
s IH r IY	siri/sirri	2
s IH r IY AH	seria/syria	2
s IH r IY AH l	cereal/serial	2
s IH r IY AH l z	cereals/serials	2
s IH s AH l	cissell/sissel	2
s IH s AH l ER	cisler/sisler	2
s IH s AH l IY	cicely/sicily	2
s IH s AH n	sison/sisson	2
s IH s IY l j AH	cecelia/cecilia	2
s IH s l ER	cisler(2)/sisler(2)	2
s IH s t	cist/cyst	2
s IH s t ER	sister/sr(2)	2
s IH s t ER z	sister's/sisters	2
s IH s t IH k	cystic/sistek	2
s IH s t IY n	sistine/sistine(2)	2
s IH t AH n	sittin'/sitton	2
s IH t AH z AH n z	citizen's/citizens	2
s IH t EH n s k IY z	sitenski's/sitenskis	2
s IH t IH z AH n z	citizens'/citizens(2)	2
s IH t IY	citi/city	2
s IH t l ER	sitler(3)/sittler	2
s IH t r AH n z	citron's/citron(2)	2
s IH t r IH k	citric/sitrick	2
s IH t s m AH n	sitzman/sitzmann	2
s IH v ER s AH n	siverson/syverson	2
s IH z n IY	cisney/sisney	2
s IY EH r AH z	sierra's/sierras	2
s IY JH	seige/siege	2
s IY OW	seo/seow	2
s IY OW d IY	c.o.d./cod(2)	2
s IY b	seib/siebe	2
s IY b EH r IY	seaberry/seabury	2
s IY b ER g	seaberg/seaburg	2
s IY b ER g ER	seeberger/seeburger	2
s IY b ER t	seabert/siebert	2
s IY b IY	cb/seabee	2
s IY b r UH k s	seabrook's/seabrooks	2
s IY d	cede/seed	2
s IY d IH NG	ceding/seeding	2
s IY d IH d	ceded(2)/seeded	2
s IY d IY	cd/seedy	2
s IY d IY z	c.d.s/cds	2
s IY f	seif/seife	2
s IY f w EH n t EH s	cifuentes/sifuentes	2
s IY g AH	seaga/sega	2
s IY g AH n	seguin(2)/siegan	2
s IY g ER t	seegert/siegert	2
s IY g OW	seago/sego	2
s IY g l ER	seigler(3)/siegler	2
s IY g m AH n	siegman/siegmann	2
s IY k ER z	seeker's/seekers	2
s IY k OW	ceco/seaco	2
s IY k r AH t s	secret's/secrets	2
s IY l ER	sealer/sieler	2
s IY l v EH r AH	silveira/silvera	2
s IY m AH	sema/sima	2
s IY m AO r	seymore/seymour	2
s IY m IY	seamy/simi	2
s IY n	scene/seen	2
s IY n j AO r	senor/signor	2
s IY n j ER	senior/sr	2
s IY n z	saenz/scenes	2
s IY r IY	cieri/seery	2
s IY s IY	cc/sese	2
s IY s f AY ER	cease-fire/ceasefire	2
s IY s p AE n	c-span/cspan	2
s IY t OW	seato/sito	2
s IY t s	seat's/seats	2
s IY z AH n AE l IH t IY	seasonality/seasonality(2)	2
s IY z AH n z	season's/seasons	2
s IY z ER	caesar/cesar	2
s OW CH AH	socha/socia	2
s OW CH IY	socci/sochi	2
s OW IH NG	sewing/sowing	2
s OW SH AH l IH s t s	socialists'/socialists(2)	2
s OW b AH l z	sobil's/sobils	2
s OW d	sewed/sowed(2)	2
s OW d AH n	soden/sowden	2
s OW d AH z	soda's/sodas	2
s OW d ER b ER g	soderberg/soderbergh	2
s OW f IY	sophie/sophy	2
s OW k AH l	socal/sokol	2
s OW l AH n	solan/solon	2
s OW l ER	solar/soler	2
s OW l IH s	solace(2)/solis	2
s OW n	sewn/sown	2
s OW n IY	soni/sony	2
s OW n j AA	sonia/sonja	2
s OW n z	soens/sones	2
s OW p	soap/sope	2
s OW t EH l OW	sotello/sotelo	2
s OW z	so's/sows	2
s OY f ER	soifer/soiffer	2
s OY k AH	sojka/soyka	2
s OY l z	soil's/soils	2
s UW AH l	sewall/sewell	2
s UW d	sood/sued	2
s UW d AH	suda/tsuda(2)	2
s UW k ER	sucre/sueker	2
s UW k IY	sukey/suki	2
s UW l IH k	sulek/sulik	2
s UW m AH	suma/summa	2
s UW n	soon/suen	2
s UW n ER z	sooner's/sooners	2
s UW p ER AH n t EH n d AH n t	superintendant/superintendent	2
s UW p ER IH n t EH n d AH n t	superintendant(2)/superintendent(2)	2
s UW p ER IH n t EH n d AH n t s	superintendent's/superintendents(2)	2
s UW p ER b OW l z	superbowl's/superbowls	2
s UW p ER r IY JH AH n AH l z	superregionals/superregionals'	2
s UW p ER v AE l j UW	supervalu/supervalue	2
s UW p s	soup's/soups	2
s UW t	suit/suitt	2
s UW t ER z	suitor's/suitors	2
s UW t OW	souto/suto	2
s UW t s	suit's/suits	2
s UW z AE n AH	susanna/suzanna	2
s UW z AH	sousa/souza	2
s UW z AH z	sousa's/souzas	2
s UW z EH t	susette/suzette	2
s UW z IY z	susie's/suzy's	2
s k AA b IY	scobee/scobie	2
s k AA f IY d IY	scaffidi/scafidi	2
s k AA l AH	scala/skala	2
s k AA l ER z	scholar's/scholars	2
s k AA l s k IY	skalski/skalsky	2
s k AA n s	sconc/sconce	2
s k AA r	scar/skaar	2
s k AA r s EH l AH	scarcella/scarsella	2
s k AA t	scot/scott	2
s k AA t AH n	scotten/scotton	2
s k AA t IY	scottie/scotty	2
s k AA v AH l	scovell/scovill	2
s k AE f	scaff/skaff	2
s k AE l AH n	scallan/scallon	2
s k AE n d AH l z	scandal's/scandals	2
s k AE n d IY AH	scandia/skandia(2)	2
s k AE n l AH n	scanlan/scanlon	2
s k AE r k r OW z	scarecrow's/scarecrows	2
s k AH l	scull/skull	2
s k AH l IY	sculley/scully	2
s k AO f	scoff/skoff	2
s k AO n IY ER z	sconiers/sconyers	2
s k AO r	scor/score	2
s k AW	scow/skow	2
s k AW t s	scout's/scouts	2
s k AY	sky/skye	2
s k AY l AY t	skylight/skylite	2
s k AY l AY t s	skylights/skylites	2
s k AY l z	skiles/skyles	2
s k AY z	skies/sky's	2
s k EH l IY	skelley/skelly	2
s k EH p t IH k	sceptic/skeptic	2
s k EH p t IH k s	sceptics/skeptics	2
s k EH r	scare/skare	2
s k EH r IY	scary/skerry	2
s k ER d AA l	scurdall/skirdall	2
s k ER d EH l	scurdell/scurdell(2)	2
s k EY n z	skains/skeins	2
s k EY t s	scates/skates	2
s k IH p	skip/skipp	2
s k IH p ER z	skipper's/skippers	2
s k IH p JH AE k s	skipjack's/skipjacks	2
s k IH z AH m	schism/scism	2
s k IY AA v OW n IY	schiavone/schiavoni	2
s k IY n	skeen/skene	2
s k IY z	skees/skis	2
s k OW b IY	scobey/scoby	2
s k OW f IY l d	schofield/scofield	2
s k OW l n IH k	skolnick/skolnik	2
s k OW l z	scholes/scoles	2
s k OW v AH l	scovel/scovil	2
s k j UW z	skewes/skews	2
s k r IH b n ER z	scribner's/scribners	2
s k r IH p	scrip/scripp	2
s k r IH v n ER	scrivener/scrivner	2
s k r UW AH p	screw-up/skrew-up	2
s k w AA d z	squad's/squads	2
s k w AY ER z	squiers/squires	2
s l AA t	slot/slott	2
s l AA v IH k	slavic/slavik	2
s l AE t	slaght/slat	2
s l AH t s	sluts/slutz	2
s l AH t s k IY	slutsky/slutzky	2
s l AH v OW n IY AH	slavonia/slovonia	2
s l AH v OW n j AH	slavonia(2)/slovonia(2)	2
s l AO	slaugh/slaw	2
s l AY t	sleight/slight	2
s l AY t ER	sluyter/slyter	2
s l EH d	sled/sledd	2
s l EH d z	sleds/sledz	2
s l EY	slay/sleigh	2
s l EY d AH n	slayden/slaydon	2
s l EY t AH n	slaten/slayton	2
s l EY t ER z	slater's/slaters	2
s l IH v IH n s k IY	slivinski/sliwinski	2
s l IY t ER	sleeter/sliter	2
s l OW	sloe/slow	2
s l OW t	sloat/sloate	2
s m AA r t	smart/smartt	2
s m AA r t AE s	smart-ass/smartass	2
s m AH g AH l ER z	smugglers'(2)/smugglers(2)	2
s m AH l IH n s k IY	smolinski/smolinsky	2
s m EH l IY	smelley/smelly	2
s m EH l s ER	smelcer/smelser	2
s m EH l t ER z	smelter's/smelters	2
s m EY l	smail/smale	2
s m IH TH	smith/smyth(2)	2
s m IH TH IY	smithee/smithey	2
s m IH TH s	smith's/smiths	2
s m OW k	smoak/smoke	2
s m OW k IY	smokey/smoky	2
s n AE k w EH l z	snackwell's/snackwells	2
s n AE p	snap/snapp	2
s n AE p AH l z	snapple's/snapples	2
s n AW t s	snout's/snouts	2
s n EH d AH n	snedden/sneddon	2
s n EH l g r OW v	snelgrove/snellgrove	2
s n EY k s	snake's/snakes	2
s n EY l z	snail's/snails	2
s n IY d	snead/sneed	2
s n OW	snow/snowe	2
s n OW b AO l z	snowball's/snowballs	2
s n OW d AH n	snowden/snowdon	2
s n OW z	snow's/snows	2
s p AA n s AH l ER	sponseller/sponsler	2
s p AA n s ER z	sponsor's/sponsors	2
s p AA r k	sparc/spark	2
s p AA r k s	sparkes/sparks	2
s p AA t s	spots/spotts	2
s p AE k	spack/spak	2
s p AE n	span/spann	2
s p AE n j AH l	spaniel/spaniol	2
s p AE n z	span's/spans	2
s p AE t s	spats/spatz	2
s p AH d z	spud's/spuds	2
s p AO	spaugh/spaw	2
s p AO l d IH NG	spalding/spaulding	2
s p AO r	spaur/spore	2
s p AO r ER	spoarer/sporer	2
s p AW s IH z	spouse's/spouses	2
s p AY ER	speier/spier	2
s p AY d AH l	speidel/spidle	2
s p AY d ER m AE n	spider-man/spiderman	2
s p AY g n ER	speigner/spigner	2
s p AY k	speich/spike	2
s p AY r AH l IH NG	spiraling/spiralling	2
s p AY s IY	spicey/spicy	2
s p AY t	spight/spite	2
s p AY z	spies/spy's	2
s p EH SH AH l IH s t s	specialists'/specialists(2)	2
s p EH SH AH l t IY z	specialities/specialties	2
s p EH SH AH l z	special's/specials	2
s p EH k	spec/speck	2
s p EH k s	specks/specs	2
s p EH k t ER z	specter's/spektr's	2
s p EH k t r AH m z	spectrum's/spectrums	2
s p EH l IH NG z	spelling's/spellings	2
s p EH l m AH n	spellman/spelman	2
s p EH n s	spence/spens	2
s p EH n s ER	spencer/spenser	2
s p EH r OW	sparrow/spero	2
s p EH r OW z	sparrows/speros	2
s p ER	spur/spurr	2
s p ER IH NG	spring(2)/spurring	2
s p ER JH IH n	spurgeon/spurgin	2
s p ER l	sperl/sperle	2
s p ER l IH NG	sperling/spurling	2
s p EY	spay/spey	2
s p EY SH AH l	spacial/spatial	2
s p EY t	spate/speight	2
s p EY t s	spates/speights	2
s p IH d AH l	spidel/spidell	2
s p IH l d	spilde/spilled	2
s p IH l m AH n	spillman/spilman	2
s p IH l z	spill's/spills	2
s p IH n ER z	spinner's/spinners	2
s p IH n d AH l	spindel/spindle	2
s p IH r IH t s	spirit's/spirits	2
s p IH r OW z	spiro's/spiros	2
s p IH r z	spears/speirs	2
s p IH t l ER	spitler/spittler	2
s p IH t s	spits/spitz	2
s p IY SH IY z	species/species'	2
s p IY TH	spaeth/spieth	2
s p IY k	speak/speake	2
s p IY k ER	speaker/spieker	2
s p IY k ER z	speaker's/speakers	2
s p IY k s	speakes/speaks	2
s p OW l EY t OW	spoleto/spoletto	2
s p l EY n	splain/splaine	2
s p l IH t	split/splitt	2
s p r AW l	sproul/sprowl	2
s p r AW l z	sprouls/sprowls	2
s p r IH NG k AH l	sprinkel/sprinkle	2
s p r IH NG z	spring's/springs	2
s p r IH n t s	sprint's/sprints	2
s t AA b	staab/stobbe	2
s t AA k EY d z	stockade's/stockades	2
s t AA k h OW l d ER z	stockholders/stockholders'	2
s t AA k l IY	stockley/stokley	2
s t AA l AH n	stalin/stollen	2
s t AA l ER	stahler/stollar	2
s t AA p g AE p	stop-gap/stopgap	2
s t AA r b AH k s	starbuck's/starbucks	2
s t AA r b ER d	starbird/starboard	2
s t AA r k m AH n	starckmann/starkman	2
s t AA r n z	starnes/starns	2
s t AA r t AH p	start-up/startup	2
s t AA r t AH p s	start-ups/startups	2
s t AA t	staat/stott	2
s t AE CH UW t s	statute's/statutes	2
s t AE NG g AH l	stangl/stangle	2
s t AE NG k AH v IH CH	stankevich/stankovich	2
s t AE NG k OW	stanco/stanko	2
s t AE f	staff/staph	2
s t AE f s	staff's/staffs	2
s t AE g	stag/stagg	2
s t AE k	stac/stack	2
s t AE k s	stac's/stacks	2
s t AE l IY	stahley/stahly	2
s t AE m	stam/stamm	2
s t AE n	stan/stann	2
s t AE n ER d	stanard/stannard	2
s t AE n b EH r IY	stanberry/stanbury	2
s t AE n d AH p	stand-up/standup	2
s t AE n d ER	stander/standre	2
s t AE n d ER d z	standard's/standards	2
s t AE n d IH f ER	standefer/standifer	2
s t AE n d b AY	stand-by/standby	2
s t AE n d l IY	standlee/standley	2
s t AE n l IY	stanley/stanly	2
s t AE n s AH l	stansel/stansell	2
s t AE n s IH l	stancil/stancill	2
s t AE n s b EH r IY	stansberry/stansbury	2
s t AE s n IY	stasney/stasny	2
s t AE t s	stats/statz	2
s t AH b	stub/stubbe	2
s t AH b z	stubbs/stubs	2
s t AH d IY z	studies/study's	2
s t AH d t	stoudt/studt	2
s t AH d z	studds/studs	2
s t AH f	stough/stuff	2
s t AH f ER	stouffer/stuffer	2
s t AH k	stuck/stucke	2
s t AH l t s	stults/stultz	2
s t AH m	stum/stumm	2
s t AH m p f	stumpf/stumpff	2
s t AH n t s	stunts/stuntz	2
s t AH t IH s t IH k s	statistics/statistics'	2
s t AH t s	stutts/stutz	2
s t AH t s m AH n	stutsman/stutzman	2
s t AO f	stauff/stoff	2
s t AO f ER	stauffer/stoffer	2
s t AO f ER z	stauffer's/stoffers	2
s t AO l k AH p	stalcup/stallcup	2
s t AO r IY z	stories/story's	2
s t AO r m ER	stoermer/stormer	2
s t AW t	stout/stoute	2
s t AY ER z	stiers/styers	2
s t AY l	stile/style	2
s t AY l z	stiles/styles	2
s t AY n ER	steiner/stiner	2
s t AY n b AA k	steinbach/steinbock	2
s t AY n h AA r t	steinhardt/steinhart	2
s t EH d m AH n	steadman/stedman	2
s t EH f	steffe/steph	2
s t EH f AA n	stefan/stephane	2
s t EH f AH	stefa/stepha	2
s t EH f AH l	steffel/stefl	2
s t EH f AH n AA p AH l AH s	stephanopoulos/stephanopoulos'	2
s t EH f IH n s AH n	steffensen/steffenson	2
s t EH g m AH n	stegman/stegmann	2
s t EH k ER	stecher/stecker	2
s t EH k l ER	stechler/steckler	2
s t EH k l IY	steckley/stekly	2
s t EH l	stell/stelle	2
s t EH l ER	stellar/steller	2
s t EH l IH NG	stehling/stelling	2
s t EH m	stem/stemm	2
s t EH m AH n	stehman/stemen	2
s t EH m l ER	stemler/stemmler	2
s t EH m p AH l	stempel/stemple	2
s t EH p s	steppes/steps	2
s t EH r IH t	sterett/sterrett	2
s t EH r IY	stary/sterry	2
s t EH r z	stairs/stares	2
s t EH t l ER	stetler/stettler	2
s t EH v IH s AH n	steveson/stevison	2
s t ER	stir/stuhr	2
s t ER d IH v AH n t	sturdevant/sturdivant	2
s t ER g AH l	sturgell/sturgill	2
s t ER k	sterk/sturc	2
s t ER l IH NG	sterling/stirling	2
s t ER l IH NG z	sterling's/stirling's	2
s t ER m AH n	sterman/sturman	2
s t ER m ER	stermer/sturmer	2
s t EY ER	stayer/steyer	2
s t EY SH AH n EH r IY	stationary/stationery	2
s t EY d IY AH m z	stadium's/stadiums	2
s t EY k	stake/steak	2
s t EY k AW t	stake-out/stakeout	2
s t EY l	staehle/stale	2
s t EY l IY	stailey/staley	2
s t EY n z	staines/stains	2
s t EY t ER z	stater's/staters	2
s t EY t IH n z	statin's/statins	2
s t EY t m AH n t s	statement's/statements	2
s t IH CH	stich/stitch	2
s t IH NG z	sting's/stings	2
s t IH f AE n IH k	stefanic/stefanik	2
s t IH f AH l	stifel/stiffel	2
s t IH k AH	sticka/stika	2
s t IH k AH l	stickel/stickle	2
s t IH k AH l z	stickels/stickles	2
s t IH k s	sticks/styx	2
s t IH l s AH n	stillson/stilson	2
s t IH l w EH l	stillwell/stilwell	2
s t IH l z	stills/stils	2
s t IY JH	steege/stege	2
s t IY b	steeb/steib	2
s t IY d AH l	steidl/steidle	2
s t IY d z	steed's/steeds	2
s t IY g AH l	steagall/steagle	2
s t IY g ER	stegar/steger	2
s t IY g m AH n	stegeman/stegemann	2
s t IY l ER	stealer/steeler	2
s t IY l m EY k ER z	steelmaker's/steelmakers	2
s t IY l w ER k ER z	steelworkers/steelworkers'	2
s t IY n	steen/stene	2
s t IY n b ER g AH n	steenbergen/steenburgen	2
s t IY v	steve/stieve	2
s t IY v AH n	stephen/steven	2
s t IY v AH n s AH n	stephenson/stevenson	2
s t IY v ER	steever/stever	2
s t OW	stow/stowe	2
s t OW AH w EY z	stowaway's/stowaways	2
s t OW b ER	stober/stoeber	2
s t OW f ER	stofer/stouffer(2)	2
s t OW k AH l	stoeckel/stoeckle	2
s t OW k ER	stoecker/stoker	2
s t OW l p	stolp/stolpe	2
s t OW l t s	stoeltze/stoltz	2
s t OW l z	stolz/stolze	2
s t OW n IY	stoney/stony	2
s t OY ER	steuer/stoyer	2
s t OY b ER	steuber/stoiber	2
s t UW ER d	steward/stuard	2
s t UW ER t	stewart/stuart	2
s t UW d	stewed/stude	2
s t UW k	steuck/stueck	2
s t UW p	stoop/stoup	2
s t UW p ER	stupar/stupor	2
s t UW t s	stoots/stutes	2
s t UW v	stueve/stuve	2
s t UW v ER	steuver/stuver	2
s t UW z	stew's/stews	2
s t r AE d l IH NG	straddling/stradling	2
s t r AE k	strack/stracke	2
s t r AE n d	strand/strande	2
s t r AE s b ER g ER	strasburger/strassburger	2
s t r AE t AH JH IY z	strategies/strategy's	2
s t r AE t m AH n	stratman/stratmann	2
s t r AH DH ER z	strothers/struthers	2
s t r AH b	strub/strubbe	2
s t r AH g AH l z	struggle's/struggles	2
s t r AH k CH ER z	structure's/structures	2
s t r AH t s	struts/strutz	2
s t r AO n	straughn/strawn	2
s t r AW b	straub/straube	2
s t r AW s ER	strauser/strausser	2
s t r AY b ER	streiber/strieber	2
s t r AY f	streiff/strife	2
s t r AY k	streich/strike	2
s t r AY t	streit/strite	2
s t r EH l	strehl/strehle	2
s t r EH l OW	strehlow/strelow	2
s t r EY	stray/strey	2
s t r EY n JH ER z	stranger's/strangers	2
s t r EY t ER	straighter/strater	2
s t r EY t s	straights/straits	2
s t r IH p s	strip's/strips	2
s t r IY k ER	streaker/strieker	2
s t r IY t s	street's/streets	2
s t r OW	stroh/strow	2
s t r OW m	strohm/strome	2
s t r OW m AH n	strohman/stroman	2
s t r UW b AH l	strubel/struble	2
s v EH n s AH n	svenson/svensson	2
s w AA f ER d	swafford/swofford	2
s w AA n	swan/swann	2
s w AA n z	swann's/swans	2
s w AA p	swap/swapp	2
s w AA z IY	swasey/swazi	2
s w AO NG ER	swanger/swonger	2
s w AO r t s	swarts/swartz	2
s w EH n s AH n	swensen/swenson	2
s w EH t	sweat/swett	2
s w EH t s	sweats/swetz	2
s w ER l IH NG	swerling/swirling	2
s w EY d	suede/swayed	2
s w EY z	sways/swayze	2
s w IH f t s	swift's/swifts	2
s w IH g ER t	swigert/swygert	2
s w IH n b ER n z	swinburne's/swinburnes	2
s w IY d AH n	sweden/sweeden	2
s w IY t AH n	sweeten/sweeton	2
s w IY t m AH n	sweatman/sweetman	2
s w IY t s	suites/sweets	2
s w UW p	swoop/swoope	2
t AA CH EH k	ptacek/toczek	2
t AA d	tod/todd	2
t AA k OW	taco/tocco	2
t AA l	tal/tolle	2
t AA l AA r IY k OW	talarico/tallarico	2
t AA l AH n t	tallant/tallent	2
t AA l ER IY k OW	talerico/tallerico	2
t AA l IH f s AH n	tollefsen/tollefson	2
t AA l IH s AH n	tolleson/tollison	2
t AA m	thom/tom	2
t AA m AH s	thomas/thomas'(2)	2
t AA m IY	tommie/tommy	2
t AA m b UH r OW	tamburo/tamburro	2
t AA m k IH n z	thompkins(2)/tomkins	2
t AA m p k IH n z	thompkins/tompkins	2
t AA m p s AH n z	thompson's/thompsons	2
t AA m z	tom's/toms	2
t AA n IY	tani/tawny	2
t AA p	top/topp	2
t AA p ER	topor/topper	2
t AA p IH k s	topics/topix(2)	2
t AA p s	topps/tops	2
t AA r	tar/tarr	2
t AA r AH z	tara's(2)/taras	2
t AA r d IH f	tardif/tardiff	2
t AA r g AH t s	target's/targets	2
t AA r l t AH n	tarleton/tarlton	2
t AA r p IY	tarpey/tarpy	2
t AA r t ER	tartar/tarter	2
t AA r t IH k AO f s	tartikoff's/tartikoffs	2
t AA t AH n	totten/totton	2
t AA v EH r n AH z	taverna's/tavernas	2
t AE NG	t'ang/tang	2
t AE NG k	tank/tanke	2
t AE NG k s	tank's/tanks	2
t AE SH	tasch/tash	2
t AE b	tab/tabb	2
t AE d	tad/tadd	2
t AE f	taff/taffe	2
t AE f AH l	tafel/taffel	2
t AE g ER t	taggart/taggert	2
t AE k IH t	tackett/tackitt	2
t AE k IY	tacky/taki	2
t AE k s	tacks/tax	2
t AE k s IY z	taxi's/taxis	2
t AE k t	tacked/tact	2
t AE l AH n	tallon/talon	2
t AE l IH b AE n z	taliban's/talibans	2
t AE l IY	talley/tally	2
t AE l OW	tallo/tallow	2
t AE l b AH t	talbot/talbott	2
t AE l m AE JH	tallmadge/talmadge	2
t AE m	tam/tamm	2
t AE n	tan/tann	2
t AE n AH n	tanen/tannen	2
t AE n AH n b AW m	tanenbaum/tannenbaum	2
t AE p AH n	tappan/tappen	2
t AE t j AA n AA	tatiana(2)/tatjana	2
t AH CH	touch/tuch	2
t AH NG	tongue/tung	2
t AH NG z	tongues/tung's	2
t AH b	tub/tubb	2
t AH b AE k OW z	tobacco's/tobaccos	2
t AH b l OW	tableau/tableaux	2
t AH b z	tubbs/tubs	2
t AH d EY z	today's/todays	2
t AH f	tough/tuff	2
t AH k m AH n	tuchman/tuckman	2
t AH l AH k	tulloch/tullock	2
t AH l ER	tullar/tuller	2
t AH m AA r OW z	tomorrow's/tomorrows	2
t AH m AA s IH k	tomasic/tomasik	2
t AH m AA t OW	tomato(2)/tomatoe(2)	2
t AH m AA t OW z	tomatoes(2)/tomatos(2)	2
t AH m EY t OW	tomato/tomatoe	2
t AH m EY t OW z	tomatoes/tomatos	2
t AH m IY	tumey/tummy	2
t AH m b l ER	tumbler/tumblr	2
t AH m z	tums/tums'	2
t AH n	ton/tonne	2
t AH n AH l	tunnel/tunnell	2
t AH n AH l z	tunnel's/tunnels	2
t AH n AY t	tonight/tonite	2
t AH n IY	tunney/tunny	2
t AH n z	tonnes/tons	2
t AH p AA g r AH f IY	topography/typography	2
t AH s IY	tousey/tussey	2
t AH t	tut/tutt	2
t AO k IY	talkie/talky	2
t AO k s	talk's/talks	2
t AO r AH n s	torrance/torrence	2
t AO r AH s	taurus/torras	2
t AO r EH z	torres/torrez	2
t AO r EY	toray/torray	2
t AO r IY AH n	torian/torreon	2
t AO r IY z	tories/tories'	2
t AO r g ER s AH n	torgersen/torgerson	2
t AO r m EH n t	torment/torment(2)	2
t AO r n OW	torno/tornow	2
t AO r p IY d OW z	torpedoes/torpedos	2
t AO r s t AH n	thorsten/torsten	2
t AO r t	tort/torte	2
t AO t	taught/taut	2
t AW ER	tauer/tower	2
t AW l	towel(2)/towle	2
t AW l z	towels(2)/towle's	2
t AW n	town/towne	2
t AW n SH IH p s	township's/townships	2
t AW n s AH l	townsel/townsell	2
t AY ER	tire/tyer	2
t AY IH NG	tieing/tying	2
t AY d	tide/tied	2
t AY d IH NG z	tidings/tydings	2
t AY d z	tide's/tides	2
t AY g AA r	tigar/tygar	2
t AY g ER	tiger/tyger	2
t AY k UW n z	tycoon's/tycoons	2
t AY k m AH n	teichman/teichmann	2
t AY l IY	tiley/tylee	2
t AY l z	tiles/tilles	2
t AY m AH n	timan/timon	2
t AY m AW t	time-out/timeout	2
t AY n	tine/tyne	2
t AY n ER	tiner/tyner	2
t AY n z	tines/tynes	2
t AY r IY	tirey/tyree	2
t AY s	tice/tyce	2
t AY s AH n	thyssen/tyson	2
t AY t AH l	teitel/title	2
t AY t AH n	tighten/titan	2
t AY t AH n z	tightens/titans	2
t EH NG g AH l m AH n	tengelmann/tenglemann	2
t EH SH	tesch/tesh	2
t EH d IY	teddie/teddy	2
t EH d m AH n d	tedmond/tedmund	2
t EH h ER AA n IY z	teherani's/teheranis	2
t EH h ER AA n z	teheran's/teherans	2
t EH k n IH SH AH n z	technician's/technicians	2
t EH k n IH k AH l z	technical's/technicals	2
t EH k n OW f OW b z	technophobe's/technophobes	2
t EH k s AH n z	texan's/texans	2
t EH k s AH s	texas/texas'(2)	2
t EH k s AH s IH z	texas'/texas's(2)	2
t EH k s t ER	texter/textor	2
t EH l	tel/tell	2
t EH l AH f OW n z	telephone's/telephones	2
t EH l AH k AA m	telecom/telekom	2
t EH l AH k AH m j UW n AH k EY SH AH n z	telecommunications/telecommunications'	2
t EH l AH k AH m j UW t ER z	telecommuter's/telecommuters	2
t EH l AH s IH s	telesis/telesis'	2
t EH l AH s k OW p s	telescope's/telescopes	2
t EH l AH s t r EY t ER	telestrator/telustrator	2
t EH l AH v IH ZH AH n	television/tv(2)	2
t EH l AH v IH ZH AH n z	television's/televisions	2
t EH l ER z	teller's/tellers	2
t EH l IY	tele/telly	2
t EH l z	telles/tells	2
t EH m p AH l	tempel/temple	2
t EH m p AH l z	temple's/temples	2
t EH m p l ER	templar/templer(2)	2
t EH m p l ER z	templars/templers(2)	2
t EH n	ten/tenn	2
t EH n AH n b AW m	tenenbaum/tennenbaum	2
t EH n IH s AH n	tennison/tennyson	2
t EH n IY	tenney/tenny	2
t EH n z	ten's/tens	2
t EH r	tear/terre(2)	2
t EH r AH	tara/terre	2
t EH r AH z	tara's/terra's	2
t EH r ER IH s t s	terrorists'/terrorists(2)	2
t EH r IY z	terese/terry's	2
t EH s IY	tessie/tessy	2
t EH s l ER	tesler(2)/tessler	2
t EH s t ER	tester/testor	2
t EH t	tet/tete	2
t EH t m AY ER	tegtmeier/tegtmeyer	2
t ER CH IH n	turchin/turchyn	2
t ER EY n	terrain/torain	2
t ER EY s AH	teresa(2)/theresa(2)	2
t ER EY s AH z	teresa's(2)/theresa's(2)	2
t ER IY s AH	teresa/theresa	2
t ER IY s AH z	teresa's/theresa's	2
t ER b AH n	turban/turben	2
t ER b OW	turbo/turbot	2
t ER g AH t	target(2)/turgut	2
t ER k	turck/turk	2
t ER k AH l	terkel/turkel	2
t ER k IY z	turkey's/turkeys	2
t ER k OW	turco/turko	2
t ER m AH n	terman/turman	2
t ER m z	term's/terms	2
t ER n AW t	turn-out/turnout	2
t ER n IY	tourney/turney	2
t ER t AH l z	turtle's/turtles	2
t EY	tae/tay	2
t EY b AH l z	table's/tables	2
t EY b ER	taber/tabor	2
t EY l	tail/tale	2
t EY l z	tails/tales	2
t EY p s	tape's/tapes	2
t EY r AA n IY z	tehrani's/tehranis	2
t EY r AA n z	tehran's/tehrans	2
t EY s IY	tacey/tacy	2
t EY s t ER z	taster's/tasters	2
t EY v IY	tavie/tavy	2
t IH SH	tisch/tish	2
t IH SH ER	tischer/tisher	2
t IH SH IH z	tisch's/tish's	2
t IH SH l ER	tischler(2)/tishler	2
t IH f t	tifft/tift	2
t IH g z	tigges/tiggs	2
t IH k	tic/tick	2
t IH k AH t s	ticket's/tickets	2
t IH k n ER	tickner/ticknor	2
t IH k s	ticks/tics	2
t IH l d AH	tilda/tilde	2
t IH l s AH n	tillson/tilson	2
t IH m AH n IY	timmeny/timoney	2
t IH m ER	timmer/timur	2
t IH m ER m AH n	timmerman/timmermann	2
t IH m IY	timmie/timmy	2
t IH m b ER	timber/timbre	2
t IH n IY	tinney/tinny	2
t IH p	tip/tipp	2
t IH p IH t s	tippets/tippetts	2
t IH p IY	tippie/tippy	2
t IH p s	tipps/tips	2
t IH r	tear(2)/teer	2
t IH s d AH l	tisdel/tisdell	2
t IH t AH l	tittel/tittle	2
t IH t s w ER TH	titsworth/tittsworth	2
t IH z	'tis/tis	2
t IY AH n	teahan/teehan	2
t IY d	teed/tiede	2
t IY d m AH n	tiedeman/tiedemann	2
t IY g AA r d AH n	teagarden/teegarden	2
t IY k	teac/teak	2
t IY m	team/teem	2
t IY m AH n	tieman/tiemann	2
t IY m IH NG	teaming/teeming	2
t IY n AH	teena/tina	2
t IY n EY JH ER z	teenager's/teenagers	2
t IY r	teare/tier	2
t IY t	teat/teet	2
t IY v IY z	tv's/tvs	2
t OW IH NG	toeing/towing	2
t OW b ER	tobar/tober	2
t OW b IH n	tobin/towbin	2
t OW k AA r z	tokars/tokarz	2
t OW k IY OW	tokio/tokyo	2
t OW l AH n	tolan/tolen	2
t OW l IH v ER	toliver/tolliver	2
t OW l d	told/tolled	2
t OW l s AH n	toalson/tolson	2
t OW m AA s EH t IY	tomasetti/tomassetti	2
t OW m AA s IY	tomasi/tomassi	2
t OW m AA s IY n IY	tomasine/tomasini	2
t OW m AA s OW	tomaso/tomasso	2
t OW m AH	thoma(2)/toma	2
t OW n IY z	tony's/tonys	2
t OW s t	toast/toste	2
t OW t AH l IH NG	totaling/totalling	2
t OW t AH l d	totaled/totalled	2
t OW t AH l z	total's/totals	2
t OW z	toes/tows	2
t OY	toy/toye	2
t OY l AH t s	toilet's/toilets	2
t UH k	took/tooke	2
t UH r	tour/ture	2
t UH r IH NG	touring/turing	2
t UH r IY	turi/turri	2
t UH r OW	turo/turow	2
t UH r z	tour's/tours	2
t UW IY	toohey/tuohy	2
t UW SH EH t	touchet/touchette	2
t UW TH ER d z	two-thirds/twothirds	2
t UW d EY	today(2)/two-day	2
t UW d EY z	today's(2)/todays(2)	2
t UW d UW	to-do/todo	2
t UW d UW z	to-dos/todos	2
t UW l IY	tooley/tulley	2
t UW m AA r OW z	tomorrow's(2)/tomorrows(2)	2
t UW m ER	toomer/tumor	2
t UW m IY n EH l OW	tuminello/tumminello	2
t UW m z	tombs/toombs	2
t UW p s	toops/toups	2
t UW t AH l	tootal/tootle	2
t UW t s IY	tootsie/tutsi	2
t UW t s IY z	tutsi's/tutsis	2
t UW z	two's/twos	2
t UW z d EY z	tuesday's(2)/tuesdays	2
t UW z d IY z	tuesday's/tuesdays(2)	2
t UW z l AH	tusla/tuzla	2
t j UW z d EY z	tuesday's(3)/tuesdays(3)	2
t r AA CH	tracz/troche	2
t r AA k s AH l	troxel/troxell	2
t r AA m b l IY	trombley/trombly	2
t r AA t	trot/trott	2
t r AE NG k w IH l IH t IY	tranquility/tranquillity	2
t r AE k t AH b AH l	tractable/tractebel	2
t r AE m p	tramp/trampe	2
t r AE n s f AO r m	transform/transform(2)	2
t r AE n s f ER	transfer/transfer(2)	2
t r AE n s f ER AH b AH l	transferable/transferrable	2
t r AE n s f ER IH NG	transfering/transferring	2
t r AE n s f ER z	transfers/transfers(2)	2
t r AE n s m IH t ER z	transmitter's/transmitters	2
t r AE n s p AO r t	transport/transport(2)	2
t r AE n s p AO r t s	transports/transports(2)	2
t r AE n z AE k SH AH n z	transaction's/transactions	2
t r AE n z UW	transou/transue	2
t r AE v AH l ER	traveler/traveller	2
t r AE v AH l IH NG	traveling/travelling	2
t r AE v AH l d	traveled/travelled	2
t r AE v l IH NG	traveling(2)/travelling(2)	2
t r AH k ER z	truckers/truckers'	2
t r AH l AH k	trulock/truluck	2
t r AH m b AH l	trumble/trumbull	2
t r AH m p s	trump's/trumps	2
t r AH s	trus/truss	2
t r AH s t IY	trustee/trusty	2
t r AH v OW l t AH z	travolta's/travoltas	2
t r AO TH	trauth/troth(2)	2
t r AW t	trout/troutt	2
t r AW t n ER	trautner/troutner	2
t r AW t w AY n	trautwein/troutwine	2
t r AY AE NG g AH l z	triangle's/triangles	2
t r AY AE d z	triad's/triads	2
t r AY AH l z	trial's/trials	2
t r AY b AH l IH z AH m	tribalism/tribalism(2)	2
t r AY b z	tribe's/tribes	2
t r AY s t EY t	tri-state/tristate	2
t r EH ZH ER ER z	treasurer's/treasurers	2
t r EH d w EY	treadway/tredway	2
t r EH g ER	traeger/tregre	2
t r EH k ER	tracor(2)/trecker	2
t r EH l AH	trela/trella	2
t r EH m b l IY	trembley/trembly	2
t r EH s AH l	tressel/trestle	2
t r EY d AH b AH l	tradable/tradeable	2
t r EY d AO f	trade-off/tradeoff	2
t r EY d AO f s	trade-offs/tradeoffs	2
t r EY d IH NG z	trading's/tradings	2
t r EY d z	trade's/trades	2
t r EY l ER	trailer/traylor	2
t r EY l w EY z	trailways/trailways'	2
t r EY l z	trails/trails'	2
t r EY n	train/trane	2
t r EY n z	train's/trains	2
t r EY s ER	tracer/tracor	2
t r IH NG k AH	trinka/trnka	2
t r IH SH AH	tricia/trisha	2
t r IH SH AH z	tricia's/trisha's	2
t r IH b IY	tribbey/tribby	2
t r IH b j UW t s	tribute's/tributes	2
t r IH k AH l	trickel/trickle	2
t r IH k IY	trickey/tricky	2
t r IH k s IY	trixie/trixy	2
t r IH m	trim/trimm	2
t r IH p IY	trippie/trippy	2
t r IY t IY z	treaties/treaty's	2
t r OW l IH NG ER	trolinger/trollinger	2
t r OW l z	troll's/trolls	2
t r OY k AH	troika/troyka	2
t r UW b IY	trubey/truby	2
t r UW d IY	trudie/trudy	2
t r UW d OW	trudeau/trudo	2
t r UW k OW	trucco/truicko	2
t r UW t	truett/truitt	2
t s AO NG g AH s	tsongas/tsongas'	2
t w AH z	'twas/twas	2
t w EH n IY z	twenties(2)/twenty's(2)	2
t w EH n t IY z	twenties/twenty's	2
t w IH CH AH l	twichell/twitchell	2
t w IH g	twig/twigg	2
t w IH g z	twiggs/twigs	2
t w IH n z	twins/twins'	2
t w IH s t ER z	twister's/twisters	2
t w IY d IY	tweedie/tweedy	2
v AA k s	vocs/vox	2
v AA l AH n d	voland/volland	2
v AA l EH k	valek/walek	2
v AA l EH n t IY	valente/valenti	2
v AA l d AH	valda/walda	2
v AA l m ER	vollmar/vollmer	2
v AA n AA t AH	vanatta/vannatta	2
v AA n IY	vonnie/vonny	2
v AA r n AA d OW	varnado/varnadoe	2
v AA r n IY	varney/varni	2
v AA s	vohs/vos	2
v AA s AH l ER	vosler/vossler	2
v AA s l ER	vosler(2)/vossler(2)	2
v AE k AH	vaca/vacca	2
v AE k s IY n z	vaccine's/vaccines	2
v AE l AH n t AY n z	valentine's/valentines	2
v AE l IH s	valis/vallis	2
v AE l IY z	valley's/valleys	2
v AE l d EH z	valdes/valdez	2
v AE l j UW	valu/value	2
v AE l j UW z	values/values'	2
v AE m p AY r z	vampire's/vampires	2
v AE n	van/vann	2
v AE n AA s t r AH n d	vannostrand/vanostrand	2
v AE n AE m b ER g	vanamburg/vanamburgh	2
v AE n AE t ER	vannater/vannatter	2
v AE n AH	vana/vanna	2
v AE n AH s	vaness/vanous	2
v AE n AO r m AH n	vannorman/vanorman	2
v AE n d AE m	vandam/vandamme	2
v AE n d ER b ER g	vanderberg/vanderburg	2
v AE n d ER w AA l	vanderwal/vanderwall	2
v AE n d ER w ER f	vanderwerf/vanderwerff	2
v AE n d IH k	vandyck/vandyk	2
v AE n f AA s AH n	vanfossan/vanfossen	2
v AE n h AO r n	vanhorn/vanhorne	2
v AE n h UW z ER	vanhooser/vanhoozer	2
v AE n k AE m p AH n	vancampen/vankampen	2
v AE n l IH r	vanleer/vanliere	2
v AE n l UW	vanloo/vanlue	2
v AE n m IY t ER	vanmeter/vanmetre	2
v AE n s IH k AH l	vansickel/vansickle	2
v AE n s k AY v ER	vansciver/vanskiver	2
v AE n t AE s AH l	vantassel/vantassell	2
v AE n t IH JH IH z	vantage's/vantages	2
v AE n v l IY t	vanvleet/vanvliet	2
v AE n w IH k	vanwyck/vanwyk	2
v AE s AH l	vassal/vassel	2
v AE s IY	vasey/vassey	2
v AE s k EH z	vasquez/vazquez	2
v AH l EH n t AH	valenta/walenta(2)	2
v AH l IH n s k IY	wolinski/wolinsky	2
v AH l OW	valleau/veilleux	2
v AH l k AH n z	vulcan's/vulcans	2
v AH s IH l IY	vassily/wassily	2
v AO r h IY z	vorhees/vorhies	2
v AO s	vause/voss	2
v AO t	vaught/vought	2
v AW AH l z	vowels/vowles	2
v AY AH l	vial/viall	2
v AY d	vide/vied	2
v AY k IH NG z	viking's/vikings	2
v AY n AH l	vinal/vinyl	2
v AY r AH s IH z	virus's/viruses(2)	2
v AY s	vice/vise	2
v AY t AH	vita/vitae	2
v EH l AA r d IY	velarde/velardi	2
v EH l AE s k EH z	velasquez/velazquez	2
v EH l AH	vela/vella	2
v EH l IY	veley/velie	2
v EH n	venn/venne	2
v EH n ER d	venard/vennard	2
v EH n t ER	venter/ventre	2
v EH n t ER z	venters/ventres	2
v EH r AH t IY z	verities/verity's	2
v EH r AY z AH n z	verizon's/verizons	2
v EH r IH t	verit/verrett	2
v EH r IH t IY	varity/verity(2)	2
v EH r OW	varo/vero	2
v EH s AH l z	vessel's/vessels	2
v EH s IY	vesey/vessey	2
v EH s t ER	vestar/vester	2
v EH t	vet/vette	2
v EH t ER	vetere/vetter	2
v EH t r AH n z	veterans'(2)/veterans(2)	2
v ER JH	verge/virge	2
v ER JH AH l	vergil/virgil	2
v ER JH AH n z	virgin's/virgins	2
v ER b AH l	verbal/verble	2
v ER d IY	verde/verdes	2
v ER m IH l j AH n	vermilion/vermillion	2
v ER m IY l j AH	vermilya/vermilyea	2
v ER n	vern/verne	2
v ER n AH	verna/virna	2
v ER n ER	verner/vernor	2
v ER s	vers/verse	2
v ER t s	vertz/virts	2
v EY d AH	vayda/veda	2
v EY g AH	vega/veiga	2
v EY k EY SH AH n ER z	vacationers/vacationers'	2
v EY k EY t IH d	vacated/vacated(2)	2
v EY n z	vanes/veins	2
v IH ZH AH n z	vision's/visions	2
v IH d IY OW z	video's/videos	2
v IH g ER	viger(2)/vigor	2
v IH g n OW	vigneau/vigneault	2
v IH k ER	vicar/vicker	2
v IH k ER IY	vicary/vickery(2)	2
v IH k ER z	vicars/vickers	2
v IH k s	vic's/vicks	2
v IH k t AH m z	victim's/victims	2
v IH k t AO r IY AH z	victoria's/victorias	2
v IH k t ER	victor/viktor	2
v IH k t ER z	victor's/victors	2
v IH l AH z	villa's/villas	2
v IH l ER z	villars/villers	2
v IH l IH JH IH z	village's/villages(2)	2
v IH n IY	vinnie/vinny	2
v IH n j ER d	vineyard/vinyard	2
v IH r	veer/vere	2
v IH r t EH l z	viertel's/viertels	2
v IH r z	veers/viers	2
v IH s t AH z	vista's/vistas	2
v IH t EH k	vitek/witek	2
v IH t IH t OW	vittetoe/vittitow	2
v IY AY p IY z	vip's/vips	2
v IY EH r AH	vieira/vieyra	2
v IY OW	viau/vieau	2
v IY OW l AH s	violist's(2)/violists(2)	2
v IY OW l AH s t s	violist's/violists	2
v IY OW l EH t	violett(3)/violette	2
v IY OW l EH t AH	violeta/violetta	2
v IY TH	vaeth/veith	2
v IY h IH k AH l z	vehicle's/vehicles	2
v IY n	veen/vien	2
v IY n AH	vena/vina	2
v IY n AH s	venous/venus	2
v IY t AA l IY	vitali/vitaly(2)	2
v IY t OW	veto/vito	2
v IY t OW z	vetoes/vetos	2
v IY z AH z	visa's/visas	2
v IY z l IY	veasley/vesely	2
v OW g AH l	voegele/vogel	2
v OW l k ER z	volcker's/volkers	2
v OW l k m AH n	volkman/volkmann	2
v OW l k m ER	volkmar/volkmer	2
v OW l k s w AE g AH n z	volkswagen's/volkswagens	2
v OW l s k IY	wolski/wolsky	2
v OW l t IH JH IH z	voltage's/voltages(2)	2
v OW t	vogt/vote	2
v OW t s	vote's/votes	2
v OY IH JH ER z	voyager's/voyagers	2
v OY l z	voiles/voyles	2
v OY n AH v IH CH	voinovich/voynavich	2
v OY s IH z	voice's/voices(2)	2
v OY t AH	vojta/vojta(2)	2
v UH r h IY z	voorhees/voorhies	2
v UW	vous/vu	2
v j UW	view/vue	2
w AA f ER d	wafford/wofford	2
w AA g AH	ouaga/waga	2
w AA k IY m	joachim(2)/joaquim	2
w AA k IY m z	joachim's(2)/joachims(2)	2
w AA l AH n	wahlen/wollen	2
w AA l ER	wahler/woller	2
w AA l IY d	waleed/walid	2
w AA l OW	wallo/wallow	2
w AA l m AH n	wollman/wolman	2
w AA m b AH l	wamble/womble	2
w AA m b OW l t	wamboldt/wambolt	2
w AA n AH b IY	wannabe/wannabee	2
w AA n AH b IY z	wannabees/wannabes	2
w AA n AH m EY k ER	wanamaker/wannamaker	2
w AA n d AH	wanda/wonda	2
w AA n d AH l	wandel/wandell	2
w AA n t AH	wanta/wante	2
w AA n t s	wants/wantz	2
w AA p IH NG	wapping/whopping	2
w AA s AH m	wassom/wassum	2
w AA s p s	wasp's/wasps	2
w AA t AH n b ER g	wattenberg/wattenburg	2
w AA t k IH n z	watkins/watkins'	2
w AE NG	wang/whang	2
w AE g	wag/wagg	2
w AE g IY	waggy/wagy	2
w AE g z	wag's/wags	2
w AE k	wack/whack	2
w AE k ER	wacker/whacker	2
w AE k OW z	wackos/whackos	2
w AE k l IY	wakeley/wakley	2
w AE k s m AH n	wacksman/waxman	2
w AE k s m AH n z	wacksman's/waxman's	2
w AH l IH n s k IY	walinsky/wilensky	2
w AH n	one/won	2
w AH n d ER	wonder/wunder	2
w AH n d ER l IY	wonderly/wunderle	2
w AH n d ER z	wonder's/wonders	2
w AH n j IH r	one-year/oneyear	2
w AH n t AY m	one-time/onetime	2
w AH s	wass/wuss	2
w AH t s	what's/whats	2
w AO CH	wach/watch(2)	2
w AO d AH l	wadle/wodel	2
w AO k	walk/walke	2
w AO k ER z	walker's/walkers	2
w AO k IH n	walk-in/walkin'	2
w AO k s	wachs/walks	2
w AO l AH z	wala's/walas	2
w AO l ER	wallar/waller	2
w AO l IH k	wallich/wallick	2
w AO l IH s	wallace(2)/wallis	2
w AO l b ER n	walborn/walburn	2
w AO l d AA k	waldoch/waldock	2
w AO l d AH n	walden/waldon	2
w AO l d AH n b UH k s	waldenbooks/waldenbooks'	2
w AO l d OW	waldo(2)/waldow	2
w AO l d h OW l t s	waldholtz/waldholz	2
w AO l d r AH n	waldren/waldron	2
w AO l d r UW p	waldroop/waldroup	2
w AO l g r AH n	walgren/wallgren	2
w AO l k AA t	walcot/walcott	2
w AO l m AA r t	wal-mart/walmart	2
w AO l m AA r t s	walmart's/walmarts	2
w AO l t AH n z	walton's/waltons	2
w AO l t s	walts/waltz	2
w AO l z ER	walser/walzer	2
w AO r AH n z	warren's/warrens	2
w AO r NG k IY	warncke/warnke	2
w AO r d	ward/warde	2
w AO r d z	ward's/wards	2
w AO r f	warf/wharf	2
w AO r f s	wharf's/wharfs	2
w AO r l AO k s	warlock's/warlocks	2
w AO r l IY	warley/whorley(2)	2
w AO r n ER z	warner's/warners	2
w AO r n z	warnes/warns	2
w AO r s AO z	warsaw's/warsaws	2
w AO r t AH n	warton/wharton	2
w AO t ER m AH n	waterman/watermen	2
w AO t ER z	water's/waters	2
w AW t ER z	wauters/wouters	2
w AW z	wow's/wows	2
w AY AH n d	weiand/wyand	2
w AY AH n t	wiant/wyant	2
w AY AH t	wiatt/wyatt	2
w AY ER z	wires/wyers	2
w AY d AH n	widen/wyden(2)	2
w AY d ER	weider/wider	2
w AY d l IH k	waidelich/weidlich	2
w AY f AY	wi-fi/wifi	2
w AY f AY z	wifi's/wifis	2
w AY g AH n t	weigandt/wygant	2
w AY k ER t	weichert/weikert	2
w AY n ER IY	whinery/winery	2
w AY n ER IY z	wineries/winery's	2
w AY n IH NG	whining/wining	2
w AY n IY	whiny/winey	2
w AY n d	wind/wined	2
w AY n d z	windes(2)/winds(2)	2
w AY n t s	weintz/weintz'	2
w AY r	wire(2)/wyre	2
w AY r IH k	weirich/weirick	2
w AY s AH n b ER g ER	weisenberger/weisenburger	2
w AY s ER	weiser/weisser	2
w AY s IH n JH ER	weisinger/weissinger	2
w AY s IH n b ER n	weisenborn/weissenborn	2
w AY s b ER g	weisberg/weissberg	2
w AY t l IY	whiteley/whitely	2
w AY t s	white's/whites	2
w AY t s EH l	whitesel/whitesell	2
w AY v z	wives/wives'	2
w AY z AH l	weisel(2)/wisel	2
w AY z l IY	wiseley(2)/wisely	2
w AY z m AH n	weizman/wiseman	2
w EH DH ER	weather/whether	2
w EH DH ER IH NG t AH n	weatherington/wetherington	2
w EH DH ER l IY	weatherly/wetherly	2
w EH DH ER z	weather's/weathers	2
w EH JH w UH d	wedgewood/wedgwood	2
w EH NG	weng/wenge(2)	2
w EH SH	wesch/wesche	2
w EH TH ER AH l	wetherell/wetherill	2
w EH TH IH NG t AH n	weathington/wethington	2
w EH b	web/webb	2
w EH b s AY t s	website's/websites	2
w EH b s t ER z	webster's/websters	2
w EH d IH NG z	wedding's/weddings	2
w EH g m AH n	wegman/wegmann	2
w EH k s AH l	wechsel/weksel	2
w EH k s l ER	wechsler/wexler	2
w EH k t ER	waechter/wechter	2
w EH l	well/welle	2
w EH l AH n z	wellens/wellons	2
w EH l CH	welch/welsh	2
w EH l CH AH l	welchel/whelchel	2
w EH l ER	wehler/weller	2
w EH l IH NG	wehling/welling	2
w EH l IH NG t AH n z	wellington's/wellingtons	2
w EH l SH	welsch/welsh(2)	2
w EH l b ER n	welborn/welborne	2
w EH l b IY IH NG	well-being/wellbeing	2
w EH l d AH n	welden/weldon	2
w EH l d z	weld's/welds	2
w EH l k	welk/welke	2
w EH l k AH m	welcome/wellcome	2
w EH l k AH m z	welcomes/wellcome's	2
w EH l t	welt/welte	2
w EH l t AH n	welton/whelton	2
w EH m AY ER	wehmeier/wehmeyer	2
w EH n	wen/when	2
w EH n ER	wehner/wenner	2
w EH n IH NG ER	weninger/wenninger	2
w EH n b ER g	wenberg/wennberg	2
w EH n d	wend/wende	2
w EH n d AH l	wendel/wendell	2
w EH n d AO r f	wendorf/wendorff	2
w EH n r IH k	wenrich/wenrick	2
w EH n t z AH l	wentzel/wentzell	2
w EH n z	wenz/when's	2
w EH n z AH l	wenzel/wenzl	2
w EH n z d EY z	wednesday's(2)/wednesdays	2
w EH n z d IY z	wednesday's/wednesdays(2)	2
w EH r AH l IY	warily/wearily	2
w EH r EH v ER	wearever/wherever	2
w EH r ER	wearer/where're	2
w EH r h AW s	warehouse/wearhouse	2
w EH r h AY m	warehime/wehrheim	2
w EH r l IY	wehrli/wehrly	2
w EH r m AH n	wehrman/wehrmann	2
w EH s	wes/wess	2
w EH s AH l	wessel/wessell	2
w EH s AH l z	wessells/wessels	2
w EH s l ER	wesler(2)/wessler	2
w EH s n ER	wesner/wessner	2
w EH s t AH n	westen/weston	2
w EH s t EH k	westech/westtech	2
w EH s t ER	westar/wester	2
w EH s t ER m AH n	westerman/westermann	2
w EH s t ER n z	western's/westerns	2
w EH s t b EH r IY	westberry/westbury	2
w EH s t b ER OW	westboro/westborough	2
w EH s t l AH n d	westland/westlund	2
w EH s t m AA r k	westmarc/westmark	2
w EH s t r AH m	westrom/westrum	2
w EH s t r IH k	westrich/westrick	2
w EH t	wet/whet	2
w EH t l AE n d z	wetlands/wetlands'	2
w EH t z AH l	wetzel/whetzel	2
w ER	we're(3)/were	2
w ER DH IY	worthey/worthy	2
w ER SH AH p IH NG	worshiping/worshipping	2
w ER SH IH p ER z	worshipers/worshippers	2
w ER TH s	worth's/worths	2
w ER d AH n	werden/worden	2
w ER k IH NG	werking/working	2
w ER k m AH n z	workman's/workmen's	2
w ER l IH NG	werling/whirling	2
w ER l d	whirled/world	2
w ER l d z	world's/worlds	2
w ER l p UW l z	whirlpool's/whirlpools	2
w ER m	worm/wurm	2
w ER m AH n	werman/worman	2
w ER m UW TH	wermuth/wormuth	2
w ER m z	worm's/worms	2
w ER s t ER	worster/wurster	2
w ER t	wert/wirt	2
w ER z	wirz/wurz	2
w EY AH n t	weyandt/weyant	2
w EY ER	weier/weyer	2
w EY d z	wade's/wades	2
w EY f ER	wafer/waifer	2
w EY k AH p	wake-up/wakeup	2
w EY l AH n	walen/whalen	2
w EY l AH n d	wayland/weyland	2
w EY l IH NG	wailing/whaling	2
w EY l IY	wally(2)/whaley	2
w EY m AH n	wayman/weyman	2
w EY n ER	wainer/waner	2
w EY n IH k	wanek/waynick	2
w EY n r AY t	wainright/wainwright	2
w EY n s k AH t	wainscot/wainscott	2
w EY n z	wanes/wayne's	2
w EY s t	waist/waste	2
w EY t ER z	waiter's/waiters	2
w EY t IH NG	waiting/weighting	2
w EY t IH d	waited/weighted	2
w EY t IY	weighty/weighty(2)	2
w EY v	waive/wave	2
w EY v ER	waiver/waver	2
w EY v ER l IY	waverley/waverly	2
w EY v IH NG	waiving/waving	2
w EY v d	waived/waved	2
w EY v z	waives/waves	2
w IH CH IY	witchey/witchy	2
w IH CH m AH n	wichman/wichmann	2
w IH DH	with/with(4)	2
w IH DH ER	whither/wither	2
w IH NG g IH t	winget/wingett	2
w IH NG g l ER	wengler(2)/wingler(2)	2
w IH NG k AH l	winkel/winkle	2
w IH NG k AH l z	winkels/winkles	2
w IH NG k l ER	winckler/winkler	2
w IH SH	wisch/wish	2
w IH TH AH m	whitham/witham	2
w IH TH IY	withee/withey	2
w IH d AH l	widdle/widell	2
w IH d AH n	whidden/whiddon	2
w IH d m AH n	widman/widmann	2
w IH d m ER	widmar/widmer	2
w IH g AH l	wigal/wiggle	2
w IH g IH NG t AH n	wiggington/wigington	2
w IH k ER	whicker/wicker	2
w IH k ER z	wicker's/wickers	2
w IH k IY	wickey/wiki	2
w IH k IY z	wiki's/wikis	2
w IH k s AH n	wixon/wixson	2
w IH k s t r AH m	wickstrom/wikstrom	2
w IH l AH m	willam/willem	2
w IH l AH m z	willaims/willems	2
w IH l IH f ER d	willeford/williford	2
w IH l IH t	willet/willett	2
w IH l OW z	willowes/willows	2
w IH l b ER	wilber/wilbur	2
w IH l f AH l IY	wilfully/willfully	2
w IH l f r IH d	wilfred/wilfrid	2
w IH l h AY t	wilhite/willhite	2
w IH l h EH l m	wilhelm/willhelm	2
w IH l j AA r d	williard/willyard	2
w IH l j AH m	william/wm	2
w IH l j AH m s AH n	williamsen/williamson	2
w IH l j AH m z b ER g	williamsburg/williamsburgh	2
w IH l k	wilk/wilke	2
w IH l k AA k s	wilcox/willcox	2
w IH l k IH n s AH n	wilkenson/wilkinson(2)	2
w IH l k s	wilkes/wilks	2
w IH l m AO r	willmore/wilmore	2
w IH l m ER	wilmar/wilmer	2
w IH l n ER	willner/wilner	2
w IH l s AH n	willson/wilson	2
w IH l t	wildt/wilt	2
w IH l t s IY	wiltsey/wiltsie	2
w IH m AH n z	women's/womens'	2
w IH m b ER l IY	wimberley/wimberly	2
w IH m p IY	wimpee/wimpy	2
w IH m z	whims/wims	2
w IH n AH n AH	winona/winonah	2
w IH n d AH l	windell/windle	2
w IH n d IH SH	windisch/windish	2
w IH n f r IH d	winfred/winfrid	2
w IH n f r IY	winfree/winfrey	2
w IH n s l IH t	winslet/winslett	2
w IH n t	windt/wint	2
w IH n t AH n	winton/wynton	2
w IH n t ER	winter/wynter	2
w IH n t ER s t IY n	wintersteen/winterstein(2)	2
w IH n t ER z	winter's/winters	2
w IH n w ER d	winward/winword	2
w IH n z ER z	windsor's/windsors	2
w IH p	whip/whipp	2
w IH p s	whipps/whips	2
w IH r	we're(2)/wier	2
w IH r IH k	wirick/wyrick	2
w IH r IY	weary/wiry	2
w IH s AH l	whistle/wissel	2
w IH s k IY	whiskey/whisky	2
w IH s p AH r ER z	whisperer's/whisperers	2
w IH t ER z	witter's/witters	2
w IH t IH NG	whitting/witting	2
w IH t IH d	whitted/witted	2
w IH t IY	whitty/witty	2
w IH t b EH k	whitbeck/witbeck	2
w IH t k AH p	witkop/wittkopp	2
w IH t l IH NG	whitling/whittling	2
w IH t l IY	whitley/whitly	2
w IH t m AO r	whitmore/whittemore	2
w IH t m AY ER	whitmyer/wittmeyer	2
w IH t n AH s	witness/witness'	2
w IH t n ER	whitner/wittner	2
w IH t s AH l	whitsel/whitsell	2
w IH t s IH t	whitsett/whitsitt	2
w IH t w ER	wittwer/witwer	2
w IH z	whiz/wiz	2
w IY CH	weech/wiech	2
w IY b ER	weeber/wieber	2
w IY g m AH n	wiegman/wiegmann	2
w IY h	wehe/weihe	2
w IY k EH n d z	weekend's/weekends	2
w IY k l IY z	weeklies/weekly's	2
w IY k m AH n	wiechman/wiechmann	2
w IY l AH n d	wheeland/wieland	2
w IY l AH s	wheeless/wheelus	2
w IY l ER z	wheeler's/wheelers	2
w IY l IH s	wheelis/wheless	2
w IY m AH n	wieman/wiemann	2
w IY m EH t	ouimet/ouimette	2
w IY n IH k	wienecke/wieneke	2
w IY n z	weins/wiens	2
w IY r	we're/weir	2
w IY r z	weir's/wiers	2
w IY s	weise/wiess	2
w IY s AH n	wesun/wiesen	2
w IY t AH n	wheaten/wheaton	2
w IY t l IY	wheatley/wheatly	2
w IY v	we've/weave	2
w IY v AH l	weavil/weevil	2
w IY v ER	weaver/wever	2
w IY v ER z	weaver's/weavers	2
w IY z n ER	weesner/wiesner	2
w OW l	woehl/wohl	2
w OW l ER	woehler/wohler	2
w OW l f AH l	woelfel/woelfle	2
w OW l f ER d	wohlford/wolford	2
w OW n t	won't/wont	2
w OY CH IH k	wojcik/wojick	2
w UH d	wood/would	2
w UH d IY	woodie/woody	2
w UH d b EH r IY	woodberry/woodbury	2
w UH d h AW s	wodehouse/woodhouse	2
w UH d l AE n d z	woodland's/woodlands	2
w UH d l IY	woodlee/woodley	2
w UH d r AH m	woodrome/woodrum	2
w UH d w IH n d z	woodwind's/woodwinds	2
w UH d z	wood's/woods	2
w UH l AH n	woolen/woollen	2
w UH l ER d	woolard/woollard	2
w UH l f IH n b AA r g ER	wolfenbarger/wolfinbarger	2
w UH l f r AH m	wolfrom/wolfrum	2
w UH l f s	wolf's/wolfe's	2
w UH l v ER t AH n	wolverton/woolverton	2
z AA d AH k	zadoc/zadok	2
z AA k IY	zachi/zaki	2
z AA l ER	zahler/zoller	2
z AA p AH t IY s t AH z	zapatista's/zapatistas	2
z AA r IY	zarre(2)/zary	2
z AA r z	czar's/czars	2
z AE k s	zack's/zacks	2
z AE n	zahn/zan	2
z AE n d IY	zandi(2)/zandy	2
z AE n t	zandt/zant	2
z AE p	zap/zapp	2
z AE r AH	zara/zarah	2
z AH k	zuck/zuk	2
z AH l EH s k IY	zaleski/zalesky	2
z AH r EH l AH	zarella/zirella	2
z AO n	zaun/zon	2
z AO r AH	zora/zorah	2
z AY AH k	zajac/zayac	2
z AY AH n	zeien/zion	2
z AY IH r AH n z	zairean's/zaireans	2
z AY IH r IY AH n z	zairian's/zairians	2
z AY g AH l ER	zeigler/zigler	2
z AY g l ER	zeigler(2)/zigler(2)	2
z AY s ER	zaiser/zeiser	2
z EH NG	zeng/zheng	2
z EH d IH l OW z	zedillo's(2)/zedillos(2)	2
z EH k	zech/zeck	2
z EH l AH t s	zealots/zelotes	2
z EH l ER z	zellars/zellers	2
z EH l m AH n	zellman/zelman	2
z EH n d ER	zehnder/zender	2
z EH n z	zens/zenz	2
z EH t AH l	zettel/zettle	2
z ER k AH l	zirkel/zirkle	2
z EY d IY OW z	zedillo's/zedillos	2
z EY n	zain/zane	2
z IH g z AE g	zig-zag/zigzag	2
z IH g z AE g d	zig-zagged/zigzagged	2
z IH l	zil/zill	2
z IH l IH n s k IY	zelinski/zelinsky	2
z IH l m ER	zillmer/zilmer	2
z IH m ER m AH n	zimmerman/zimmermann	2
z IH n d AH	zinda/zynda	2
z IH p	zip/zipp	2
z IH p k AA r z	zipcar's/zipcars	2
z IH r	zerr/zier	2
z IH r AA k s IH z	xerox's/xeroxes	2
z IH r b IY	zerbe(2)/zerby	2
z IY AE d	ziad/ziyad	2
z IY b EH l	zebell/ziebell	2
z IY g ER	zeger/zieger	2
z IY g l ER	zeagler/ziegler	2
z IY k	zeek/zeke	2
z IY l AH n d	zealand/zeeland	2
z IY n AH	xena/zena	2
z IY n IY AH	xenia/zinia	2
z IY r OW z	zero's(2)/zeroes(2)	2
z IY t s	zeitz/zietz	2
z OW n	zohn/zone	2
z UW d AO NG	xudong/xuedong	2
z UW k ER	zucker(2)/zuker	2
z UW k ER m AH n	zuckerman(2)/zukerman	2
z UW l k	zuelke/zuhlke	2
z l AA t AH	zlata/zlata(2)	2
z l AA t AH z	zlata's/zlata's(2)	2
